{
	"credit": "Made with Blockbench",
	"textures": {
		"voxels_palette": "blocks/Vend/voxels_palette"
	},
	"elements": [
		{
			"name": "Voxels-003543",
			"from": [3.25, 0, -2],
			"to": [11, 21.25, -1.25],
			"faces": {
				"north": {"uv": [4.96, 0.96, 7.04, 3.04], "texture": "#voxels_palette"},
				"east": {"uv": [4.96, 0.96, 7.04, 3.04], "texture": "#voxels_palette"},
				"south": {"uv": [4.96, 0.96, 7.04, 3.04], "texture": "#voxels_palette"},
				"west": {"uv": [4.96, 0.96, 7.04, 3.04], "texture": "#voxels_palette"},
				"up": {"uv": [4.96, 0.96, 7.04, 3.04], "texture": "#voxels_palette"},
				"down": {"uv": [4.96, 0.96, 7.04, 3.04], "texture": "#voxels_palette"}
			}
		},
		{
			"name": "Voxels-003543",
			"from": [3.25, 0, 17.5],
			"to": [11, 21.25, 18.25],
			"faces": {
				"north": {"uv": [4.96, 0.96, 7.04, 3.04], "texture": "#voxels_palette"},
				"east": {"uv": [4.96, 0.96, 7.04, 3.04], "texture": "#voxels_palette"},
				"south": {"uv": [4.96, 0.96, 7.04, 3.04], "texture": "#voxels_palette"},
				"west": {"uv": [4.96, 0.96, 7.04, 3.04], "texture": "#voxels_palette"},
				"up": {"uv": [4.96, 0.96, 7.04, 3.04], "texture": "#voxels_palette"},
				"down": {"uv": [4.96, 0.96, 7.04, 3.04], "texture": "#voxels_palette"}
			}
		},
		{
			"name": "Voxels-5B5B5B",
			"from": [3.25, 21.25, -2],
			"to": [11, 26.75, -1.25],
			"faces": {
				"north": {"uv": [8.96, 4.96, 11.04, 7.04], "texture": "#voxels_palette"},
				"east": {"uv": [8.96, 4.96, 11.04, 7.04], "texture": "#voxels_palette"},
				"south": {"uv": [8.96, 4.96, 11.04, 7.04], "texture": "#voxels_palette"},
				"west": {"uv": [8.96, 4.96, 11.04, 7.04], "texture": "#voxels_palette"},
				"up": {"uv": [8.96, 4.96, 11.04, 7.04], "texture": "#voxels_palette"}
			}
		},
		{
			"name": "Voxels-5B5B5B",
			"from": [3.25, 21.25, 17.5],
			"to": [11, 26.75, 18.25],
			"faces": {
				"north": {"uv": [8.96, 4.96, 11.04, 7.04], "texture": "#voxels_palette"},
				"east": {"uv": [8.96, 4.96, 11.04, 7.04], "texture": "#voxels_palette"},
				"south": {"uv": [8.96, 4.96, 11.04, 7.04], "texture": "#voxels_palette"},
				"west": {"uv": [8.96, 4.96, 11.04, 7.04], "texture": "#voxels_palette"},
				"up": {"uv": [8.96, 4.96, 11.04, 7.04], "texture": "#voxels_palette"},
				"down": {"uv": [8.96, 4.96, 11.04, 7.04], "texture": "#voxels_palette"}
			}
		},
		{
			"name": "Voxels-5B5B5B",
			"from": [3.25, 26.5, -1.75],
			"to": [11, 27, -1.5],
			"faces": {
				"north": {"uv": [8.96, 4.96, 11.04, 7.04], "texture": "#voxels_palette"},
				"east": {"uv": [8.96, 4.96, 11.04, 7.04], "texture": "#voxels_palette"},
				"south": {"uv": [8.96, 4.96, 11.04, 7.04], "texture": "#voxels_palette"},
				"west": {"uv": [8.96, 4.96, 11.04, 7.04], "texture": "#voxels_palette"},
				"up": {"uv": [8.96, 4.96, 11.04, 7.04], "texture": "#voxels_palette"}
			}
		},
		{
			"name": "Voxels-5B5B5B",
			"from": [3.25, 26.5, 17.75],
			"to": [11, 27, 18],
			"faces": {
				"north": {"uv": [8.96, 4.96, 11.04, 7.04], "texture": "#voxels_palette"},
				"east": {"uv": [8.96, 4.96, 11.04, 7.04], "texture": "#voxels_palette"},
				"south": {"uv": [8.96, 4.96, 11.04, 7.04], "texture": "#voxels_palette"},
				"west": {"uv": [8.96, 4.96, 11.04, 7.04], "texture": "#voxels_palette"},
				"up": {"uv": [8.96, 4.96, 11.04, 7.04], "texture": "#voxels_palette"}
			}
		},
		{
			"name": "Voxels-5B5B5B",
			"from": [3.25, 26.5, -1.5],
			"to": [11, 27.25, 17.5],
			"faces": {
				"north": {"uv": [8.96, 4.96, 11.04, 7.04], "texture": "#voxels_palette"},
				"east": {"uv": [8.96, 4.96, 11.04, 7.04], "texture": "#voxels_palette"},
				"south": {"uv": [8.96, 4.96, 11.04, 7.04], "texture": "#voxels_palette"},
				"west": {"uv": [8.96, 4.96, 11.04, 7.04], "texture": "#voxels_palette"},
				"up": {"uv": [8.96, 4.96, 11.04, 7.04], "texture": "#voxels_palette"},
				"down": {"uv": [8.96, 4.96, 11.04, 7.04], "texture": "#voxels_palette"}
			}
		},
		{
			"name": "Voxels-5B5B5B",
			"from": [3.25, 26.75, 17.5],
			"to": [11, 27.25, 17.75],
			"faces": {
				"north": {"uv": [8.96, 4.96, 11.04, 7.04], "texture": "#voxels_palette"},
				"east": {"uv": [8.96, 4.96, 11.04, 7.04], "texture": "#voxels_palette"},
				"south": {"uv": [8.96, 4.96, 11.04, 7.04], "texture": "#voxels_palette"},
				"west": {"uv": [8.96, 4.96, 11.04, 7.04], "texture": "#voxels_palette"},
				"up": {"uv": [8.96, 4.96, 11.04, 7.04], "texture": "#voxels_palette"}
			}
		},
		{
			"name": "Voxels-003543",
			"from": [4.75, 8.5, -0.5],
			"to": [9.5, 14.5, -0.25],
			"faces": {
				"east": {"uv": [4.96, 0.96, 7.04, 3.04], "texture": "#voxels_palette"},
				"south": {"uv": [4.96, 0.96, 7.04, 3.04], "texture": "#voxels_palette"}
			}
		},
		{
			"name": "Voxels-2B2B2B",
			"from": [6.75, 15.25, 0.5],
			"to": [8.75, 16.25, 0.75],
			"faces": {
				"south": {"uv": [12.96, 0.96, 15.04, 3.04], "texture": "#voxels_palette"},
				"west": {"uv": [12.96, 0.96, 15.04, 3.04], "texture": "#voxels_palette"},
				"up": {"uv": [12.96, 0.96, 15.04, 3.04], "texture": "#voxels_palette"}
			}
		},
		{
			"name": "Voxels-2B2B2B",
			"from": [6.75, 15.25, 0.75],
			"to": [7, 22.5, 7],
			"faces": {
				"north": {"uv": [12.96, 0.96, 15.04, 3.04], "texture": "#voxels_palette"},
				"east": {"uv": [12.96, 0.96, 15.04, 3.04], "texture": "#voxels_palette"},
				"south": {"uv": [12.96, 0.96, 15.04, 3.04], "texture": "#voxels_palette"},
				"west": {"uv": [12.96, 0.96, 15.04, 3.04], "texture": "#voxels_palette"}
			}
		},
		{
			"name": "Voxels-2B2B2B",
			"from": [7, 16.25, 0.5],
			"to": [9.75, 22.5, 0.75],
			"faces": {
				"north": {"uv": [12.96, 0.96, 15.04, 3.04], "texture": "#voxels_palette"},
				"east": {"uv": [12.96, 0.96, 15.04, 3.04], "texture": "#voxels_palette"},
				"south": {"uv": [12.96, 0.96, 15.04, 3.04], "texture": "#voxels_palette"},
				"west": {"uv": [12.96, 0.96, 15.04, 3.04], "texture": "#voxels_palette"},
				"down": {"uv": [12.96, 0.96, 15.04, 3.04], "texture": "#voxels_palette"}
			}
		},
		{
			"name": "Voxels-5B5B5B",
			"from": [7, 16, 7.25],
			"to": [10.25, 22.75, 7.5],
			"faces": {
				"north": {"uv": [8.96, 4.96, 11.04, 7.04], "texture": "#voxels_palette"},
				"east": {"uv": [8.96, 4.96, 11.04, 7.04], "texture": "#voxels_palette"},
				"south": {"uv": [8.96, 4.96, 11.04, 7.04], "texture": "#voxels_palette"},
				"up": {"uv": [8.96, 4.96, 11.04, 7.04], "texture": "#voxels_palette"},
				"down": {"uv": [8.96, 4.96, 11.04, 7.04], "texture": "#voxels_palette"}
			}
		},
		{
			"name": "Voxels-5B5B5B",
			"from": [7, 21.25, 7.5],
			"to": [10, 23, 7.75],
			"faces": {
				"north": {"uv": [8.96, 4.96, 11.04, 7.04], "texture": "#voxels_palette"},
				"east": {"uv": [8.96, 4.96, 11.04, 7.04], "texture": "#voxels_palette"},
				"south": {"uv": [8.96, 4.96, 11.04, 7.04], "texture": "#voxels_palette"},
				"up": {"uv": [8.96, 4.96, 11.04, 7.04], "texture": "#voxels_palette"},
				"down": {"uv": [8.96, 4.96, 11.04, 7.04], "texture": "#voxels_palette"}
			}
		},
		{
			"name": "Voxels-5B5B5B",
			"from": [7, 22.5, 0.25],
			"to": [10, 23.25, 7.5],
			"faces": {
				"east": {"uv": [8.96, 4.96, 11.04, 7.04], "texture": "#voxels_palette"},
				"up": {"uv": [8.96, 4.96, 11.04, 7.04], "texture": "#voxels_palette"}
			}
		},
		{
			"name": "Voxels-003543",
			"from": [9, 0.75, 16.25],
			"to": [9.75, 1, 17.25],
			"faces": {
				"up": {"uv": [4.96, 0.96, 7.04, 3.04], "texture": "#voxels_palette"}
			}
		},
		{
			"name": "Voxels-1B1B1B",
			"from": [9, 1, 16.25],
			"to": [9.5, 4.5, 16.5],
			"faces": {
				"north": {"uv": [12.96, 4.96, 15.04, 7.04], "texture": "#voxels_palette"},
				"east": {"uv": [12.96, 4.96, 15.04, 7.04], "texture": "#voxels_palette"}
			}
		},
		{
			"name": "Voxels-003543",
			"from": [9, 4.5, 16.25],
			"to": [9.5, 5.25, 16.5],
			"faces": {
				"north": {"uv": [4.96, 0.96, 7.04, 3.04], "texture": "#voxels_palette"}
			}
		},
		{
			"name": "Voxels-2B2B2B",
			"from": [7, 16, 0.75],
			"to": [9.75, 16.25, 7],
			"faces": {
				"up": {"uv": [12.96, 0.96, 15.04, 3.04], "texture": "#voxels_palette"}
			}
		},
		{
			"name": "Voxels-2B2B2B",
			"from": [6.75, 16.25, 7],
			"to": [9.75, 22.5, 7.25],
			"faces": {
				"north": {"uv": [12.96, 0.96, 15.04, 3.04], "texture": "#voxels_palette"},
				"south": {"uv": [12.96, 0.96, 15.04, 3.04], "texture": "#voxels_palette"}
			}
		},
		{
			"name": "Voxels-2B2B2B",
			"from": [9.25, 1, -1],
			"to": [9.75, 4.5, 17.25],
			"faces": {
				"north": {"uv": [12.96, 0.96, 15.04, 3.04], "texture": "#voxels_palette"},
				"east": {"uv": [12.96, 0.96, 15.04, 3.04], "texture": "#voxels_palette"},
				"south": {"uv": [12.96, 0.96, 15.04, 3.04], "texture": "#voxels_palette"},
				"west": {"uv": [12.96, 0.96, 15.04, 3.04], "texture": "#voxels_palette"},
				"up": {"uv": [12.96, 0.96, 15.04, 3.04], "texture": "#voxels_palette"},
				"down": {"uv": [12.96, 0.96, 15.04, 3.04], "texture": "#voxels_palette"}
			}
		},
		{
			"name": "Voxels-2B2B2B",
			"from": [9.5, 5, -1],
			"to": [10, 9, 17.25],
			"faces": {
				"north": {"uv": [12.96, 0.96, 15.04, 3.04], "texture": "#voxels_palette"},
				"east": {"uv": [12.96, 0.96, 15.04, 3.04], "texture": "#voxels_palette"},
				"west": {"uv": [12.96, 0.96, 15.04, 3.04], "texture": "#voxels_palette"},
				"up": {"uv": [12.96, 0.96, 15.04, 3.04], "texture": "#voxels_palette"},
				"down": {"uv": [12.96, 0.96, 15.04, 3.04], "texture": "#voxels_palette"}
			}
		},
		{
			"name": "Voxels-2B2B2B",
			"from": [9.5, 8.5, -0.5],
			"to": [10, 9, -0.25],
			"faces": {
				"north": {"uv": [12.96, 0.96, 15.04, 3.04], "texture": "#voxels_palette"},
				"east": {"uv": [12.96, 0.96, 15.04, 3.04], "texture": "#voxels_palette"},
				"up": {"uv": [12.96, 0.96, 15.04, 3.04], "texture": "#voxels_palette"}
			}
		},
		{
			"name": "Voxels-003543",
			"from": [9.5, 9, -1],
			"to": [9.75, 15.5, 9.75],
			"faces": {
				"east": {"uv": [4.96, 0.96, 7.04, 3.04], "texture": "#voxels_palette"},
				"south": {"uv": [4.96, 0.96, 7.04, 3.04], "texture": "#voxels_palette"},
				"west": {"uv": [4.96, 0.96, 7.04, 3.04], "texture": "#voxels_palette"},
				"up": {"uv": [4.96, 0.96, 7.04, 3.04], "texture": "#voxels_palette"},
				"down": {"uv": [4.96, 0.96, 7.04, 3.04], "texture": "#voxels_palette"}
			}
		},
		{
			"name": "Voxels-003543",
			"from": [9.5, 9, 9.75],
			"to": [10, 9.75, 16],
			"faces": {
				"north": {"uv": [4.96, 0.96, 7.04, 3.04], "texture": "#voxels_palette"},
				"east": {"uv": [4.96, 0.96, 7.04, 3.04], "texture": "#voxels_palette"},
				"south": {"uv": [4.96, 0.96, 7.04, 3.04], "texture": "#voxels_palette"},
				"west": {"uv": [4.96, 0.96, 7.04, 3.04], "texture": "#voxels_palette"},
				"up": {"uv": [4.96, 0.96, 7.04, 3.04], "texture": "#voxels_palette"},
				"down": {"uv": [4.96, 0.96, 7.04, 3.04], "texture": "#voxels_palette"}
			}
		},
		{
			"name": "Voxels-D3FFFB",
			"from": [9.5, 9.75, 9.75],
			"to": [9.75, 23.5, 15.25],
			"faces": {
				"north": {"uv": [12.96, 8.96, 15.04, 11.04], "texture": "#voxels_palette"},
				"east": {"uv": [12.96, 8.96, 15.04, 11.04], "texture": "#voxels_palette"},
				"south": {"uv": [12.96, 8.96, 15.04, 11.04], "texture": "#voxels_palette"},
				"west": {"uv": [12.96, 8.96, 15.04, 11.04], "texture": "#voxels_palette"}
			}
		},
		{
			"name": "Voxels-003543",
			"from": [9.5, 9.75, 15.25],
			"to": [10, 21.25, 15.5],
			"faces": {
				"north": {"uv": [4.96, 0.96, 7.04, 3.04], "texture": "#voxels_palette"},
				"east": {"uv": [4.96, 0.96, 7.04, 3.04], "texture": "#voxels_palette"},
				"south": {"uv": [4.96, 0.96, 7.04, 3.04], "texture": "#voxels_palette"},
				"west": {"uv": [4.96, 0.96, 7.04, 3.04], "texture": "#voxels_palette"},
				"up": {"uv": [4.96, 0.96, 7.04, 3.04], "texture": "#voxels_palette"}
			}
		},
		{
			"name": "Voxels-003543",
			"from": [9.5, 5, 15.5],
			"to": [9.75, 21.25, 17.5],
			"faces": {
				"east": {"uv": [4.96, 0.96, 7.04, 3.04], "texture": "#voxels_palette"}
			}
		},
		{
			"name": "Voxels-252525",
			"from": [9.75, 1.5, -1],
			"to": [10.25, 2, 17.25],
			"faces": {
				"east": {"uv": [0.96, 8.96, 3.04, 11.04], "texture": "#voxels_palette"},
				"west": {"uv": [0.96, 8.96, 3.04, 11.04], "texture": "#voxels_palette"},
				"up": {"uv": [0.96, 8.96, 3.04, 11.04], "texture": "#voxels_palette"},
				"down": {"uv": [0.96, 8.96, 3.04, 11.04], "texture": "#voxels_palette"}
			}
		},
		{
			"name": "Voxels-252525",
			"from": [9.75, 2.5, -1],
			"to": [10.25, 3, 17.25],
			"faces": {
				"east": {"uv": [0.96, 8.96, 3.04, 11.04], "texture": "#voxels_palette"},
				"west": {"uv": [0.96, 8.96, 3.04, 11.04], "texture": "#voxels_palette"},
				"up": {"uv": [0.96, 8.96, 3.04, 11.04], "texture": "#voxels_palette"},
				"down": {"uv": [0.96, 8.96, 3.04, 11.04], "texture": "#voxels_palette"}
			}
		},
		{
			"name": "Voxels-252525",
			"from": [9.75, 3.5, -1],
			"to": [10.25, 4, 17.25],
			"faces": {
				"east": {"uv": [0.96, 8.96, 3.04, 11.04], "texture": "#voxels_palette"},
				"west": {"uv": [0.96, 8.96, 3.04, 11.04], "texture": "#voxels_palette"},
				"up": {"uv": [0.96, 8.96, 3.04, 11.04], "texture": "#voxels_palette"},
				"down": {"uv": [0.96, 8.96, 3.04, 11.04], "texture": "#voxels_palette"}
			}
		},
		{
			"name": "Voxels-252525",
			"from": [9.75, 4.5, -1],
			"to": [10.25, 5, 17.25],
			"faces": {
				"east": {"uv": [0.96, 8.96, 3.04, 11.04], "texture": "#voxels_palette"},
				"south": {"uv": [0.96, 8.96, 3.04, 11.04], "texture": "#voxels_palette"},
				"west": {"uv": [0.96, 8.96, 3.04, 11.04], "texture": "#voxels_palette"},
				"up": {"uv": [0.96, 8.96, 3.04, 11.04], "texture": "#voxels_palette"},
				"down": {"uv": [0.96, 8.96, 3.04, 11.04], "texture": "#voxels_palette"}
			}
		},
		{
			"name": "Voxels-2B2B2B",
			"from": [9.75, 5, -0.25],
			"to": [10, 5.5, 0],
			"faces": {
				"east": {"uv": [12.96, 0.96, 15.04, 3.04], "texture": "#voxels_palette"},
				"south": {"uv": [12.96, 0.96, 15.04, 3.04], "texture": "#voxels_palette"}
			}
		},
		{
			"name": "Voxels-003543",
			"from": [9.75, 9, 9],
			"to": [10, 24.25, 9.75],
			"faces": {
				"north": {"uv": [4.96, 0.96, 7.04, 3.04], "texture": "#voxels_palette"},
				"east": {"uv": [4.96, 0.96, 7.04, 3.04], "texture": "#voxels_palette"},
				"south": {"uv": [4.96, 0.96, 7.04, 3.04], "texture": "#voxels_palette"},
				"west": {"uv": [4.96, 0.96, 7.04, 3.04], "texture": "#voxels_palette"},
				"up": {"uv": [4.96, 0.96, 7.04, 3.04], "texture": "#voxels_palette"}
			}
		},
		{
			"name": "Voxels-444444",
			"from": [9.75, 12, 2.5],
			"to": [10, 15.25, 5.25],
			"faces": {
				"north": {"uv": [0.96, 12.96, 3.04, 15.04], "texture": "#voxels_palette"},
				"east": {"uv": [0.96, 12.96, 3.04, 15.04], "texture": "#voxels_palette"},
				"south": {"uv": [0.96, 12.96, 3.04, 15.04], "texture": "#voxels_palette"},
				"west": {"uv": [0.96, 12.96, 3.04, 15.04], "texture": "#voxels_palette"},
				"up": {"uv": [0.96, 12.96, 3.04, 15.04], "texture": "#voxels_palette"},
				"down": {"uv": [0.96, 12.96, 3.04, 15.04], "texture": "#voxels_palette"}
			}
		},
		{
			"name": "Voxels-444444",
			"from": [9.75, 12.5, 1.25],
			"to": [10.25, 14.75, 1.5],
			"faces": {
				"north": {"uv": [0.96, 12.96, 3.04, 15.04], "texture": "#voxels_palette"},
				"east": {"uv": [0.96, 12.96, 3.04, 15.04], "texture": "#voxels_palette"},
				"south": {"uv": [0.96, 12.96, 3.04, 15.04], "texture": "#voxels_palette"},
				"west": {"uv": [0.96, 12.96, 3.04, 15.04], "texture": "#voxels_palette"},
				"up": {"uv": [0.96, 12.96, 3.04, 15.04], "texture": "#voxels_palette"},
				"down": {"uv": [0.96, 12.96, 3.04, 15.04], "texture": "#voxels_palette"}
			}
		},
		{
			"name": "Voxels-444444",
			"from": [9.75, 12.5, 1.5],
			"to": [10.25, 12.75, 2],
			"faces": {
				"east": {"uv": [0.96, 12.96, 3.04, 15.04], "texture": "#voxels_palette"},
				"south": {"uv": [0.96, 12.96, 3.04, 15.04], "texture": "#voxels_palette"},
				"up": {"uv": [0.96, 12.96, 3.04, 15.04], "texture": "#voxels_palette"},
				"down": {"uv": [0.96, 12.96, 3.04, 15.04], "texture": "#voxels_palette"}
			}
		},
		{
			"name": "Voxels-3C3C3C",
			"from": [9.75, 12.75, 1.5],
			"to": [10, 14.5, 1.75],
			"faces": {
				"east": {"uv": [4.96, 12.96, 7.04, 15.04], "texture": "#voxels_palette"}
			}
		},
		{
			"name": "Voxels-444444",
			"from": [9.75, 12.75, 1.75],
			"to": [10.25, 14.75, 2],
			"faces": {
				"north": {"uv": [0.96, 12.96, 3.04, 15.04], "texture": "#voxels_palette"},
				"east": {"uv": [0.96, 12.96, 3.04, 15.04], "texture": "#voxels_palette"},
				"south": {"uv": [0.96, 12.96, 3.04, 15.04], "texture": "#voxels_palette"},
				"west": {"uv": [0.96, 12.96, 3.04, 15.04], "texture": "#voxels_palette"},
				"up": {"uv": [0.96, 12.96, 3.04, 15.04], "texture": "#voxels_palette"}
			}
		},
		{
			"name": "Voxels-F6DAFF",
			"from": [9.79, 14, 3],
			"to": [10.04, 14.75, 3.75],
			"faces": {
				"north": {"uv": [8.96, 12.96, 11.04, 15.04], "texture": "#voxels_palette"},
				"east": {"uv": [8.96, 12.96, 11.04, 15.04], "texture": "#voxels_palette"},
				"south": {"uv": [8.96, 12.96, 11.04, 15.04], "texture": "#voxels_palette"},
				"west": {"uv": [8.96, 12.96, 11.04, 15.04], "texture": "#voxels_palette"}
			}
		},
		{
			"name": "Voxels-444444",
			"from": [9.75, 14, 3.5],
			"to": [10.25, 14.25, 4.25],
			"faces": {
				"north": {"uv": [0.96, 12.96, 3.04, 15.04], "texture": "#voxels_palette"},
				"east": {"uv": [0.96, 12.96, 3.04, 15.04], "texture": "#voxels_palette"},
				"south": {"uv": [0.96, 12.96, 3.04, 15.04], "texture": "#voxels_palette"},
				"up": {"uv": [0.96, 12.96, 3.04, 15.04], "texture": "#voxels_palette"},
				"down": {"uv": [0.96, 12.96, 3.04, 15.04], "texture": "#voxels_palette"}
			}
		},
		{
			"name": "Voxels-00A7F4",
			"from": [9.76, 14, 4],
			"to": [10.01, 14.75, 4.75],
			"faces": {
				"north": {"uv": [12.96, 12.96, 15.04, 15.04], "texture": "#voxels_palette"},
				"east": {"uv": [12.96, 12.96, 15.04, 15.04], "texture": "#voxels_palette"},
				"south": {"uv": [12.96, 12.96, 15.04, 15.04], "texture": "#voxels_palette"},
				"west": {"uv": [12.96, 12.96, 15.04, 15.04], "texture": "#voxels_palette"}
			}
		},
		{
			"name": "Voxels-444444",
			"from": [9.75, 14, 4.5],
			"to": [10.25, 14.25, 5],
			"faces": {
				"north": {"uv": [0.96, 12.96, 3.04, 15.04], "texture": "#voxels_palette"},
				"east": {"uv": [0.96, 12.96, 3.04, 15.04], "texture": "#voxels_palette"},
				"south": {"uv": [0.96, 12.96, 3.04, 15.04], "texture": "#voxels_palette"},
				"up": {"uv": [0.96, 12.96, 3.04, 15.04], "texture": "#voxels_palette"},
				"down": {"uv": [0.96, 12.96, 3.04, 15.04], "texture": "#voxels_palette"}
			}
		},
		{
			"name": "Voxels-444444",
			"from": [9.75, 14.25, 3.75],
			"to": [10.25, 15, 4],
			"faces": {
				"north": {"uv": [0.96, 12.96, 3.04, 15.04], "texture": "#voxels_palette"},
				"east": {"uv": [0.96, 12.96, 3.04, 15.04], "texture": "#voxels_palette"},
				"south": {"uv": [0.96, 12.96, 3.04, 15.04], "texture": "#voxels_palette"},
				"west": {"uv": [0.96, 12.96, 3.04, 15.04], "texture": "#voxels_palette"},
				"up": {"uv": [0.96, 12.96, 3.04, 15.04], "texture": "#voxels_palette"}
			}
		},
		{
			"name": "Voxels-444444",
			"from": [9.75, 14.25, 4.75],
			"to": [10.25, 15, 5],
			"faces": {
				"north": {"uv": [0.96, 12.96, 3.04, 15.04], "texture": "#voxels_palette"},
				"east": {"uv": [0.96, 12.96, 3.04, 15.04], "texture": "#voxels_palette"},
				"south": {"uv": [0.96, 12.96, 3.04, 15.04], "texture": "#voxels_palette"},
				"west": {"uv": [0.96, 12.96, 3.04, 15.04], "texture": "#voxels_palette"},
				"up": {"uv": [0.96, 12.96, 3.04, 15.04], "texture": "#voxels_palette"}
			}
		},
		{
			"name": "Voxels-444444",
			"from": [9.75, 14.5, 1.5],
			"to": [10.25, 14.75, 1.75],
			"faces": {
				"east": {"uv": [0.96, 12.96, 3.04, 15.04], "texture": "#voxels_palette"},
				"up": {"uv": [0.96, 12.96, 3.04, 15.04], "texture": "#voxels_palette"},
				"down": {"uv": [0.96, 12.96, 3.04, 15.04], "texture": "#voxels_palette"}
			}
		},
		{
			"name": "Voxels-444444",
			"from": [9.75, 14.5, 3],
			"to": [10.25, 15, 3.25],
			"faces": {
				"north": {"uv": [0.96, 12.96, 3.04, 15.04], "texture": "#voxels_palette"},
				"east": {"uv": [0.96, 12.96, 3.04, 15.04], "texture": "#voxels_palette"},
				"south": {"uv": [0.96, 12.96, 3.04, 15.04], "texture": "#voxels_palette"},
				"up": {"uv": [0.96, 12.96, 3.04, 15.04], "texture": "#voxels_palette"},
				"down": {"uv": [0.96, 12.96, 3.04, 15.04], "texture": "#voxels_palette"}
			}
		},
		{
			"name": "Voxels-444444",
			"from": [9.75, 14.5, 3.5],
			"to": [10.25, 15, 3.75],
			"faces": {
				"north": {"uv": [0.96, 12.96, 3.04, 15.04], "texture": "#voxels_palette"},
				"east": {"uv": [0.96, 12.96, 3.04, 15.04], "texture": "#voxels_palette"},
				"up": {"uv": [0.96, 12.96, 3.04, 15.04], "texture": "#voxels_palette"},
				"down": {"uv": [0.96, 12.96, 3.04, 15.04], "texture": "#voxels_palette"}
			}
		},
		{
			"name": "Voxels-444444",
			"from": [9.75, 14.5, 4],
			"to": [10.25, 15, 4.25],
			"faces": {
				"east": {"uv": [0.96, 12.96, 3.04, 15.04], "texture": "#voxels_palette"},
				"south": {"uv": [0.96, 12.96, 3.04, 15.04], "texture": "#voxels_palette"},
				"up": {"uv": [0.96, 12.96, 3.04, 15.04], "texture": "#voxels_palette"},
				"down": {"uv": [0.96, 12.96, 3.04, 15.04], "texture": "#voxels_palette"}
			}
		},
		{
			"name": "Voxels-444444",
			"from": [9.75, 14.5, 4.5],
			"to": [10.25, 15, 4.75],
			"faces": {
				"north": {"uv": [0.96, 12.96, 3.04, 15.04], "texture": "#voxels_palette"},
				"east": {"uv": [0.96, 12.96, 3.04, 15.04], "texture": "#voxels_palette"},
				"up": {"uv": [0.96, 12.96, 3.04, 15.04], "texture": "#voxels_palette"},
				"down": {"uv": [0.96, 12.96, 3.04, 15.04], "texture": "#voxels_palette"}
			}
		},
		{
			"name": "Voxels-444444",
			"from": [9.75, 14.75, 3.25],
			"to": [10.25, 15, 3.5],
			"faces": {
				"east": {"uv": [0.96, 12.96, 3.04, 15.04], "texture": "#voxels_palette"},
				"up": {"uv": [0.96, 12.96, 3.04, 15.04], "texture": "#voxels_palette"},
				"down": {"uv": [0.96, 12.96, 3.04, 15.04], "texture": "#voxels_palette"}
			}
		},
		{
			"name": "Voxels-444444",
			"from": [9.75, 14.75, 4.25],
			"to": [10.25, 15, 4.5],
			"faces": {
				"east": {"uv": [0.96, 12.96, 3.04, 15.04], "texture": "#voxels_palette"},
				"up": {"uv": [0.96, 12.96, 3.04, 15.04], "texture": "#voxels_palette"},
				"down": {"uv": [0.96, 12.96, 3.04, 15.04], "texture": "#voxels_palette"}
			}
		},
		{
			"name": "Voxels-5B5B5B",
			"from": [9.75, 15.5, 0.25],
			"to": [10, 16.5, 0.75],
			"faces": {
				"north": {"uv": [8.96, 4.96, 11.04, 7.04], "texture": "#voxels_palette"},
				"east": {"uv": [8.96, 4.96, 11.04, 7.04], "texture": "#voxels_palette"},
				"south": {"uv": [8.96, 4.96, 11.04, 7.04], "texture": "#voxels_palette"},
				"west": {"uv": [8.96, 4.96, 11.04, 7.04], "texture": "#voxels_palette"},
				"up": {"uv": [8.96, 4.96, 11.04, 7.04], "texture": "#voxels_palette"},
				"down": {"uv": [8.96, 4.96, 11.04, 7.04], "texture": "#voxels_palette"}
			}
		},
		{
			"name": "Voxels-5B5B5B",
			"from": [9.75, 15.5, 0.75],
			"to": [10, 16.25, 7.5],
			"faces": {
				"east": {"uv": [8.96, 4.96, 11.04, 7.04], "texture": "#voxels_palette"},
				"south": {"uv": [8.96, 4.96, 11.04, 7.04], "texture": "#voxels_palette"},
				"west": {"uv": [8.96, 4.96, 11.04, 7.04], "texture": "#voxels_palette"},
				"up": {"uv": [8.96, 4.96, 11.04, 7.04], "texture": "#voxels_palette"},
				"down": {"uv": [8.96, 4.96, 11.04, 7.04], "texture": "#voxels_palette"}
			}
		},
		{
			"name": "Voxels-5B5B5B",
			"from": [9.75, 15.75, 0],
			"to": [10, 23, 0.5],
			"faces": {
				"north": {"uv": [8.96, 4.96, 11.04, 7.04], "texture": "#voxels_palette"},
				"east": {"uv": [8.96, 4.96, 11.04, 7.04], "texture": "#voxels_palette"},
				"south": {"uv": [8.96, 4.96, 11.04, 7.04], "texture": "#voxels_palette"},
				"west": {"uv": [8.96, 4.96, 11.04, 7.04], "texture": "#voxels_palette"},
				"up": {"uv": [8.96, 4.96, 11.04, 7.04], "texture": "#voxels_palette"},
				"down": {"uv": [8.96, 4.96, 11.04, 7.04], "texture": "#voxels_palette"}
			}
		},
		{
			"name": "Voxels-5B5B5B",
			"from": [9.75, 15.75, 7.5],
			"to": [10, 21.25, 7.75],
			"faces": {
				"north": {"uv": [8.96, 4.96, 11.04, 7.04], "texture": "#voxels_palette"},
				"east": {"uv": [8.96, 4.96, 11.04, 7.04], "texture": "#voxels_palette"},
				"south": {"uv": [8.96, 4.96, 11.04, 7.04], "texture": "#voxels_palette"},
				"down": {"uv": [8.96, 4.96, 11.04, 7.04], "texture": "#voxels_palette"}
			}
		},
		{
			"name": "Voxels-5B5B5B",
			"from": [9.75, 16.25, 7],
			"to": [10, 22.5, 7.25],
			"faces": {
				"north": {"uv": [8.96, 4.96, 11.04, 7.04], "texture": "#voxels_palette"},
				"east": {"uv": [8.96, 4.96, 11.04, 7.04], "texture": "#voxels_palette"},
				"south": {"uv": [8.96, 4.96, 11.04, 7.04], "texture": "#voxels_palette"}
			}
		},
		{
			"name": "Voxels-5B5B5B",
			"from": [9.75, 16.5, 0.5],
			"to": [10, 22.5, 0.75],
			"faces": {
				"north": {"uv": [8.96, 4.96, 11.04, 7.04], "texture": "#voxels_palette"},
				"east": {"uv": [8.96, 4.96, 11.04, 7.04], "texture": "#voxels_palette"},
				"south": {"uv": [8.96, 4.96, 11.04, 7.04], "texture": "#voxels_palette"}
			}
		},
		{
			"name": "Voxels-003543",
			"from": [9.75, 21.25, 15.25],
			"to": [10, 24.25, 16],
			"faces": {
				"north": {"uv": [4.96, 0.96, 7.04, 3.04], "texture": "#voxels_palette"},
				"east": {"uv": [4.96, 0.96, 7.04, 3.04], "texture": "#voxels_palette"},
				"south": {"uv": [4.96, 0.96, 7.04, 3.04], "texture": "#voxels_palette"},
				"up": {"uv": [4.96, 0.96, 7.04, 3.04], "texture": "#voxels_palette"},
				"down": {"uv": [4.96, 0.96, 7.04, 3.04], "texture": "#voxels_palette"}
			}
		},
		{
			"name": "Voxels-5B5B5B",
			"from": [9.75, 22.5, 0.75],
			"to": [10, 22.75, 7],
			"faces": {
				"east": {"uv": [8.96, 4.96, 11.04, 7.04], "texture": "#voxels_palette"},
				"down": {"uv": [8.96, 4.96, 11.04, 7.04], "texture": "#voxels_palette"}
			}
		},
		{
			"name": "Voxels-003543",
			"from": [9.75, 23.5, 9.75],
			"to": [10, 24.25, 15.25],
			"faces": {
				"east": {"uv": [4.96, 0.96, 7.04, 3.04], "texture": "#voxels_palette"},
				"up": {"uv": [4.96, 0.96, 7.04, 3.04], "texture": "#voxels_palette"},
				"down": {"uv": [4.96, 0.96, 7.04, 3.04], "texture": "#voxels_palette"}
			}
		},
		{
			"name": "Voxels-2B2B2B",
			"from": [10, 5.5, -0.5],
			"to": [10.25, 8.5, -0.25],
			"faces": {
				"north": {"uv": [12.96, 0.96, 15.04, 3.04], "texture": "#voxels_palette"},
				"east": {"uv": [12.96, 0.96, 15.04, 3.04], "texture": "#voxels_palette"},
				"south": {"uv": [12.96, 0.96, 15.04, 3.04], "texture": "#voxels_palette"},
				"west": {"uv": [12.96, 0.96, 15.04, 3.04], "texture": "#voxels_palette"},
				"up": {"uv": [12.96, 0.96, 15.04, 3.04], "texture": "#voxels_palette"},
				"down": {"uv": [12.96, 0.96, 15.04, 3.04], "texture": "#voxels_palette"}
			}
		},
		{
			"name": "Voxels-2B2B2B",
			"from": [10, 5.5, -0.25],
			"to": [10.25, 5.75, 16.5],
			"faces": {
				"east": {"uv": [12.96, 0.96, 15.04, 3.04], "texture": "#voxels_palette"},
				"up": {"uv": [12.96, 0.96, 15.04, 3.04], "texture": "#voxels_palette"},
				"down": {"uv": [12.96, 0.96, 15.04, 3.04], "texture": "#voxels_palette"}
			}
		},
		{
			"name": "Voxels-2B2B2B",
			"from": [10, 5.5, 16.5],
			"to": [10.25, 8.5, 16.75],
			"faces": {
				"north": {"uv": [12.96, 0.96, 15.04, 3.04], "texture": "#voxels_palette"},
				"east": {"uv": [12.96, 0.96, 15.04, 3.04], "texture": "#voxels_palette"},
				"south": {"uv": [12.96, 0.96, 15.04, 3.04], "texture": "#voxels_palette"},
				"up": {"uv": [12.96, 0.96, 15.04, 3.04], "texture": "#voxels_palette"}
			}
		},
		{
			"name": "Voxels-505050",
			"from": [10, 6.5, 3.25],
			"to": [10.25, 7.5, 3.75],
			"faces": {
				"north": {"uv": [4.96, 8.96, 7.04, 11.04], "texture": "#voxels_palette"},
				"east": {"uv": [4.96, 8.96, 7.04, 11.04], "texture": "#voxels_palette"},
				"south": {"uv": [4.96, 8.96, 7.04, 11.04], "texture": "#voxels_palette"},
				"up": {"uv": [4.96, 8.96, 7.04, 11.04], "texture": "#voxels_palette"},
				"down": {"uv": [4.96, 8.96, 7.04, 11.04], "texture": "#voxels_palette"}
			}
		},
		{
			"name": "Voxels-505050",
			"from": [10, 6.5, 12.5],
			"to": [10.25, 7.5, 13],
			"faces": {
				"north": {"uv": [4.96, 8.96, 7.04, 11.04], "texture": "#voxels_palette"},
				"east": {"uv": [4.96, 8.96, 7.04, 11.04], "texture": "#voxels_palette"},
				"south": {"uv": [4.96, 8.96, 7.04, 11.04], "texture": "#voxels_palette"},
				"up": {"uv": [4.96, 8.96, 7.04, 11.04], "texture": "#voxels_palette"},
				"down": {"uv": [4.96, 8.96, 7.04, 11.04], "texture": "#voxels_palette"}
			}
		},
		{
			"name": "Voxels-505050",
			"from": [10, 6.75, 3],
			"to": [10.25, 7.25, 3.25],
			"faces": {
				"north": {"uv": [4.96, 8.96, 7.04, 11.04], "texture": "#voxels_palette"},
				"east": {"uv": [4.96, 8.96, 7.04, 11.04], "texture": "#voxels_palette"},
				"up": {"uv": [4.96, 8.96, 7.04, 11.04], "texture": "#voxels_palette"},
				"down": {"uv": [4.96, 8.96, 7.04, 11.04], "texture": "#voxels_palette"}
			}
		},
		{
			"name": "Voxels-505050",
			"from": [10, 6.75, 3.75],
			"to": [10.25, 7.25, 4],
			"faces": {
				"east": {"uv": [4.96, 8.96, 7.04, 11.04], "texture": "#voxels_palette"},
				"south": {"uv": [4.96, 8.96, 7.04, 11.04], "texture": "#voxels_palette"},
				"up": {"uv": [4.96, 8.96, 7.04, 11.04], "texture": "#voxels_palette"},
				"down": {"uv": [4.96, 8.96, 7.04, 11.04], "texture": "#voxels_palette"}
			}
		},
		{
			"name": "Voxels-505050",
			"from": [10, 6.75, 12.25],
			"to": [10.25, 7.25, 12.5],
			"faces": {
				"north": {"uv": [4.96, 8.96, 7.04, 11.04], "texture": "#voxels_palette"},
				"east": {"uv": [4.96, 8.96, 7.04, 11.04], "texture": "#voxels_palette"},
				"up": {"uv": [4.96, 8.96, 7.04, 11.04], "texture": "#voxels_palette"},
				"down": {"uv": [4.96, 8.96, 7.04, 11.04], "texture": "#voxels_palette"}
			}
		},
		{
			"name": "Voxels-505050",
			"from": [10, 6.75, 13],
			"to": [10.25, 7.25, 13.25],
			"faces": {
				"east": {"uv": [4.96, 8.96, 7.04, 11.04], "texture": "#voxels_palette"},
				"south": {"uv": [4.96, 8.96, 7.04, 11.04], "texture": "#voxels_palette"},
				"up": {"uv": [4.96, 8.96, 7.04, 11.04], "texture": "#voxels_palette"},
				"down": {"uv": [4.96, 8.96, 7.04, 11.04], "texture": "#voxels_palette"}
			}
		},
		{
			"name": "Voxels-2B2B2B",
			"from": [10, 8.25, -0.25],
			"to": [10.25, 8.5, 16.5],
			"faces": {
				"east": {"uv": [12.96, 0.96, 15.04, 3.04], "texture": "#voxels_palette"},
				"west": {"uv": [12.96, 0.96, 15.04, 3.04], "texture": "#voxels_palette"},
				"up": {"uv": [12.96, 0.96, 15.04, 3.04], "texture": "#voxels_palette"},
				"down": {"uv": [12.96, 0.96, 15.04, 3.04], "texture": "#voxels_palette"}
			}
		},
		{
			"name": "Voxels-003543",
			"from": [10, 9.25, 9.25],
			"to": [10.25, 24, 9.5],
			"faces": {
				"north": {"uv": [4.96, 0.96, 7.04, 3.04], "texture": "#voxels_palette"},
				"east": {"uv": [4.96, 0.96, 7.04, 3.04], "texture": "#voxels_palette"},
				"south": {"uv": [4.96, 0.96, 7.04, 3.04], "texture": "#voxels_palette"},
				"up": {"uv": [4.96, 0.96, 7.04, 3.04], "texture": "#voxels_palette"},
				"down": {"uv": [4.96, 0.96, 7.04, 3.04], "texture": "#voxels_palette"}
			}
		},
		{
			"name": "Voxels-003543",
			"from": [10, 9.25, 9.5],
			"to": [10.25, 9.5, 15.75],
			"faces": {
				"east": {"uv": [4.96, 0.96, 7.04, 3.04], "texture": "#voxels_palette"},
				"south": {"uv": [4.96, 0.96, 7.04, 3.04], "texture": "#voxels_palette"},
				"west": {"uv": [4.96, 0.96, 7.04, 3.04], "texture": "#voxels_palette"},
				"up": {"uv": [4.96, 0.96, 7.04, 3.04], "texture": "#voxels_palette"},
				"down": {"uv": [4.96, 0.96, 7.04, 3.04], "texture": "#voxels_palette"}
			}
		},
		{
			"name": "Voxels-444444",
			"from": [10, 12.25, 2.75],
			"to": [10.25, 13.5, 3],
			"faces": {
				"north": {"uv": [0.96, 12.96, 3.04, 15.04], "texture": "#voxels_palette"},
				"east": {"uv": [0.96, 12.96, 3.04, 15.04], "texture": "#voxels_palette"},
				"south": {"uv": [0.96, 12.96, 3.04, 15.04], "texture": "#voxels_palette"},
				"up": {"uv": [0.96, 12.96, 3.04, 15.04], "texture": "#voxels_palette"},
				"down": {"uv": [0.96, 12.96, 3.04, 15.04], "texture": "#voxels_palette"}
			}
		},
		{
			"name": "Voxels-444444",
			"from": [10, 12.25, 3],
			"to": [10.25, 12.75, 3.25],
			"faces": {
				"east": {"uv": [0.96, 12.96, 3.04, 15.04], "texture": "#voxels_palette"},
				"south": {"uv": [0.96, 12.96, 3.04, 15.04], "texture": "#voxels_palette"},
				"down": {"uv": [0.96, 12.96, 3.04, 15.04], "texture": "#voxels_palette"}
			}
		},
		{
			"name": "Voxels-444444",
			"from": [10, 12.25, 3.25],
			"to": [10.25, 12.5, 5],
			"faces": {
				"east": {"uv": [0.96, 12.96, 3.04, 15.04], "texture": "#voxels_palette"},
				"south": {"uv": [0.96, 12.96, 3.04, 15.04], "texture": "#voxels_palette"},
				"up": {"uv": [0.96, 12.96, 3.04, 15.04], "texture": "#voxels_palette"},
				"down": {"uv": [0.96, 12.96, 3.04, 15.04], "texture": "#voxels_palette"}
			}
		},
		{
			"name": "Voxels-3C3C3C",
			"from": [10, 12.5, 3.25],
			"to": [10.25, 12.75, 3.5],
			"faces": {
				"east": {"uv": [4.96, 12.96, 7.04, 15.04], "texture": "#voxels_palette"}
			}
		},
		{
			"name": "Voxels-444444",
			"from": [10, 12.5, 3.5],
			"to": [10.25, 12.75, 3.75],
			"faces": {
				"east": {"uv": [0.96, 12.96, 3.04, 15.04], "texture": "#voxels_palette"}
			}
		},
		{
			"name": "Voxels-3C3C3C",
			"from": [10, 12.5, 3.75],
			"to": [10.25, 12.75, 4],
			"faces": {
				"east": {"uv": [4.96, 12.96, 7.04, 15.04], "texture": "#voxels_palette"}
			}
		},
		{
			"name": "Voxels-444444",
			"from": [10, 12.5, 4],
			"to": [10.25, 13.5, 4.25],
			"faces": {
				"north": {"uv": [0.96, 12.96, 3.04, 15.04], "texture": "#voxels_palette"},
				"east": {"uv": [0.96, 12.96, 3.04, 15.04], "texture": "#voxels_palette"},
				"south": {"uv": [0.96, 12.96, 3.04, 15.04], "texture": "#voxels_palette"},
				"up": {"uv": [0.96, 12.96, 3.04, 15.04], "texture": "#voxels_palette"}
			}
		},
		{
			"name": "Voxels-3C3C3C",
			"from": [10, 12.5, 4.25],
			"to": [10.25, 13.25, 4.75],
			"faces": {
				"east": {"uv": [4.96, 12.96, 7.04, 15.04], "texture": "#voxels_palette"}
			}
		},
		{
			"name": "Voxels-444444",
			"from": [10, 12.5, 4.75],
			"to": [10.25, 13.5, 5],
			"faces": {
				"north": {"uv": [0.96, 12.96, 3.04, 15.04], "texture": "#voxels_palette"},
				"east": {"uv": [0.96, 12.96, 3.04, 15.04], "texture": "#voxels_palette"},
				"south": {"uv": [0.96, 12.96, 3.04, 15.04], "texture": "#voxels_palette"},
				"up": {"uv": [0.96, 12.96, 3.04, 15.04], "texture": "#voxels_palette"}
			}
		},
		{
			"name": "Voxels-3C3C3C",
			"from": [10, 12.75, 3],
			"to": [10.25, 13, 3.25],
			"faces": {
				"east": {"uv": [4.96, 12.96, 7.04, 15.04], "texture": "#voxels_palette"}
			}
		},
		{
			"name": "Voxels-444444",
			"from": [10, 12.75, 3.25],
			"to": [10.25, 13, 3.5],
			"faces": {
				"east": {"uv": [0.96, 12.96, 3.04, 15.04], "texture": "#voxels_palette"}
			}
		},
		{
			"name": "Voxels-3C3C3C",
			"from": [10, 12.75, 3.5],
			"to": [10.25, 13, 3.75],
			"faces": {
				"east": {"uv": [4.96, 12.96, 7.04, 15.04], "texture": "#voxels_palette"}
			}
		},
		{
			"name": "Voxels-444444",
			"from": [10, 12.75, 3.75],
			"to": [10.25, 13, 4],
			"faces": {
				"east": {"uv": [0.96, 12.96, 3.04, 15.04], "texture": "#voxels_palette"}
			}
		},
		{
			"name": "Voxels-444444",
			"from": [10, 13, 3],
			"to": [10.25, 13.5, 3.25],
			"faces": {
				"east": {"uv": [0.96, 12.96, 3.04, 15.04], "texture": "#voxels_palette"},
				"south": {"uv": [0.96, 12.96, 3.04, 15.04], "texture": "#voxels_palette"},
				"up": {"uv": [0.96, 12.96, 3.04, 15.04], "texture": "#voxels_palette"}
			}
		},
		{
			"name": "Voxels-3C3C3C",
			"from": [10, 13, 3.25],
			"to": [10.25, 13.25, 3.5],
			"faces": {
				"east": {"uv": [4.96, 12.96, 7.04, 15.04], "texture": "#voxels_palette"}
			}
		},
		{
			"name": "Voxels-444444",
			"from": [10, 13, 3.5],
			"to": [10.25, 13.5, 3.75],
			"faces": {
				"north": {"uv": [0.96, 12.96, 3.04, 15.04], "texture": "#voxels_palette"},
				"east": {"uv": [0.96, 12.96, 3.04, 15.04], "texture": "#voxels_palette"},
				"south": {"uv": [0.96, 12.96, 3.04, 15.04], "texture": "#voxels_palette"},
				"up": {"uv": [0.96, 12.96, 3.04, 15.04], "texture": "#voxels_palette"}
			}
		},
		{
			"name": "Voxels-3C3C3C",
			"from": [10, 13, 3.75],
			"to": [10.25, 13.25, 4],
			"faces": {
				"east": {"uv": [4.96, 12.96, 7.04, 15.04], "texture": "#voxels_palette"}
			}
		},
		{
			"name": "Voxels-444444",
			"from": [10, 13.25, 3.25],
			"to": [10.25, 13.5, 3.5],
			"faces": {
				"east": {"uv": [0.96, 12.96, 3.04, 15.04], "texture": "#voxels_palette"},
				"up": {"uv": [0.96, 12.96, 3.04, 15.04], "texture": "#voxels_palette"}
			}
		},
		{
			"name": "Voxels-444444",
			"from": [10, 13.25, 3.75],
			"to": [10.25, 13.5, 4],
			"faces": {
				"east": {"uv": [0.96, 12.96, 3.04, 15.04], "texture": "#voxels_palette"},
				"up": {"uv": [0.96, 12.96, 3.04, 15.04], "texture": "#voxels_palette"}
			}
		},
		{
			"name": "Voxels-444444",
			"from": [10, 13.25, 4.25],
			"to": [10.25, 13.5, 4.75],
			"faces": {
				"east": {"uv": [0.96, 12.96, 3.04, 15.04], "texture": "#voxels_palette"},
				"up": {"uv": [0.96, 12.96, 3.04, 15.04], "texture": "#voxels_palette"}
			}
		},
		{
			"name": "Voxels-444444",
			"from": [10, 13.75, 2.75],
			"to": [10.25, 15, 3],
			"faces": {
				"north": {"uv": [0.96, 12.96, 3.04, 15.04], "texture": "#voxels_palette"},
				"east": {"uv": [0.96, 12.96, 3.04, 15.04], "texture": "#voxels_palette"},
				"south": {"uv": [0.96, 12.96, 3.04, 15.04], "texture": "#voxels_palette"},
				"up": {"uv": [0.96, 12.96, 3.04, 15.04], "texture": "#voxels_palette"},
				"down": {"uv": [0.96, 12.96, 3.04, 15.04], "texture": "#voxels_palette"}
			}
		},
		{
			"name": "Voxels-444444",
			"from": [10, 13.75, 3],
			"to": [10.25, 14.25, 3.25],
			"faces": {
				"east": {"uv": [0.96, 12.96, 3.04, 15.04], "texture": "#voxels_palette"},
				"south": {"uv": [0.96, 12.96, 3.04, 15.04], "texture": "#voxels_palette"},
				"up": {"uv": [0.96, 12.96, 3.04, 15.04], "texture": "#voxels_palette"},
				"down": {"uv": [0.96, 12.96, 3.04, 15.04], "texture": "#voxels_palette"}
			}
		},
		{
			"name": "Voxels-444444",
			"from": [10, 13.75, 3.25],
			"to": [10.25, 14, 5],
			"faces": {
				"east": {"uv": [0.96, 12.96, 3.04, 15.04], "texture": "#voxels_palette"},
				"south": {"uv": [0.96, 12.96, 3.04, 15.04], "texture": "#voxels_palette"},
				"up": {"uv": [0.96, 12.96, 3.04, 15.04], "texture": "#voxels_palette"},
				"down": {"uv": [0.96, 12.96, 3.04, 15.04], "texture": "#voxels_palette"}
			}
		},
		{
			"name": "Voxels-5B5B5B",
			"from": [10, 15.75, 0.5],
			"to": [10.25, 16, 7.25],
			"faces": {
				"north": {"uv": [8.96, 4.96, 11.04, 7.04], "texture": "#voxels_palette"},
				"east": {"uv": [8.96, 4.96, 11.04, 7.04], "texture": "#voxels_palette"},
				"south": {"uv": [8.96, 4.96, 11.04, 7.04], "texture": "#voxels_palette"},
				"west": {"uv": [8.96, 4.96, 11.04, 7.04], "texture": "#voxels_palette"},
				"up": {"uv": [8.96, 4.96, 11.04, 7.04], "texture": "#voxels_palette"},
				"down": {"uv": [8.96, 4.96, 11.04, 7.04], "texture": "#voxels_palette"}
			}
		},
		{
			"name": "Voxels-5B5B5B",
			"from": [10, 16, 0.25],
			"to": [10.25, 22.75, 0.5],
			"faces": {
				"north": {"uv": [8.96, 4.96, 11.04, 7.04], "texture": "#voxels_palette"},
				"east": {"uv": [8.96, 4.96, 11.04, 7.04], "texture": "#voxels_palette"},
				"south": {"uv": [8.96, 4.96, 11.04, 7.04], "texture": "#voxels_palette"},
				"west": {"uv": [8.96, 4.96, 11.04, 7.04], "texture": "#voxels_palette"},
				"down": {"uv": [8.96, 4.96, 11.04, 7.04], "texture": "#voxels_palette"}
			}
		},
		{
			"name": "Voxels-5B5B5B",
			"from": [10, 22.75, 0.5],
			"to": [10.25, 23, 7.25],
			"faces": {
				"north": {"uv": [8.96, 4.96, 11.04, 7.04], "texture": "#voxels_palette"},
				"east": {"uv": [8.96, 4.96, 11.04, 7.04], "texture": "#voxels_palette"},
				"up": {"uv": [8.96, 4.96, 11.04, 7.04], "texture": "#voxels_palette"},
				"down": {"uv": [8.96, 4.96, 11.04, 7.04], "texture": "#voxels_palette"}
			}
		},
		{
			"name": "Voxels-666666",
			"from": [10.25, 6.75, 3.25],
			"to": [10.75, 7.25, 3.75],
			"faces": {
				"north": {"uv": [8.96, 8.96, 11.04, 11.04], "texture": "#voxels_palette"},
				"east": {"uv": [8.96, 8.96, 11.04, 11.04], "texture": "#voxels_palette"},
				"south": {"uv": [8.96, 8.96, 11.04, 11.04], "texture": "#voxels_palette"},
				"up": {"uv": [8.96, 8.96, 11.04, 11.04], "texture": "#voxels_palette"},
				"down": {"uv": [8.96, 8.96, 11.04, 11.04], "texture": "#voxels_palette"}
			}
		},
		{
			"name": "Voxels-666666",
			"from": [10.25, 6.75, 12.5],
			"to": [10.75, 7.25, 13],
			"faces": {
				"east": {"uv": [8.96, 8.96, 11.04, 11.04], "texture": "#voxels_palette"},
				"south": {"uv": [8.96, 8.96, 11.04, 11.04], "texture": "#voxels_palette"},
				"up": {"uv": [8.96, 8.96, 11.04, 11.04], "texture": "#voxels_palette"},
				"down": {"uv": [8.96, 8.96, 11.04, 11.04], "texture": "#voxels_palette"}
			}
		},
		{
			"name": "Voxels-666666",
			"from": [10.5, 6.75, 3.5],
			"to": [11, 7.25, 12.5],
			"faces": {
				"north": {"uv": [8.96, 8.96, 11.04, 11.04], "texture": "#voxels_palette"},
				"east": {"uv": [8.96, 8.96, 11.04, 11.04], "texture": "#voxels_palette"},
				"south": {"uv": [8.96, 8.96, 11.04, 11.04], "texture": "#voxels_palette"},
				"west": {"uv": [8.96, 8.96, 11.04, 11.04], "texture": "#voxels_palette"},
				"up": {"uv": [8.96, 8.96, 11.04, 11.04], "texture": "#voxels_palette"},
				"down": {"uv": [8.96, 8.96, 11.04, 11.04], "texture": "#voxels_palette"}
			}
		},
		{
			"name": "Voxels-003544",
			"from": [10, 9.25, 15.5],
			"to": [10.25, 24, 15.75],
			"faces": {
				"north": {"uv": [4.96, 0.96, 7.04, 3.04], "texture": "#voxels_palette"},
				"east": {"uv": [4.96, 0.96, 7.04, 3.04], "texture": "#voxels_palette"},
				"south": {"uv": [4.96, 0.96, 7.04, 3.04], "texture": "#voxels_palette"},
				"up": {"uv": [4.96, 0.96, 7.04, 3.04], "texture": "#voxels_palette"},
				"down": {"uv": [4.96, 0.96, 7.04, 3.04], "texture": "#voxels_palette"}
			}
		},
		{
			"name": "Voxels-003544",
			"from": [10, 23.75, 9.5],
			"to": [10.25, 24, 15.5],
			"faces": {
				"east": {"uv": [4.96, 0.96, 7.04, 3.04], "texture": "#voxels_palette"},
				"south": {"uv": [4.96, 0.96, 7.04, 3.04], "texture": "#voxels_palette"},
				"west": {"uv": [4.96, 0.96, 7.04, 3.04], "texture": "#voxels_palette"},
				"up": {"uv": [4.96, 0.96, 7.04, 3.04], "texture": "#voxels_palette"},
				"down": {"uv": [4.96, 0.96, 7.04, 3.04], "texture": "#voxels_palette"}
			}
		},
		{
			"name": "Voxels-003544",
			"from": [9.5, 9, -1.25],
			"to": [9.75, 21.25, 0.5],
			"faces": {
				"east": {"uv": [4.96, 0.96, 7.04, 3.04], "texture": "#voxels_palette"}
			}
		},
		{
			"from": [3.49, 21.25, 7.25],
			"to": [9.74, 27, 17.5],
			"faces": {
				"north": {"uv": [8, 4, 9, 7], "texture": "#voxels_palette"},
				"east": {"uv": [8, 4, 9, 7], "texture": "#voxels_palette"},
				"south": {"uv": [8, 4, 9, 7], "texture": "#voxels_palette"},
				"west": {"uv": [8, 4, 9, 7], "texture": "#voxels_palette"},
				"up": {"uv": [8, 4, 9, 7], "texture": "#voxels_palette"},
				"down": {"uv": [8, 4, 9, 7], "texture": "#voxels_palette"}
			}
		},
		{
			"name": "Voxels-003544",
			"from": [3.5, 0, 17.25],
			"to": [9.75, 5, 17.5],
			"faces": {
				"east": {"uv": [4.96, 0.96, 7.04, 3.04], "texture": "#voxels_palette"}
			}
		},
		{
			"name": "Voxels-003545",
			"from": [3.5, 0, -1.25],
			"to": [9.75, 10.25, -1],
			"faces": {
				"east": {"uv": [4.96, 0.96, 7.04, 3.04], "texture": "#voxels_palette"}
			}
		},
		{
			"from": [3.25, 0, -1.25],
			"to": [3.5, 21.25, 17.5],
			"faces": {
				"north": {"uv": [5, 1, 6, 2], "texture": "#voxels_palette"},
				"east": {"uv": [5, 1, 6, 2], "texture": "#voxels_palette"},
				"south": {"uv": [5, 1, 6, 2], "texture": "#voxels_palette"},
				"west": {"uv": [5, 1, 6, 2], "texture": "#voxels_palette"},
				"up": {"uv": [5, 1, 6, 2], "texture": "#voxels_palette"},
				"down": {"uv": [5, 1, 6, 2], "texture": "#voxels_palette"}
			}
		},
		{
			"from": [3.25, 23.25, -1.25],
			"to": [9.75, 26.75, 7.25],
			"faces": {
				"north": {"uv": [9, 5, 10, 6], "texture": "#voxels_palette"},
				"east": {"uv": [9, 5, 10, 6], "texture": "#voxels_palette"},
				"south": {"uv": [9, 5, 10, 6], "texture": "#voxels_palette"},
				"west": {"uv": [9, 5, 10, 6], "texture": "#voxels_palette"},
				"up": {"uv": [9, 5, 10, 6], "texture": "#voxels_palette"},
				"down": {"uv": [9, 5, 10, 6], "texture": "#voxels_palette"}
			}
		},
		{
			"from": [8, 21.25, -1.75],
			"to": [9.75, 23.25, 0.5],
			"faces": {
				"north": {"uv": [8, 4, 9.75, 6], "texture": "#voxels_palette"},
				"east": {"uv": [8, 4, 9.75, 6], "texture": "#voxels_palette"},
				"south": {"uv": [8, 4, 9.75, 6], "texture": "#voxels_palette"},
				"west": {"uv": [8, 4, 9.75, 6], "texture": "#voxels_palette"},
				"up": {"uv": [8, 4, 9.75, 6], "texture": "#voxels_palette"},
				"down": {"uv": [8, 4, 9.75, 6], "texture": "#voxels_palette"}
			}
		},
		{
			"from": [3.25, 21.25, -1.25],
			"to": [3.5, 26.75, 17.5],
			"faces": {
				"north": {"uv": [9, 5, 10, 6], "texture": "#voxels_palette"},
				"east": {"uv": [9, 5, 10, 6], "texture": "#voxels_palette"},
				"south": {"uv": [9, 5, 10, 6], "texture": "#voxels_palette"},
				"west": {"uv": [9, 5, 10, 6], "texture": "#voxels_palette"},
				"up": {"uv": [9, 5, 10, 6], "texture": "#voxels_palette"},
				"down": {"uv": [9, 5, 10, 6], "texture": "#voxels_palette"}
			}
		},
		{
			"name": "Voxels-003545",
			"from": [9.75, 9.25, 15.75],
			"to": [10, 24, 16],
			"faces": {
				"north": {"uv": [4.96, 0.96, 7.04, 3.04], "texture": "#voxels_palette"},
				"east": {"uv": [4.96, 0.96, 7.04, 3.04], "texture": "#voxels_palette"},
				"south": {"uv": [4.96, 0.96, 7.04, 3.04], "texture": "#voxels_palette"},
				"up": {"uv": [4.96, 0.96, 7.04, 3.04], "texture": "#voxels_palette"},
				"down": {"uv": [4.96, 0.96, 7.04, 3.04], "texture": "#voxels_palette"}
			}
		},
		{
			"name": "Voxels-2B2B2B",
			"from": [7, 22.5, 0.75],
			"to": [9.75, 22.75, 7],
			"faces": {
				"north": {"uv": [12.96, 0.96, 15.04, 3.04], "texture": "#voxels_palette"},
				"east": {"uv": [12.96, 0.96, 15.04, 3.04], "texture": "#voxels_palette"},
				"south": {"uv": [12.96, 0.96, 15.04, 3.04], "texture": "#voxels_palette"},
				"west": {"uv": [12.96, 0.96, 15.04, 3.04], "texture": "#voxels_palette"},
				"up": {"uv": [12.96, 0.96, 15.04, 3.04], "texture": "#voxels_palette"},
				"down": {"uv": [12.96, 0.96, 15.04, 3.04], "texture": "#voxels_palette"}
			}
		},
		{
			"name": "Voxels-003544",
			"from": [9.5, 15.5, 7.5],
			"to": [9.75, 21.25, 9.5],
			"faces": {
				"east": {"uv": [4.96, 0.96, 7.04, 3.04], "texture": "#voxels_palette"}
			}
		},
		{
			"name": "Voxels-252526",
			"from": [3.5, 0, -1.25],
			"to": [10.25, 1, 17.5],
			"faces": {
				"east": {"uv": [0.96, 8.96, 3.04, 11.04], "texture": "#voxels_palette"},
				"west": {"uv": [0.96, 8.96, 3.04, 11.04], "texture": "#voxels_palette"},
				"up": {"uv": [0.96, 8.96, 3.04, 11.04], "texture": "#voxels_palette"},
				"down": {"uv": [0.96, 8.96, 3.04, 11.04], "texture": "#voxels_palette"}
			}
		}
	]
}