{
"__comment": "Designed by - with BDcraft Cubik PRO 1.00 for MC1.8 - http://bdcraft.net",
"textures": {
    "particle": "blocks/hardened clay stained yellow",
    "texture": "blocks/hardened clay stained green",
    "top": "blocks/hardened clay stained yellow",
    "panel": "blocks/panel",
    "recycle": "blocks/recycle",
    "hardened clay stained cyan": "blocks/hardened clay stained cyan"
},
"elements": [ 
{
    "from": [ 2, 7, -0.5 ],
    "to": [ 14, 13, 17 ],
    "faces": {
        "down":  { "uv": [ 14, 16, 2, 0 ], "texture": "#texture" },
        "up":    { "uv": [ 2, 0, 14, 16 ], "texture": "#texture" },
        "north": { "uv": [ 2, 3, 14, 9 ], "texture": "#texture" },
        "south": { "uv": [ 2, 3, 14, 9 ], "texture": "#texture" },
        "west":  { "uv": [ 0, 3, 16, 9 ], "texture": "#texture" },
        "east":  { "uv": [ 0, 3, 16, 9 ], "texture": "#texture" }
    }
},
{
    "from": [ 2, 0, 14 ],
    "to": [ 5, 7, 17 ],
    "faces": {
        "down":  { "uv": [ 14, 16, 11, 14 ], "texture": "#texture" },
        "up":    { "uv": [ 2, 14, 5, 16 ], "texture": "#texture" },
        "north": { "uv": [ 11, 9, 14, 16 ], "texture": "#texture" },
        "south": { "uv": [ 2, 9, 5, 16 ], "texture": "#texture" },
        "west":  { "uv": [ 14, 9, 16, 16 ], "texture": "#texture" },
        "east":  { "uv": [ 0, 9, 2, 16 ], "texture": "#texture" }
    }
},
{
    "from": [ 2, 0, -0.5 ],
    "to": [ 5, 7, 2.5 ],
    "faces": {
        "down":  { "uv": [ 14, 2.5, 11, 0 ], "texture": "#texture" },
        "up":    { "uv": [ 2, 0, 5, 2.5 ], "texture": "#texture" },
        "north": { "uv": [ 11, 9, 14, 16 ], "texture": "#texture" },
        "south": { "uv": [ 2, 9, 5, 16 ], "texture": "#texture" },
        "west":  { "uv": [ 0, 9, 2.5, 16 ], "texture": "#texture" },
        "east":  { "uv": [ 13.5, 9, 16, 16 ], "texture": "#texture" }
    }
},
{
    "from": [ 11, 0, -0.5 ],
    "to": [ 14, 7, 2.5 ],
    "faces": {
        "down":  { "uv": [ 5, 2.5, 2, 0 ], "texture": "#texture" },
        "up":    { "uv": [ 11, 0, 14, 2.5 ], "texture": "#texture" },
        "north": { "uv": [ 2, 9, 5, 16 ], "texture": "#texture" },
        "south": { "uv": [ 11, 9, 14, 16 ], "texture": "#texture" },
        "west":  { "uv": [ 0, 9, 2.5, 16 ], "texture": "#texture" },
        "east":  { "uv": [ 13.5, 9, 16, 16 ], "texture": "#texture" }
    }
},
{
    "from": [ 11, 0, 14 ],
    "to": [ 14, 7, 17 ],
    "faces": {
        "down":  { "uv": [ 5, 16, 2, 14 ], "texture": "#texture" },
        "up":    { "uv": [ 11, 14, 14, 16 ], "texture": "#texture" },
        "north": { "uv": [ 2, 9, 5, 16 ], "texture": "#texture" },
        "south": { "uv": [ 11, 9, 14, 16 ], "texture": "#texture" },
        "west":  { "uv": [ 14, 9, 16, 16 ], "texture": "#texture" },
        "east":  { "uv": [ 0, 9, 2, 16 ], "texture": "#texture" }
    }
},
{
    "from": [ 0, 13, -0.5 ],
    "to": [ 1.5, 19.5, 17 ],
    "faces": {
        "down":  { "uv": [ 12, 4, 11.5, 3 ], "texture": "#top" },
        "up":    { "uv": [ 4, 3, 4.5, 4 ], "texture": "#top" },
        "north": { "uv": [ 11.5, 7.5, 12, 8.5 ], "texture": "#top" },
        "south": { "uv": [ 4, 7.5, 4.5, 8.5 ], "texture": "#top" },
        "west":  { "uv": [ 3, 7.5, 4, 8.5 ], "texture": "#top" },
        "east":  { "uv": [ 12, 7.5, 13, 8.5 ], "texture": "#top" }
    }
},
{
    "from": [ 1.5, 13, -2 ],
    "to": [ 14.5, 19.5, -0.5 ],
    "faces": {
        "down":  { "uv": [ 11.5, 3, 10.5, 2.5 ], "texture": "#top" },
        "up":    { "uv": [ 4.5, 2.5, 5.5, 3 ], "texture": "#top" },
        "north": { "uv": [ 10.5, 4.5, 11.5, 8.5 ], "texture": "#top" },
        "south": { "uv": [ 4.5, 4.5, 5.5, 8.5 ], "texture": "#top" },
        "west":  { "uv": [ 2.5, 4.5, 3, 8.5 ], "texture": "#top" },
        "east":  { "uv": [ 13, 4.5, 13.5, 8.5 ], "texture": "#top" }
    }
},
{
    "from": [ 1.5, 13, 17 ],
    "to": [ 14.5, 19.5, 18.5 ],
    "faces": {
        "down":  { "uv": [ 14.5, 16, 1.5, 16 ], "texture": "#top" },
        "up":    { "uv": [ 1.5, 16, 14.5, 16 ], "texture": "#top" },
        "north": { "uv": [ 1.5, 0, 14.5, 3 ], "texture": "#top" },
        "south": { "uv": [ 1.5, 0, 14.5, 3 ], "texture": "#top" },
        "west":  { "uv": [ 16, 0, 16, 3 ], "texture": "#top" },
        "east":  { "uv": [ 0, 0, 0, 3 ], "texture": "#top" }
    }
},
{
    "from": [ 14.5, 13, -0.5 ],
    "to": [ 16, 19.5, 17 ],
    "faces": {
        "down":  { "uv": [ 1.5, 16, 0, 0 ], "texture": "#top" },
        "up":    { "uv": [ 14.5, 0, 16, 16 ], "texture": "#top" },
        "north": { "uv": [ 0, 0, 1.5, 3 ], "texture": "#top" },
        "south": { "uv": [ 14.5, 0, 16, 3 ], "texture": "#top" },
        "west":  { "uv": [ 0, 0, 16, 3 ], "texture": "#top" },
        "east":  { "uv": [ 0, 0, 16, 3 ], "texture": "#top" }
    }
},
{
    "from": [ 1.5, 13, -0.5 ],
    "to": [ 14.5, 14, 17 ],
    "faces": {
        "down":  { "uv": [ 14.5, 16, 1.5, 0 ], "texture": "#top" },
        "up":    { "uv": [ 1.5, 0, 14.5, 16 ], "texture": "#top" },
        "north": { "uv": [ 1.5, 2, 14.5, 3 ], "texture": "#top" },
        "south": { "uv": [ 1.5, 2, 14.5, 3 ], "texture": "#top" },
        "west":  { "uv": [ 0, 2, 16, 3 ], "texture": "#top" },
        "east":  { "uv": [ 0, 2, 16, 3 ], "texture": "#top" }
    }
},
{
    "from": [ 7.45159, 12.5, 13.5 ],
    "to": [ 12.9516, 18, 15 ],
    "rotation": { "origin": [ 7.45159, 18, 13.5 ], "axis": "z", "angle": -45 },
    "faces": {
        "down":  { "uv": [ 16, 16, 16, 16 ], "texture": "#hardened clay stained cyan" },
        "up":    { "uv": [ 0, 16, 0, 16 ], "texture": "#hardened clay stained cyan" },
        "north": { "uv": [ 16, 0, 16, 5.5 ], "texture": "#hardened clay stained cyan" },
        "south": { "uv": [ 0, 0, 0, 5.5 ], "texture": "#hardened clay stained cyan" },
        "west":  { "uv": [ 16, 0, 16, 5.5 ], "texture": "#hardened clay stained cyan" },
        "east":  { "uv": [ 0, 0, 0, 5.5 ], "texture": "#hardened clay stained cyan" }
    }
},
{
    "from": [ 8.45159, 12.5, 11 ],
    "to": [ 13.9516, 18, 12.5 ],
    "rotation": { "origin": [ 8.45159, 18, 11 ], "axis": "z", "angle": -45 },
    "faces": {
        "down":  { "uv": [ 16, 16, 16, 16 ], "texture": "#hardened clay stained cyan" },
        "up":    { "uv": [ 0, 16, 0, 16 ], "texture": "#hardened clay stained cyan" },
        "north": { "uv": [ 16, 0, 16, 5.5 ], "texture": "#hardened clay stained cyan" },
        "south": { "uv": [ 0, 0, 0, 5.5 ], "texture": "#hardened clay stained cyan" },
        "west":  { "uv": [ 16, 0, 16, 5.5 ], "texture": "#hardened clay stained cyan" },
        "east":  { "uv": [ 0, 0, 0, 5.5 ], "texture": "#hardened clay stained cyan" }
    }
},
{
    "from": [ 7.45159, 12.5, 8.5 ],
    "to": [ 12.9516, 18, 10 ],
    "rotation": { "origin": [ 7.45159, 18, 8.5 ], "axis": "z", "angle": -45 },
    "faces": {
        "down":  { "uv": [ 16, 16, 16, 16 ], "texture": "#hardened clay stained cyan" },
        "up":    { "uv": [ 0, 16, 0, 16 ], "texture": "#hardened clay stained cyan" },
        "north": { "uv": [ 16, 0, 16, 5.5 ], "texture": "#hardened clay stained cyan" },
        "south": { "uv": [ 0, 0, 0, 5.5 ], "texture": "#hardened clay stained cyan" },
        "west":  { "uv": [ 16, 0, 16, 5.5 ], "texture": "#hardened clay stained cyan" },
        "east":  { "uv": [ 0, 0, 0, 5.5 ], "texture": "#hardened clay stained cyan" }
    }
},
{
    "from": [ 8.45159, 12.5, 6 ],
    "to": [ 13.9516, 18, 7.5 ],
    "rotation": { "origin": [ 8.45159, 18, 6 ], "axis": "z", "angle": -45 },
    "faces": {
        "down":  { "uv": [ 16, 16, 16, 16 ], "texture": "#hardened clay stained cyan" },
        "up":    { "uv": [ 0, 16, 0, 16 ], "texture": "#hardened clay stained cyan" },
        "north": { "uv": [ 16, 0, 16, 5.5 ], "texture": "#hardened clay stained cyan" },
        "south": { "uv": [ 0, 0, 0, 5.5 ], "texture": "#hardened clay stained cyan" },
        "west":  { "uv": [ 16, 0, 16, 5.5 ], "texture": "#hardened clay stained cyan" },
        "east":  { "uv": [ 0, 0, 0, 5.5 ], "texture": "#hardened clay stained cyan" }
    }
},
{
    "from": [ 7.45159, 12.5, 3.5 ],
    "to": [ 12.9516, 18, 5 ],
    "rotation": { "origin": [ 7.45159, 18, 3.5 ], "axis": "z", "angle": -45 },
    "faces": {
        "down":  { "uv": [ 16, 16, 16, 16 ], "texture": "#hardened clay stained cyan" },
        "up":    { "uv": [ 0, 16, 0, 16 ], "texture": "#hardened clay stained cyan" },
        "north": { "uv": [ 16, 0, 16, 5.5 ], "texture": "#hardened clay stained cyan" },
        "south": { "uv": [ 0, 0, 0, 5.5 ], "texture": "#hardened clay stained cyan" },
        "west":  { "uv": [ 16, 0, 16, 5.5 ], "texture": "#hardened clay stained cyan" },
        "east":  { "uv": [ 0, 0, 0, 5.5 ], "texture": "#hardened clay stained cyan" }
    }
},
{
    "from": [ 8.45159, 12, 1 ],
    "to": [ 13.9516, 17.5, 2.5 ],
    "rotation": { "origin": [ 8.45159, 17.5, 1 ], "axis": "z", "angle": -45 },
    "faces": {
        "down":  { "uv": [ 16, 16, 16, 16 ], "texture": "#hardened clay stained cyan" },
        "up":    { "uv": [ 0, 16, 0, 16 ], "texture": "#hardened clay stained cyan" },
        "north": { "uv": [ 16, 0, 16, 5.5 ], "texture": "#hardened clay stained cyan" },
        "south": { "uv": [ 0, 0, 0, 5.5 ], "texture": "#hardened clay stained cyan" },
        "west":  { "uv": [ 16, 0, 16, 5.5 ], "texture": "#hardened clay stained cyan" },
        "east":  { "uv": [ 0, 0, 0, 5.5 ], "texture": "#hardened clay stained cyan" }
    }
},
{
    "from": [ 5, 0, -5 ],
    "to": [ 12.5, 1, -0.5 ],
    "faces": {
        "down":  { "uv": [ 11, 0, 3.5, 0 ], "texture": "#texture" },
        "up":    { "uv": [ 5, 0, 12.5, 0 ], "texture": "#texture" },
        "north": { "uv": [ 3.5, 15, 11, 16 ], "texture": "#texture" },
        "south": { "uv": [ 5, 15, 12.5, 16 ], "texture": "#texture" },
        "west":  { "uv": [ 0, 15, 0, 16 ], "texture": "#texture" },
        "east":  { "uv": [ 16, 15, 16, 16 ], "texture": "#texture" }
    }
},
{
    "from": [ 5, 7.5, -5 ],
    "to": [ 12.5, 11.5, -0.5 ],
    "faces": {
        "down":  { "uv": [ 11, 0, 3.5, 0 ], "texture": "#texture" },
        "up":    { "uv": [ 5, 0, 12.5, 0 ], "texture": "#texture" },
        "north": { "uv": [ 3.5, 4.5, 11, 8.5 ], "texture": "#texture" },
        "south": { "uv": [ 5, 4.5, 12.5, 8.5 ], "texture": "#texture" },
        "west":  { "uv": [ 0, 4.5, 0, 8.5 ], "texture": "#texture" },
        "east":  { "uv": [ 16, 4.5, 16, 8.5 ], "texture": "#texture" }
    }
},
{
    "from": [ 5, 0, -0.5 ],
    "to": [ 12, 11.5, 0.5 ],
    "faces": {
        "down":  { "uv": [ 11, 0.5, 4, 0 ], "texture": "#texture" },
        "up":    { "uv": [ 5, 0, 12, 0.5 ], "texture": "#texture" },
        "north": { "uv": [ 4, 4.5, 11, 16 ], "texture": "#texture" },
        "south": { "uv": [ 5, 4.5, 12, 16 ], "texture": "#texture" },
        "west":  { "uv": [ 0, 4.5, 0.5, 16 ], "texture": "#texture" },
        "east":  { "uv": [ 15.5, 4.5, 16, 16 ], "texture": "#texture" }
    }
},
{
    "from": [ 12.5, 0, -5 ],
    "to": [ 13.5, 11.5, -0.5 ],
    "faces": {
        "down":  { "uv": [ 3.5, 0, 2.5, 0 ], "texture": "#texture" },
        "up":    { "uv": [ 12.5, 0, 13.5, 0 ], "texture": "#texture" },
        "north": { "uv": [ 2.5, 4.5, 3.5, 16 ], "texture": "#texture" },
        "south": { "uv": [ 12.5, 4.5, 13.5, 16 ], "texture": "#texture" },
        "west":  { "uv": [ 0, 4.5, 0, 16 ], "texture": "#texture" },
        "east":  { "uv": [ 16, 4.5, 16, 16 ], "texture": "#texture" }
    }
},
{
    "from": [ 4, 0, -5 ],
    "to": [ 5, 11.5, -0.5 ],
    "faces": {
        "down":  { "uv": [ 12, 0, 11, 0 ], "texture": "#texture" },
        "up":    { "uv": [ 4, 0, 5, 0 ], "texture": "#texture" },
        "north": { "uv": [ 11, 4.5, 12, 16 ], "texture": "#texture" },
        "south": { "uv": [ 4, 4.5, 5, 16 ], "texture": "#texture" },
        "west":  { "uv": [ 0, 4.5, 0, 16 ], "texture": "#texture" },
        "east":  { "uv": [ 16, 4.5, 16, 16 ], "texture": "#texture" }
    }
},
{
    "from": [ 5.5, 1, -3.5 ],
    "to": [ 12, 6, -0.5 ],
    "faces": {
        "down":  { "uv": [ 8, 1.5, 13, 3.5 ], "texture": "#panel" },
        "up":    { "uv": [ 8, 2, 13, 4 ], "texture": "#panel" },
        "north": { "uv": [ 10, 2, 15, 6.5 ], "texture": "#panel" },
        "south": { "uv": [ 10, 1, 15, 5.5 ], "texture": "#panel" },
        "west":  { "uv": [ 10.5, 2.5, 12.5, 7 ], "texture": "#panel" },
        "east":  { "uv": [ 10, 2, 12, 6.5 ], "texture": "#panel" }
    }
},
{
    "from": [ 3.6875, 6.5, -4 ],
    "to": [ 4.1875, 10, -1.5 ],
    "faces": {
        "down":  { "uv": [ 3.6875, 0, 4.1875, 2 ], "texture": "#panel" },
        "up":    { "uv": [ 3.6875, 0, 4.1875, 2 ], "texture": "#panel" },
        "north": { "uv": [ 3.5, 2.5, 4, 5.5 ], "texture": "#panel" },
        "south": { "uv": [ 3.5, 3, 4, 6 ], "texture": "#panel" },
        "west":  { "uv": [ 2.5, 2.5, 4.5, 5.5 ], "texture": "#panel" },
        "east":  { "uv": [ 1, 2.5, 3, 5.5 ], "texture": "#panel" }
    }
},
{
    "from": [ 3.5, 7, -3.1875 ],
    "to": [ 4, 8, -2.1875 ],
    "faces": {
        "down":  { "uv": [ 10.5, 6.5, 11, 7.5 ], "texture": "#panel" },
        "up":    { "uv": [ 12.5, 3.5, 13, 4.5 ], "texture": "#panel" },
        "north": { "uv": [ 12.5, 5, 13, 6 ], "texture": "#panel" },
        "south": { "uv": [ 11.5, 4.5, 12, 5.5 ], "texture": "#panel" },
        "west":  { "uv": [ 11, 3.5, 12, 4.5 ], "texture": "#panel" },
        "east":  { "uv": [ 11, 3.5, 12, 4.5 ], "texture": "#panel" }
    }
},
{
    "from": [ 3.5, 8.1875, -3.1875 ],
    "to": [ 4, 9.1875, -2.1875 ],
    "faces": {
        "down":  { "uv": [ 5, 12, 5.5, 13 ], "texture": "#panel" },
        "up":    { "uv": [ 5, 10, 5.5, 11 ], "texture": "#panel" },
        "north": { "uv": [ 3.5, 11.5, 4, 12.5 ], "texture": "#panel" },
        "south": { "uv": [ 3.5, 12, 4, 13 ], "texture": "#panel" },
        "west":  { "uv": [ 1.5, 11, 2.5, 12 ], "texture": "#panel" },
        "east":  { "uv": [ 2.5, 13, 3.5, 14 ], "texture": "#panel" }
    }
},
{
    "from": [ 1.875, 7.5, 6 ],
    "to": [ 2.375, 12.5, 11 ],
    "faces": {
        "down":  { "uv": [ 8.5, 10.5, 8, 5.5 ], "texture": "#recycle" },
        "up":    { "uv": [ 7, 5.5, 7.5, 10.5 ], "texture": "#recycle" },
        "north": { "uv": [ 15.5, 0.5, 16, 5.5 ], "texture": "#recycle" },
        "south": { "uv": [ 8, 4.5, 8.5, 9.5 ], "texture": "#recycle" },
        "west":  { "uv": [ 0, 0, 16, 16 ], "texture": "#recycle" },
        "east":  { "uv": [ 5.5, 6, 10.5, 11 ], "texture": "#recycle" }
    }
}
],
"display": {
    "thirdperson": {
        "rotation": [ 10, -45, 170 ],
        "translation": [ 0, 1.5, -2.75 ],
        "scale": [ 0.375, 0.375, 0.375 ]
    },
    "head": {
        "rotation": [ 0, 0, 0 ],
        "translation": [ 0, 7.5, 0 ],
        "scale": [ 1, 1, 1 ]
    },
    "ground": {
        "rotation": [ 0, 0, 0 ],
        "translation": [ 0, 0, 0 ],
        "scale": [ 1, 1, 1 ]
    },
    "fixed": {
        "rotation": [ 0, 0, 0 ],
        "translation": [ 0, 0, 0 ],
        "scale": [ 1, 1, 1 ]
    },
    "firstperson": {
        "rotation": [ 0, 0, 0 ],
        "translation": [ 0, 2, 0 ],
        "scale": [ 1, 1, 1 ]
    },
    "gui": {
        "rotation": [ 0, 0, 0 ],
        "translation": [ 0, 0, 0 ],
        "scale": [ 1, 1, 1 ]
    }
}
}