{
	"__comment": "Designed by Cookiesnom with Cubik Studio - https://cubik.studio",
	"textures": {
		"particle": "blocks/tnt_side",
		"texture": "blocks/wool_colored_white",
		"texture1": "blocks/tnt_side"
	},
	"elements": [ 	 
		{
			"__comment": "Box1",
			"from": [ -1, 24.375, 3.5 ],
			"to": [ 17, 25.875, 12.5 ],
			"faces": {
				"down": { "uv": [ 0, 1.5, 16, 4.5 ], "texture": "#texture1" },
				"up": { "uv": [ 0, 1.5, 16, 4.5 ], "texture": "#texture1" },
				"north": { "uv": [ 16, 11, 0, 12 ], "texture": "#texture1" },
				"south": { "uv": [ 0, 11, 16, 12 ], "texture": "#texture1" },
				"west": { "uv": [ 3.5, 6.125, 12.5, 7.625 ], "texture": "#texture1" },
				"east": { "uv": [ 3.5, 6.125, 12.5, 7.625 ], "texture": "#texture1" }
			}
		},
		{
			"__comment": "Box1",
			"from": [ -1, 22.875, 2.375 ],
			"to": [ 17, 24.375, 3.5 ],
			"faces": {
				"down": { "uv": [ 0, 1.5, 16, 4.5 ], "texture": "#texture1" },
				"up": { "uv": [ 0, 1.5, 16, 4.5 ], "texture": "#texture1" },
				"north": { "uv": [ 16, 11, 0, 12 ], "texture": "#texture1" },
				"south": { "uv": [ 0, 11, 16, 12 ], "texture": "#texture1" },
				"west": { "uv": [ 6, 3, 7, 4 ], "texture": "#texture1" },
				"east": { "uv": [ 6, 3, 7, 4 ], "texture": "#texture1" }
			}
		},
		{
			"__comment": "Box1",
			"from": [ -1, 22.875, 12.5 ],
			"to": [ 17, 24.375, 13.625 ],
			"faces": {
				"down": { "uv": [ 0, 1.5, 16, 4.5 ], "texture": "#texture1" },
				"up": { "uv": [ 0, 1.5, 16, 4.5 ], "texture": "#texture1" },
				"north": { "uv": [ 16, 11, 0, 12 ], "texture": "#texture1" },
				"south": { "uv": [ 0, 11, 16, 12 ], "texture": "#texture1" },
				"west": { "uv": [ 6, 3, 7, 4 ], "texture": "#texture1" },
				"east": { "uv": [ 6, 3, 7, 4 ], "texture": "#texture1" }
			}
		},
		{
			"__comment": "Box1",
			"from": [ -11.4979, 24.3753, 3.5009 ],
			"to": [ -1, 25.875, 12.4991 ],
			"rotation": { "origin": [ -1, 25.875, 8 ], "axis": "z", "angle": 22.5 },
			"faces": {
				"down": { "uv": [ 12, 1.5, 0, 4.5 ], "texture": "#texture1", "rotation": 180 },
				"up": { "uv": [ 12, 1.5, 0, 4.5 ], "texture": "#texture1", "rotation": 180 },
				"north": { "uv": [ 12, 12, 0, 11 ], "texture": "#texture1" },
				"south": { "uv": [ 0, 12, 12, 11 ], "texture": "#texture1" },
				"west": { "uv": [ 0, 12.5, 1, 13.5 ], "texture": "#texture1", "rotation": 180 },
				"east": { "uv": [ 0, 12.5, 1, 13.5 ], "texture": "#texture1", "rotation": 180 }
			}
		},
		{
			"__comment": "Box1",
			"from": [ -11.4979, 22.8756, 2.3761 ],
			"to": [ -1, 24.3753, 3.500875 ],
			"rotation": { "origin": [ -1, 25.875, 8 ], "axis": "z", "angle": 22.5 },
			"faces": {
				"down": { "uv": [ 12, 1.5, 0, 4.5 ], "texture": "#texture1", "rotation": 180 },
				"up": { "uv": [ 12, 1.5, 0, 4.5 ], "texture": "#texture1", "rotation": 180 },
				"north": { "uv": [ 12, 12, 0, 11 ], "texture": "#texture1" },
				"south": { "uv": [ 0, 12, 12, 11 ], "texture": "#texture1" },
				"west": { "uv": [ 0, 12.5, 1, 13.5 ], "texture": "#texture1", "rotation": 180 },
				"east": { "uv": [ 0, 12.5, 1, 13.5 ], "texture": "#texture1", "rotation": 180 }
			}
		},
		{
			"__comment": "Box1",
			"from": [ -11.4979, 22.8756, 12.4991 ],
			"to": [ -1, 24.3753, 13.62387 ],
			"rotation": { "origin": [ -1, 25.875, 8 ], "axis": "z", "angle": 22.5 },
			"faces": {
				"down": { "uv": [ 12, 1.5, 0, 4.5 ], "texture": "#texture1", "rotation": 180 },
				"up": { "uv": [ 12, 1.5, 0, 4.5 ], "texture": "#texture1", "rotation": 180 },
				"north": { "uv": [ 12, 12, 0, 11 ], "texture": "#texture1" },
				"south": { "uv": [ 0, 12, 12, 11 ], "texture": "#texture1" },
				"west": { "uv": [ 0, 12.5, 1, 13.5 ], "texture": "#texture1", "rotation": 180 },
				"east": { "uv": [ 0, 12.5, 1, 13.5 ], "texture": "#texture1", "rotation": 180 }
			}
		},
		{
			"__comment": "Box1",
			"from": [ -12.2477, 22.8756, 3.5009 ],
			"to": [ -11.49785, 24.3753, 12.4991 ],
			"rotation": { "origin": [ -1, 25.875, 8 ], "axis": "z", "angle": 22.5 },
			"faces": {
				"down": { "uv": [ 12, 1.5, 11, 4.5 ], "texture": "#texture1", "rotation": 180 },
				"up": { "uv": [ 12, 1.5, 11, 4.5 ], "texture": "#texture1", "rotation": 180 },
				"north": { "uv": [ 11, 4.5, 12, 1.5 ], "texture": "#texture1" },
				"south": { "uv": [ 11, 4.5, 12, 1.5 ], "texture": "#texture1" },
				"west": { "uv": [ 0, 12.5, 1, 13.5 ], "texture": "#texture1", "rotation": 180 },
				"east": { "uv": [ 0, 12.5, 1, 13.5 ], "texture": "#texture1", "rotation": 180 }
			}
		},
		{
			"__comment": "Box1",
			"from": [ 17, 24.3753, 3.5009 ],
			"to": [ 27.4979, 25.875, 12.4991 ],
			"rotation": { "origin": [ 17, 25.875, 8 ], "axis": "z", "angle": -22.5 },
			"faces": {
				"down": { "uv": [ 12, 1.5, 0, 4.5 ], "texture": "#texture1" },
				"up": { "uv": [ 0, 1.5, 12, 4.5 ], "texture": "#texture1" },
				"north": { "uv": [ 12, 11, 0, 12 ], "texture": "#texture1" },
				"south": { "uv": [ 0, 11, 12, 12 ], "texture": "#texture1" },
				"west": { "uv": [ 0, 12.5, 1, 13.5 ], "texture": "#texture1" },
				"east": { "uv": [ 0, 12.5, 1, 13.5 ], "texture": "#texture1" }
			}
		},
		{
			"__comment": "Box1",
			"from": [ 17, 22.8756, 2.3761 ],
			"to": [ 27.4979, 24.3753, 3.500875 ],
			"rotation": { "origin": [ 17, 25.875, 8 ], "axis": "z", "angle": -22.5 },
			"faces": {
				"down": { "uv": [ 12, 1.5, 0, 4.5 ], "texture": "#texture1" },
				"up": { "uv": [ 0, 1.5, 12, 4.5 ], "texture": "#texture1" },
				"north": { "uv": [ 12, 11, 0, 12 ], "texture": "#texture1" },
				"south": { "uv": [ 0, 11, 12, 12 ], "texture": "#texture1" },
				"west": { "uv": [ 0, 12.5, 1, 13.5 ], "texture": "#texture1" },
				"east": { "uv": [ 0, 12.5, 1, 13.5 ], "texture": "#texture1" }
			}
		},
		{
			"__comment": "Box1",
			"from": [ 17, 22.8756, 12.4991 ],
			"to": [ 27.4979, 24.3753, 13.62387 ],
			"rotation": { "origin": [ 17, 25.875, 8 ], "axis": "z", "angle": -22.5 },
			"faces": {
				"down": { "uv": [ 12, 1.5, 0, 4.5 ], "texture": "#texture1" },
				"up": { "uv": [ 0, 1.5, 12, 4.5 ], "texture": "#texture1" },
				"north": { "uv": [ 12, 11, 0, 12 ], "texture": "#texture1" },
				"south": { "uv": [ 0, 11, 12, 12 ], "texture": "#texture1" },
				"west": { "uv": [ 0, 12.5, 1, 13.5 ], "texture": "#texture1" },
				"east": { "uv": [ 0, 12.5, 1, 13.5 ], "texture": "#texture1" }
			}
		},
		{
			"__comment": "Box1",
			"from": [ 27.4979, 22.8756, 3.5009 ],
			"to": [ 28.24775, 24.3753, 12.4991 ],
			"rotation": { "origin": [ 17, 25.875, 8 ], "axis": "z", "angle": -22.5 },
			"faces": {
				"down": { "uv": [ 12, 1.5, 11, 4.5 ], "texture": "#texture1" },
				"up": { "uv": [ 12, 1.5, 11, 4.5 ], "texture": "#texture1" },
				"north": { "uv": [ 12, 1.5, 11, 4.5 ], "texture": "#texture1" },
				"south": { "uv": [ 12, 1.5, 11, 4.5 ], "texture": "#texture1" },
				"west": { "uv": [ 0, 12.5, 1, 13.5 ], "texture": "#texture1" },
				"east": { "uv": [ 0, 12.5, 1, 13.5 ], "texture": "#texture1" }
			}
		},
		{
			"__comment": "Box1",
			"from": [ 6.5, 5, 8.5 ],
			"to": [ 6.875, 7.25, 8.875 ],
			"rotation": { "origin": [ 6.5, 5, 8.5 ], "axis": "z", "angle": 45 },
			"faces": {
				"down": { "uv": [ 7.5, 6, 8, 9 ], "texture": "#texture" },
				"up": { "uv": [ 7.5, 7, 8, 10 ], "texture": "#texture" },
				"north": { "uv": [ 8, 0, 8.5, 7.5 ], "texture": "#texture" },
				"south": { "uv": [ 7.5, 0, 8, 7.5 ], "texture": "#texture" },
				"west": { "uv": [ 7, 0, 10, 7.5 ], "texture": "#texture" },
				"east": { "uv": [ 6, 0, 9, 7.5 ], "texture": "#texture" }
			}
		},
		{
			"__comment": "Box1",
			"from": [ 6.5, 7.25, 8.875 ],
			"to": [ 6.875, 9.5, 9.25 ],
			"rotation": { "origin": [ 6.5, 5, 8.5 ], "axis": "z", "angle": 45 },
			"faces": {
				"down": { "uv": [ 7.5, 6, 8, 9 ], "texture": "#texture" },
				"up": { "uv": [ 7.5, 7, 8, 10 ], "texture": "#texture" },
				"north": { "uv": [ 8, 0, 8.5, 7.5 ], "texture": "#texture" },
				"south": { "uv": [ 7.5, 0, 8, 7.5 ], "texture": "#texture" },
				"west": { "uv": [ 7, 0, 10, 7.5 ], "texture": "#texture" },
				"east": { "uv": [ 6, 0, 9, 7.5 ], "texture": "#texture" }
			}
		},
		{
			"__comment": "Box1",
			"from": [ 6.5, 9.5, 9.25 ],
			"to": [ 6.875, 11.75, 9.625 ],
			"rotation": { "origin": [ 6.5, 5, 8.5 ], "axis": "z", "angle": 45 },
			"faces": {
				"down": { "uv": [ 7.5, 6, 8, 9 ], "texture": "#texture" },
				"up": { "uv": [ 7.5, 7, 8, 10 ], "texture": "#texture" },
				"north": { "uv": [ 8, 0, 8.5, 7.5 ], "texture": "#texture" },
				"south": { "uv": [ 7.5, 0, 8, 7.5 ], "texture": "#texture" },
				"west": { "uv": [ 7, 0, 10, 7.5 ], "texture": "#texture" },
				"east": { "uv": [ 6, 0, 9, 7.5 ], "texture": "#texture" }
			}
		},
		{
			"__comment": "Box1",
			"from": [ 6.5, 11.75, 9.625 ],
			"to": [ 6.875, 14, 10 ],
			"rotation": { "origin": [ 6.5, 5, 8.5 ], "axis": "z", "angle": 45 },
			"faces": {
				"down": { "uv": [ 7.5, 6, 8, 9 ], "texture": "#texture" },
				"up": { "uv": [ 7.5, 7, 8, 10 ], "texture": "#texture" },
				"north": { "uv": [ 8, 0, 8.5, 7.5 ], "texture": "#texture" },
				"south": { "uv": [ 7.5, 0, 8, 7.5 ], "texture": "#texture" },
				"west": { "uv": [ 7, 0, 10, 7.5 ], "texture": "#texture" },
				"east": { "uv": [ 6, 0, 9, 7.5 ], "texture": "#texture" }
			}
		},
		{
			"__comment": "Box1",
			"from": [ 6.5, 14, 10 ],
			"to": [ 6.875, 16.25, 10.375 ],
			"rotation": { "origin": [ 6.5, 5, 8.5 ], "axis": "z", "angle": 45 },
			"faces": {
				"down": { "uv": [ 7.5, 6, 8, 9 ], "texture": "#texture" },
				"up": { "uv": [ 7.5, 7, 8, 10 ], "texture": "#texture" },
				"north": { "uv": [ 8, 0, 8.5, 7.5 ], "texture": "#texture" },
				"south": { "uv": [ 7.5, 0, 8, 7.5 ], "texture": "#texture" },
				"west": { "uv": [ 7, 0, 10, 7.5 ], "texture": "#texture" },
				"east": { "uv": [ 6, 0, 9, 7.5 ], "texture": "#texture" }
			}
		},
		{
			"__comment": "Box1",
			"from": [ 6.5, 16.25, 10.375 ],
			"to": [ 6.875, 18.5, 10.75 ],
			"rotation": { "origin": [ 6.5, 5, 8.5 ], "axis": "z", "angle": 45 },
			"faces": {
				"down": { "uv": [ 7.5, 6, 8, 9 ], "texture": "#texture" },
				"up": { "uv": [ 7.5, 7, 8, 10 ], "texture": "#texture" },
				"north": { "uv": [ 8, 0, 8.5, 7.5 ], "texture": "#texture" },
				"south": { "uv": [ 7.5, 0, 8, 7.5 ], "texture": "#texture" },
				"west": { "uv": [ 7, 0, 10, 7.5 ], "texture": "#texture" },
				"east": { "uv": [ 6, 0, 9, 7.5 ], "texture": "#texture" }
			}
		},
		{
			"__comment": "Box1",
			"from": [ 6.5, 18.5, 10.75 ],
			"to": [ 6.875, 20.75, 11.125 ],
			"rotation": { "origin": [ 6.5, 5, 8.5 ], "axis": "z", "angle": 45 },
			"faces": {
				"down": { "uv": [ 7.5, 6, 8, 9 ], "texture": "#texture" },
				"up": { "uv": [ 7.5, 7, 8, 10 ], "texture": "#texture" },
				"north": { "uv": [ 8, 0, 8.5, 7.5 ], "texture": "#texture" },
				"south": { "uv": [ 7.5, 0, 8, 7.5 ], "texture": "#texture" },
				"west": { "uv": [ 7, 0, 10, 7.5 ], "texture": "#texture" },
				"east": { "uv": [ 6, 0, 9, 7.5 ], "texture": "#texture" }
			}
		},
		{
			"__comment": "Box1",
			"from": [ 6.5, 20.75, 11.125 ],
			"to": [ 6.875, 23, 11.5 ],
			"rotation": { "origin": [ 6.5, 5, 8.5 ], "axis": "z", "angle": 45 },
			"faces": {
				"down": { "uv": [ 7.5, 6, 8, 9 ], "texture": "#texture" },
				"up": { "uv": [ 7.5, 7, 8, 10 ], "texture": "#texture" },
				"north": { "uv": [ 8, 0, 8.5, 7.5 ], "texture": "#texture" },
				"south": { "uv": [ 7.5, 0, 8, 7.5 ], "texture": "#texture" },
				"west": { "uv": [ 7, 0, 10, 7.5 ], "texture": "#texture" },
				"east": { "uv": [ 6, 0, 9, 7.5 ], "texture": "#texture" }
			}
		},
		{
			"__comment": "Box1",
			"from": [ 6.5, 23, 11.5 ],
			"to": [ 6.875, 25.25, 11.875 ],
			"rotation": { "origin": [ 6.5, 5, 8.5 ], "axis": "z", "angle": 45 },
			"faces": {
				"down": { "uv": [ 7.5, 6, 8, 9 ], "texture": "#texture" },
				"up": { "uv": [ 7.5, 7, 8, 10 ], "texture": "#texture" },
				"north": { "uv": [ 8, 0, 8.5, 7.5 ], "texture": "#texture" },
				"south": { "uv": [ 7.5, 0, 8, 7.5 ], "texture": "#texture" },
				"west": { "uv": [ 7, 0, 10, 7.5 ], "texture": "#texture" },
				"east": { "uv": [ 6, 0, 9, 7.5 ], "texture": "#texture" }
			}
		},
		{
			"__comment": "Box1",
			"from": [ 6.5, 25.25, 11.875 ],
			"to": [ 6.875, 27.5, 12.25 ],
			"rotation": { "origin": [ 6.5, 5, 8.5 ], "axis": "z", "angle": 45 },
			"faces": {
				"down": { "uv": [ 7.5, 6, 8, 9 ], "texture": "#texture" },
				"up": { "uv": [ 7.5, 7, 8, 10 ], "texture": "#texture" },
				"north": { "uv": [ 8, 0, 8.5, 7.5 ], "texture": "#texture" },
				"south": { "uv": [ 7.5, 0, 8, 7.5 ], "texture": "#texture" },
				"west": { "uv": [ 7, 0, 10, 7.5 ], "texture": "#texture" },
				"east": { "uv": [ 6, 0, 9, 7.5 ], "texture": "#texture" }
			}
		},
		{
			"__comment": "Box1",
			"from": [ 6.5, 5, 7.125 ],
			"to": [ 6.875, 7.25, 7.5 ],
			"rotation": { "origin": [ 6.5, 5, 8.5 ], "axis": "z", "angle": 45 },
			"faces": {
				"down": { "uv": [ 7.5, 6, 8, 9 ], "texture": "#texture", "rotation": 180 },
				"up": { "uv": [ 7.5, 7, 8, 10 ], "texture": "#texture", "rotation": 180 },
				"north": { "uv": [ 7.5, 0, 8, 7.5 ], "texture": "#texture" },
				"south": { "uv": [ 8, 0, 8.5, 7.5 ], "texture": "#texture" },
				"west": { "uv": [ 6, 0, 9, 7.5 ], "texture": "#texture" },
				"east": { "uv": [ 7, 0, 10, 7.5 ], "texture": "#texture" }
			}
		},
		{
			"__comment": "Box1",
			"from": [ 6.5, 7.25, 6.75 ],
			"to": [ 6.875, 9.5, 7.125 ],
			"rotation": { "origin": [ 6.5, 5, 8.5 ], "axis": "z", "angle": 45 },
			"faces": {
				"down": { "uv": [ 7.5, 6, 8, 9 ], "texture": "#texture", "rotation": 180 },
				"up": { "uv": [ 7.5, 7, 8, 10 ], "texture": "#texture", "rotation": 180 },
				"north": { "uv": [ 7.5, 0, 8, 7.5 ], "texture": "#texture" },
				"south": { "uv": [ 8, 0, 8.5, 7.5 ], "texture": "#texture" },
				"west": { "uv": [ 6, 0, 9, 7.5 ], "texture": "#texture" },
				"east": { "uv": [ 7, 0, 10, 7.5 ], "texture": "#texture" }
			}
		},
		{
			"__comment": "Box1",
			"from": [ 6.5, 9.5, 6.375 ],
			"to": [ 6.875, 11.75, 6.75 ],
			"rotation": { "origin": [ 6.5, 5, 8.5 ], "axis": "z", "angle": 45 },
			"faces": {
				"down": { "uv": [ 7.5, 6, 8, 9 ], "texture": "#texture", "rotation": 180 },
				"up": { "uv": [ 7.5, 7, 8, 10 ], "texture": "#texture", "rotation": 180 },
				"north": { "uv": [ 7.5, 0, 8, 7.5 ], "texture": "#texture" },
				"south": { "uv": [ 8, 0, 8.5, 7.5 ], "texture": "#texture" },
				"west": { "uv": [ 6, 0, 9, 7.5 ], "texture": "#texture" },
				"east": { "uv": [ 7, 0, 10, 7.5 ], "texture": "#texture" }
			}
		},
		{
			"__comment": "Box1",
			"from": [ 6.5, 11.75, 6 ],
			"to": [ 6.875, 14, 6.375 ],
			"rotation": { "origin": [ 6.5, 5, 8.5 ], "axis": "z", "angle": 45 },
			"faces": {
				"down": { "uv": [ 7.5, 6, 8, 9 ], "texture": "#texture", "rotation": 180 },
				"up": { "uv": [ 7.5, 7, 8, 10 ], "texture": "#texture", "rotation": 180 },
				"north": { "uv": [ 7.5, 0, 8, 7.5 ], "texture": "#texture" },
				"south": { "uv": [ 8, 0, 8.5, 7.5 ], "texture": "#texture" },
				"west": { "uv": [ 6, 0, 9, 7.5 ], "texture": "#texture" },
				"east": { "uv": [ 7, 0, 10, 7.5 ], "texture": "#texture" }
			}
		},
		{
			"__comment": "Box1",
			"from": [ 6.5, 14, 5.625 ],
			"to": [ 6.875, 16.25, 6 ],
			"rotation": { "origin": [ 6.5, 5, 8.5 ], "axis": "z", "angle": 45 },
			"faces": {
				"down": { "uv": [ 7.5, 6, 8, 9 ], "texture": "#texture", "rotation": 180 },
				"up": { "uv": [ 7.5, 7, 8, 10 ], "texture": "#texture", "rotation": 180 },
				"north": { "uv": [ 7.5, 0, 8, 7.5 ], "texture": "#texture" },
				"south": { "uv": [ 8, 0, 8.5, 7.5 ], "texture": "#texture" },
				"west": { "uv": [ 6, 0, 9, 7.5 ], "texture": "#texture" },
				"east": { "uv": [ 7, 0, 10, 7.5 ], "texture": "#texture" }
			}
		},
		{
			"__comment": "Box1",
			"from": [ 6.5, 16.25, 5.25 ],
			"to": [ 6.875, 18.5, 5.625 ],
			"rotation": { "origin": [ 6.5, 5, 8.5 ], "axis": "z", "angle": 45 },
			"faces": {
				"down": { "uv": [ 7.5, 6, 8, 9 ], "texture": "#texture", "rotation": 180 },
				"up": { "uv": [ 7.5, 7, 8, 10 ], "texture": "#texture", "rotation": 180 },
				"north": { "uv": [ 7.5, 0, 8, 7.5 ], "texture": "#texture" },
				"south": { "uv": [ 8, 0, 8.5, 7.5 ], "texture": "#texture" },
				"west": { "uv": [ 6, 0, 9, 7.5 ], "texture": "#texture" },
				"east": { "uv": [ 7, 0, 10, 7.5 ], "texture": "#texture" }
			}
		},
		{
			"__comment": "Box1",
			"from": [ 6.5, 18.5, 4.875 ],
			"to": [ 6.875, 20.75, 5.25 ],
			"rotation": { "origin": [ 6.5, 5, 8.5 ], "axis": "z", "angle": 45 },
			"faces": {
				"down": { "uv": [ 7.5, 6, 8, 9 ], "texture": "#texture", "rotation": 180 },
				"up": { "uv": [ 7.5, 7, 8, 10 ], "texture": "#texture", "rotation": 180 },
				"north": { "uv": [ 7.5, 0, 8, 7.5 ], "texture": "#texture" },
				"south": { "uv": [ 8, 0, 8.5, 7.5 ], "texture": "#texture" },
				"west": { "uv": [ 6, 0, 9, 7.5 ], "texture": "#texture" },
				"east": { "uv": [ 7, 0, 10, 7.5 ], "texture": "#texture" }
			}
		},
		{
			"__comment": "Box1",
			"from": [ 6.5, 20.75, 4.5 ],
			"to": [ 6.875, 23, 4.875 ],
			"rotation": { "origin": [ 6.5, 5, 8.5 ], "axis": "z", "angle": 45 },
			"faces": {
				"down": { "uv": [ 7.5, 6, 8, 9 ], "texture": "#texture", "rotation": 180 },
				"up": { "uv": [ 7.5, 7, 8, 10 ], "texture": "#texture", "rotation": 180 },
				"north": { "uv": [ 7.5, 0, 8, 7.5 ], "texture": "#texture" },
				"south": { "uv": [ 8, 0, 8.5, 7.5 ], "texture": "#texture" },
				"west": { "uv": [ 6, 0, 9, 7.5 ], "texture": "#texture" },
				"east": { "uv": [ 7, 0, 10, 7.5 ], "texture": "#texture" }
			}
		},
		{
			"__comment": "Box1",
			"from": [ 6.5, 23, 4.125 ],
			"to": [ 6.875, 25.25, 4.5 ],
			"rotation": { "origin": [ 6.5, 5, 8.5 ], "axis": "z", "angle": 45 },
			"faces": {
				"down": { "uv": [ 7.5, 6, 8, 9 ], "texture": "#texture", "rotation": 180 },
				"up": { "uv": [ 7.5, 7, 8, 10 ], "texture": "#texture", "rotation": 180 },
				"north": { "uv": [ 7.5, 0, 8, 7.5 ], "texture": "#texture" },
				"south": { "uv": [ 8, 0, 8.5, 7.5 ], "texture": "#texture" },
				"west": { "uv": [ 6, 0, 9, 7.5 ], "texture": "#texture" },
				"east": { "uv": [ 7, 0, 10, 7.5 ], "texture": "#texture" }
			}
		},
		{
			"__comment": "Box1",
			"from": [ 6.5, 25.25, 3.75 ],
			"to": [ 6.875, 27.5, 4.125 ],
			"rotation": { "origin": [ 6.5, 5, 8.5 ], "axis": "z", "angle": 45 },
			"faces": {
				"down": { "uv": [ 7.5, 6, 8, 9 ], "texture": "#texture", "rotation": 180 },
				"up": { "uv": [ 7.5, 7, 8, 10 ], "texture": "#texture", "rotation": 180 },
				"north": { "uv": [ 7.5, 0, 8, 7.5 ], "texture": "#texture" },
				"south": { "uv": [ 8, 0, 8.5, 7.5 ], "texture": "#texture" },
				"west": { "uv": [ 6, 0, 9, 7.5 ], "texture": "#texture" },
				"east": { "uv": [ 7, 0, 10, 7.5 ], "texture": "#texture" }
			}
		},
		{
			"__comment": "Box1",
			"from": [ 9.125, 5, 8.5 ],
			"to": [ 9.5, 7.25, 8.875 ],
			"rotation": { "origin": [ 9.5, 5, 7.5 ], "axis": "z", "angle": -45 },
			"faces": {
				"down": { "uv": [ 7.5, 6, 8, 9 ], "texture": "#texture" },
				"up": { "uv": [ 7.5, 7, 8, 10 ], "texture": "#texture" },
				"north": { "uv": [ 8, 0, 8.5, 7.5 ], "texture": "#texture" },
				"south": { "uv": [ 7.5, 0, 8, 7.5 ], "texture": "#texture" },
				"west": { "uv": [ 7, 0, 10, 7.5 ], "texture": "#texture" },
				"east": { "uv": [ 6, 0, 9, 7.5 ], "texture": "#texture" }
			}
		},
		{
			"__comment": "Box1",
			"from": [ 9.125, 5, 7.125 ],
			"to": [ 9.5, 7.25, 7.5 ],
			"rotation": { "origin": [ 9.5, 5, 7.5 ], "axis": "z", "angle": -45 },
			"faces": {
				"down": { "uv": [ 7.5, 6, 8, 9 ], "texture": "#texture", "rotation": 180 },
				"up": { "uv": [ 7.5, 7, 8, 10 ], "texture": "#texture", "rotation": 180 },
				"north": { "uv": [ 7.5, 0, 8, 7.5 ], "texture": "#texture" },
				"south": { "uv": [ 8, 0, 8.5, 7.5 ], "texture": "#texture" },
				"west": { "uv": [ 6, 0, 9, 7.5 ], "texture": "#texture" },
				"east": { "uv": [ 7, 0, 10, 7.5 ], "texture": "#texture" }
			}
		},
		{
			"__comment": "Box1",
			"from": [ 9.125, 7.25, 8.875 ],
			"to": [ 9.5, 9.5, 9.25 ],
			"rotation": { "origin": [ 9.5, 5, 7.5 ], "axis": "z", "angle": -45 },
			"faces": {
				"down": { "uv": [ 7.5, 6, 8, 9 ], "texture": "#texture" },
				"up": { "uv": [ 7.5, 7, 8, 10 ], "texture": "#texture" },
				"north": { "uv": [ 8, 0, 8.5, 7.5 ], "texture": "#texture" },
				"south": { "uv": [ 7.5, 0, 8, 7.5 ], "texture": "#texture" },
				"west": { "uv": [ 7, 0, 10, 7.5 ], "texture": "#texture" },
				"east": { "uv": [ 6, 0, 9, 7.5 ], "texture": "#texture" }
			}
		},
		{
			"__comment": "Box1",
			"from": [ 9.125, 7.25, 6.75 ],
			"to": [ 9.5, 9.5, 7.125 ],
			"rotation": { "origin": [ 9.5, 5, 7.5 ], "axis": "z", "angle": -45 },
			"faces": {
				"down": { "uv": [ 7.5, 6, 8, 9 ], "texture": "#texture", "rotation": 180 },
				"up": { "uv": [ 7.5, 7, 8, 10 ], "texture": "#texture", "rotation": 180 },
				"north": { "uv": [ 7.5, 0, 8, 7.5 ], "texture": "#texture" },
				"south": { "uv": [ 8, 0, 8.5, 7.5 ], "texture": "#texture" },
				"west": { "uv": [ 6, 0, 9, 7.5 ], "texture": "#texture" },
				"east": { "uv": [ 7, 0, 10, 7.5 ], "texture": "#texture" }
			}
		},
		{
			"__comment": "Box1",
			"from": [ 9.125, 9.5, 9.25 ],
			"to": [ 9.5, 11.75, 9.625 ],
			"rotation": { "origin": [ 9.5, 5, 7.5 ], "axis": "z", "angle": -45 },
			"faces": {
				"down": { "uv": [ 7.5, 6, 8, 9 ], "texture": "#texture" },
				"up": { "uv": [ 7.5, 7, 8, 10 ], "texture": "#texture" },
				"north": { "uv": [ 8, 0, 8.5, 7.5 ], "texture": "#texture" },
				"south": { "uv": [ 7.5, 0, 8, 7.5 ], "texture": "#texture" },
				"west": { "uv": [ 7, 0, 10, 7.5 ], "texture": "#texture" },
				"east": { "uv": [ 6, 0, 9, 7.5 ], "texture": "#texture" }
			}
		},
		{
			"__comment": "Box1",
			"from": [ 9.125, 9.5, 6.375 ],
			"to": [ 9.5, 11.75, 6.75 ],
			"rotation": { "origin": [ 9.5, 5, 7.5 ], "axis": "z", "angle": -45 },
			"faces": {
				"down": { "uv": [ 7.5, 6, 8, 9 ], "texture": "#texture", "rotation": 180 },
				"up": { "uv": [ 7.5, 7, 8, 10 ], "texture": "#texture", "rotation": 180 },
				"north": { "uv": [ 7.5, 0, 8, 7.5 ], "texture": "#texture" },
				"south": { "uv": [ 8, 0, 8.5, 7.5 ], "texture": "#texture" },
				"west": { "uv": [ 6, 0, 9, 7.5 ], "texture": "#texture" },
				"east": { "uv": [ 7, 0, 10, 7.5 ], "texture": "#texture" }
			}
		},
		{
			"__comment": "Box1",
			"from": [ 9.125, 11.75, 9.625 ],
			"to": [ 9.5, 14, 10 ],
			"rotation": { "origin": [ 9.5, 5, 7.5 ], "axis": "z", "angle": -45 },
			"faces": {
				"down": { "uv": [ 7.5, 6, 8, 9 ], "texture": "#texture" },
				"up": { "uv": [ 7.5, 7, 8, 10 ], "texture": "#texture" },
				"north": { "uv": [ 8, 0, 8.5, 7.5 ], "texture": "#texture" },
				"south": { "uv": [ 7.5, 0, 8, 7.5 ], "texture": "#texture" },
				"west": { "uv": [ 7, 0, 10, 7.5 ], "texture": "#texture" },
				"east": { "uv": [ 6, 0, 9, 7.5 ], "texture": "#texture" }
			}
		},
		{
			"__comment": "Box1",
			"from": [ 9.125, 11.75, 6 ],
			"to": [ 9.5, 14, 6.375 ],
			"rotation": { "origin": [ 9.5, 5, 7.5 ], "axis": "z", "angle": -45 },
			"faces": {
				"down": { "uv": [ 7.5, 6, 8, 9 ], "texture": "#texture", "rotation": 180 },
				"up": { "uv": [ 7.5, 7, 8, 10 ], "texture": "#texture", "rotation": 180 },
				"north": { "uv": [ 7.5, 0, 8, 7.5 ], "texture": "#texture" },
				"south": { "uv": [ 8, 0, 8.5, 7.5 ], "texture": "#texture" },
				"west": { "uv": [ 6, 0, 9, 7.5 ], "texture": "#texture" },
				"east": { "uv": [ 7, 0, 10, 7.5 ], "texture": "#texture" }
			}
		},
		{
			"__comment": "Box1",
			"from": [ 9.125, 14, 10 ],
			"to": [ 9.5, 16.25, 10.375 ],
			"rotation": { "origin": [ 9.5, 5, 7.5 ], "axis": "z", "angle": -45 },
			"faces": {
				"down": { "uv": [ 7.5, 6, 8, 9 ], "texture": "#texture" },
				"up": { "uv": [ 7.5, 7, 8, 10 ], "texture": "#texture" },
				"north": { "uv": [ 8, 0, 8.5, 7.5 ], "texture": "#texture" },
				"south": { "uv": [ 7.5, 0, 8, 7.5 ], "texture": "#texture" },
				"west": { "uv": [ 7, 0, 10, 7.5 ], "texture": "#texture" },
				"east": { "uv": [ 6, 0, 9, 7.5 ], "texture": "#texture" }
			}
		},
		{
			"__comment": "Box1",
			"from": [ 9.125, 14, 5.625 ],
			"to": [ 9.5, 16.25, 6 ],
			"rotation": { "origin": [ 9.5, 5, 7.5 ], "axis": "z", "angle": -45 },
			"faces": {
				"down": { "uv": [ 7.5, 6, 8, 9 ], "texture": "#texture", "rotation": 180 },
				"up": { "uv": [ 7.5, 7, 8, 10 ], "texture": "#texture", "rotation": 180 },
				"north": { "uv": [ 7.5, 0, 8, 7.5 ], "texture": "#texture" },
				"south": { "uv": [ 8, 0, 8.5, 7.5 ], "texture": "#texture" },
				"west": { "uv": [ 6, 0, 9, 7.5 ], "texture": "#texture" },
				"east": { "uv": [ 7, 0, 10, 7.5 ], "texture": "#texture" }
			}
		},
		{
			"__comment": "Box1",
			"from": [ 9.125, 16.25, 10.375 ],
			"to": [ 9.5, 18.5, 10.75 ],
			"rotation": { "origin": [ 9.5, 5, 7.5 ], "axis": "z", "angle": -45 },
			"faces": {
				"down": { "uv": [ 7.5, 6, 8, 9 ], "texture": "#texture" },
				"up": { "uv": [ 7.5, 7, 8, 10 ], "texture": "#texture" },
				"north": { "uv": [ 8, 0, 8.5, 7.5 ], "texture": "#texture" },
				"south": { "uv": [ 7.5, 0, 8, 7.5 ], "texture": "#texture" },
				"west": { "uv": [ 7, 0, 10, 7.5 ], "texture": "#texture" },
				"east": { "uv": [ 6, 0, 9, 7.5 ], "texture": "#texture" }
			}
		},
		{
			"__comment": "Box1",
			"from": [ 9.125, 16.25, 5.25 ],
			"to": [ 9.5, 18.5, 5.625 ],
			"rotation": { "origin": [ 9.5, 5, 7.5 ], "axis": "z", "angle": -45 },
			"faces": {
				"down": { "uv": [ 7.5, 6, 8, 9 ], "texture": "#texture", "rotation": 180 },
				"up": { "uv": [ 7.5, 7, 8, 10 ], "texture": "#texture", "rotation": 180 },
				"north": { "uv": [ 7.5, 0, 8, 7.5 ], "texture": "#texture" },
				"south": { "uv": [ 8, 0, 8.5, 7.5 ], "texture": "#texture" },
				"west": { "uv": [ 6, 0, 9, 7.5 ], "texture": "#texture" },
				"east": { "uv": [ 7, 0, 10, 7.5 ], "texture": "#texture" }
			}
		},
		{
			"__comment": "Box1",
			"from": [ 9.125, 18.5, 10.75 ],
			"to": [ 9.5, 20.75, 11.125 ],
			"rotation": { "origin": [ 9.5, 5, 7.5 ], "axis": "z", "angle": -45 },
			"faces": {
				"down": { "uv": [ 7.5, 6, 8, 9 ], "texture": "#texture" },
				"up": { "uv": [ 7.5, 7, 8, 10 ], "texture": "#texture" },
				"north": { "uv": [ 8, 0, 8.5, 7.5 ], "texture": "#texture" },
				"south": { "uv": [ 7.5, 0, 8, 7.5 ], "texture": "#texture" },
				"west": { "uv": [ 7, 0, 10, 7.5 ], "texture": "#texture" },
				"east": { "uv": [ 6, 0, 9, 7.5 ], "texture": "#texture" }
			}
		},
		{
			"__comment": "Box1",
			"from": [ 9.125, 18.5, 4.875 ],
			"to": [ 9.5, 20.75, 5.25 ],
			"rotation": { "origin": [ 9.5, 5, 7.5 ], "axis": "z", "angle": -45 },
			"faces": {
				"down": { "uv": [ 7.5, 6, 8, 9 ], "texture": "#texture", "rotation": 180 },
				"up": { "uv": [ 7.5, 7, 8, 10 ], "texture": "#texture", "rotation": 180 },
				"north": { "uv": [ 7.5, 0, 8, 7.5 ], "texture": "#texture" },
				"south": { "uv": [ 8, 0, 8.5, 7.5 ], "texture": "#texture" },
				"west": { "uv": [ 6, 0, 9, 7.5 ], "texture": "#texture" },
				"east": { "uv": [ 7, 0, 10, 7.5 ], "texture": "#texture" }
			}
		},
		{
			"__comment": "Box1",
			"from": [ 9.125, 20.75, 11.125 ],
			"to": [ 9.5, 23, 11.5 ],
			"rotation": { "origin": [ 9.5, 5, 7.5 ], "axis": "z", "angle": -45 },
			"faces": {
				"down": { "uv": [ 7.5, 6, 8, 9 ], "texture": "#texture" },
				"up": { "uv": [ 7.5, 7, 8, 10 ], "texture": "#texture" },
				"north": { "uv": [ 8, 0, 8.5, 7.5 ], "texture": "#texture" },
				"south": { "uv": [ 7.5, 0, 8, 7.5 ], "texture": "#texture" },
				"west": { "uv": [ 7, 0, 10, 7.5 ], "texture": "#texture" },
				"east": { "uv": [ 6, 0, 9, 7.5 ], "texture": "#texture" }
			}
		},
		{
			"__comment": "Box1",
			"from": [ 9.125, 20.75, 4.5 ],
			"to": [ 9.5, 23, 4.875 ],
			"rotation": { "origin": [ 9.5, 5, 7.5 ], "axis": "z", "angle": -45 },
			"faces": {
				"down": { "uv": [ 7.5, 6, 8, 9 ], "texture": "#texture", "rotation": 180 },
				"up": { "uv": [ 7.5, 7, 8, 10 ], "texture": "#texture", "rotation": 180 },
				"north": { "uv": [ 7.5, 0, 8, 7.5 ], "texture": "#texture" },
				"south": { "uv": [ 8, 0, 8.5, 7.5 ], "texture": "#texture" },
				"west": { "uv": [ 6, 0, 9, 7.5 ], "texture": "#texture" },
				"east": { "uv": [ 7, 0, 10, 7.5 ], "texture": "#texture" }
			}
		},
		{
			"__comment": "Box1",
			"from": [ 9.125, 23, 11.5 ],
			"to": [ 9.5, 25.25, 11.875 ],
			"rotation": { "origin": [ 9.5, 5, 7.5 ], "axis": "z", "angle": -45 },
			"faces": {
				"down": { "uv": [ 7.5, 6, 8, 9 ], "texture": "#texture" },
				"up": { "uv": [ 7.5, 7, 8, 10 ], "texture": "#texture" },
				"north": { "uv": [ 8, 0, 8.5, 7.5 ], "texture": "#texture" },
				"south": { "uv": [ 7.5, 0, 8, 7.5 ], "texture": "#texture" },
				"west": { "uv": [ 7, 0, 10, 7.5 ], "texture": "#texture" },
				"east": { "uv": [ 6, 0, 9, 7.5 ], "texture": "#texture" }
			}
		},
		{
			"__comment": "Box1",
			"from": [ 9.125, 23, 4.125 ],
			"to": [ 9.5, 25.25, 4.5 ],
			"rotation": { "origin": [ 9.5, 5, 7.5 ], "axis": "z", "angle": -45 },
			"faces": {
				"down": { "uv": [ 7.5, 6, 8, 9 ], "texture": "#texture", "rotation": 180 },
				"up": { "uv": [ 7.5, 7, 8, 10 ], "texture": "#texture", "rotation": 180 },
				"north": { "uv": [ 7.5, 0, 8, 7.5 ], "texture": "#texture" },
				"south": { "uv": [ 8, 0, 8.5, 7.5 ], "texture": "#texture" },
				"west": { "uv": [ 6, 0, 9, 7.5 ], "texture": "#texture" },
				"east": { "uv": [ 7, 0, 10, 7.5 ], "texture": "#texture" }
			}
		},
		{
			"__comment": "Box1",
			"from": [ 9.125, 25.25, 11.875 ],
			"to": [ 9.5, 27.5, 12.25 ],
			"rotation": { "origin": [ 9.5, 5, 7.5 ], "axis": "z", "angle": -45 },
			"faces": {
				"down": { "uv": [ 7.5, 6, 8, 9 ], "texture": "#texture" },
				"up": { "uv": [ 7.5, 7, 8, 10 ], "texture": "#texture" },
				"north": { "uv": [ 8, 0, 8.5, 7.5 ], "texture": "#texture" },
				"south": { "uv": [ 7.5, 0, 8, 7.5 ], "texture": "#texture" },
				"west": { "uv": [ 7, 0, 10, 7.5 ], "texture": "#texture" },
				"east": { "uv": [ 6, 0, 9, 7.5 ], "texture": "#texture" }
			}
		},
		{
			"__comment": "Box1",
			"from": [ 9.125, 25.25, 3.75 ],
			"to": [ 9.5, 27.5, 4.125 ],
			"rotation": { "origin": [ 9.5, 5, 7.5 ], "axis": "z", "angle": -45 },
			"faces": {
				"down": { "uv": [ 7.5, 6, 8, 9 ], "texture": "#texture", "rotation": 180 },
				"up": { "uv": [ 7.5, 7, 8, 10 ], "texture": "#texture", "rotation": 180 },
				"north": { "uv": [ 7.5, 0, 8, 7.5 ], "texture": "#texture" },
				"south": { "uv": [ 8, 0, 8.5, 7.5 ], "texture": "#texture" },
				"west": { "uv": [ 6, 0, 9, 7.5 ], "texture": "#texture" },
				"east": { "uv": [ 7, 0, 10, 7.5 ], "texture": "#texture" }
			}
		}
	],
	"display": {
		"gui": {
			"rotation":  [ 30, 225, 0 ],
			"scale":  [ 0.625, 0.625, 0.625 ]
		},
		"head": {
			"translation":  [ 0, 15, 0 ],
			"scale":  [ 4, 4, 4 ]
		},
		"ground": {
			"translation":  [ 0, 3, 0 ],
			"scale":  [ 0.25, 0.25, 0.25 ]
		}
	}
}