{
"__comment": "Designed by Bob7l with BDcraft Cubik PRO 0.95 Beta - http://bdcraft.net",
"textures": {
    "bullet base": "blocks/bullet base",
    "bullet shell": "blocks/bullet shell"
},
"elements": [ 
{
    "from": [ 7.5, 3, 7.5 ],
    "to": [ 8.5, 8.5, 8.5 ],
    "faces": {
        "down":  { "uv": [ 8.5, 8.5, 7.5, 7.5 ], "texture": "#bullet shell" },
        "up":    { "uv": [ 7.5, 7.5, 8.5, 8.5 ], "texture": "#bullet shell" },
        "north": { "uv": [ 7.5, 7.5, 8.5, 13 ], "texture": "#bullet shell" },
        "south": { "uv": [ 7.5, 7.5, 8.5, 13 ], "texture": "#bullet shell" },
        "west":  { "uv": [ 7.5, 7.5, 8.5, 13 ], "texture": "#bullet shell" },
        "east":  { "uv": [ 7.5, 7.5, 8.5, 13 ], "texture": "#bullet shell" }
    }
},
{
    "from": [ 7.75, 7, 7.75 ],
    "to": [ 8.25, 10, 8.25 ],
    "faces": {
        "down":  { "uv": [ 8.25, 8.25, 7.75, 7.75 ], "texture": "#bullet base" },
        "up":    { "uv": [ 7.75, 7.75, 8.25, 8.25 ], "texture": "#bullet base" },
        "north": { "uv": [ 7.75, 6, 8.25, 9 ], "texture": "#bullet base" },
        "south": { "uv": [ 7.75, 6, 8.25, 9 ], "texture": "#bullet base" },
        "west":  { "uv": [ 7.75, 6, 8.25, 9 ], "texture": "#bullet base" },
        "east":  { "uv": [ 7.75, 6, 8.25, 9 ], "texture": "#bullet base" }
    }
},
{
    "from": [ 7.625, 8.375, 7.625 ],
    "to": [ 8.375, 9.3125, 8.375 ],
    "faces": {
        "down":  { "uv": [ 8.375, 8.375, 7.625, 7.625 ], "texture": "#bullet base" },
        "up":    { "uv": [ 7.625, 7.625, 8.375, 8.375 ], "texture": "#bullet base" },
        "north": { "uv": [ 7.625, 6.6875, 8.375, 7.625 ], "texture": "#bullet base" },
        "south": { "uv": [ 7.625, 6.6875, 8.375, 7.625 ], "texture": "#bullet base" },
        "west":  { "uv": [ 7.625, 6.6875, 8.375, 7.625 ], "texture": "#bullet base" },
        "east":  { "uv": [ 7.625, 6.6875, 8.375, 7.625 ], "texture": "#bullet base" }
    }
},
{
    "from": [ 7.875, 9.625, 7.875 ],
    "to": [ 8.125, 10.5625, 8.125 ],
    "faces": {
        "down":  { "uv": [ 8.125, 8.125, 7.875, 7.875 ], "texture": "#bullet base" },
        "up":    { "uv": [ 7.875, 7.875, 8.125, 8.125 ], "texture": "#bullet base" },
        "north": { "uv": [ 7.875, 5.4375, 8.125, 6.375 ], "texture": "#bullet base" },
        "south": { "uv": [ 7.875, 5.4375, 8.125, 6.375 ], "texture": "#bullet base" },
        "west":  { "uv": [ 7.875, 5.4375, 8.125, 6.375 ], "texture": "#bullet base" },
        "east":  { "uv": [ 7.875, 5.4375, 8.125, 6.375 ], "texture": "#bullet base" }
    }
},
{
    "from": [ 7.5, 2.625, 7.5 ],
    "to": [ 8.5, 2.875, 8.5 ],
    "faces": {
        "down":  { "uv": [ 8.5, 8.5, 7.5, 7.5 ], "texture": "#bullet shell" },
        "up":    { "uv": [ 7.5, 7.5, 8.5, 8.5 ], "texture": "#bullet shell" },
        "north": { "uv": [ 7.5, 13.125, 8.5, 13.375 ], "texture": "#bullet shell" },
        "south": { "uv": [ 7.5, 13.125, 8.5, 13.375 ], "texture": "#bullet shell" },
        "west":  { "uv": [ 7.5, 13.125, 8.5, 13.375 ], "texture": "#bullet shell" },
        "east":  { "uv": [ 7.5, 13.125, 8.5, 13.375 ], "texture": "#bullet shell" }
    }
},
{
    "from": [ 7.5625, 2.875, 7.5625 ],
    "to": [ 8.4375, 3.125, 8.4375 ],
    "faces": {
        "down":  { "uv": [ 8.4375, 8.4375, 7.5625, 7.5625 ], "texture": "#bullet shell" },
        "up":    { "uv": [ 7.5625, 7.5625, 8.4375, 8.4375 ], "texture": "#bullet shell" },
        "north": { "uv": [ 7.5625, 12.875, 8.4375, 13.125 ], "texture": "#bullet shell" },
        "south": { "uv": [ 7.5625, 12.875, 8.4375, 13.125 ], "texture": "#bullet shell" },
        "west":  { "uv": [ 7.5625, 12.875, 8.4375, 13.125 ], "texture": "#bullet shell" },
        "east":  { "uv": [ 7.5625, 12.875, 8.4375, 13.125 ], "texture": "#bullet shell" }
    }
},
{
    "from": [ 7.5625, 7.9375, 7.5625 ],
    "to": [ 8.4375, 8.9375, 8.4375 ],
    "faces": {
        "down":  { "uv": [ 8.4375, 8.4375, 7.5625, 7.5625 ], "texture": "#bullet base" },
        "up":    { "uv": [ 7.5625, 7.5625, 8.4375, 8.4375 ], "texture": "#bullet base" },
        "north": { "uv": [ 7.5625, 7.0625, 8.4375, 8.0625 ], "texture": "#bullet base" },
        "south": { "uv": [ 7.5625, 7.0625, 8.4375, 8.0625 ], "texture": "#bullet base" },
        "west":  { "uv": [ 7.5625, 7.0625, 8.4375, 8.0625 ], "texture": "#bullet base" },
        "east":  { "uv": [ 7.5625, 7.0625, 8.4375, 8.0625 ], "texture": "#bullet base" }
    }
},
{
    "from": [ 7.6875, 8.6875, 7.6875 ],
    "to": [ 8.3125, 9.6875, 8.3125 ],
    "faces": {
        "down":  { "uv": [ 8.3125, 8.3125, 7.6875, 7.6875 ], "texture": "#bullet base" },
        "up":    { "uv": [ 7.6875, 7.6875, 8.3125, 8.3125 ], "texture": "#bullet base" },
        "north": { "uv": [ 7.6875, 6.3125, 8.3125, 7.3125 ], "texture": "#bullet base" },
        "south": { "uv": [ 7.6875, 6.3125, 8.3125, 7.3125 ], "texture": "#bullet base" },
        "west":  { "uv": [ 7.6875, 6.3125, 8.3125, 7.3125 ], "texture": "#bullet base" },
        "east":  { "uv": [ 7.6875, 6.3125, 8.3125, 7.3125 ], "texture": "#bullet base" }
    }
},
{
    "from": [ 7.8125, 9.25, 7.8125 ],
    "to": [ 8.1875, 10.3125, 8.1875 ],
    "faces": {
        "down":  { "uv": [ 8.1875, 8.1875, 7.8125, 7.8125 ], "texture": "#bullet base" },
        "up":    { "uv": [ 7.8125, 7.8125, 8.1875, 8.1875 ], "texture": "#bullet base" },
        "north": { "uv": [ 7.8125, 5.6875, 8.1875, 6.75 ], "texture": "#bullet base" },
        "south": { "uv": [ 7.8125, 5.6875, 8.1875, 6.75 ], "texture": "#bullet base" },
        "west":  { "uv": [ 7.8125, 5.6875, 8.1875, 6.75 ], "texture": "#bullet base" },
        "east":  { "uv": [ 7.8125, 5.6875, 8.1875, 6.75 ], "texture": "#bullet base" }
    }
}
],
"display": {
    "thirdperson": {
        "rotation": [ 0, -90, 155 ],
        "translation": [ 0.2, 0.4, -2.2 ],
        "scale": [ 0.64, 0.35, 0.64 ]
    },
    "ground": {
        "rotation": [ 0, 0, 0 ],
        "translation": [ 0, 0, 0 ],
        "scale": [ 2.58, 1.23, 2.58 ]
    },
    "fixed": {
        "rotation": [ 0, 0, 0 ],
        "translation": [ 0, 0, 0 ],
        "scale": [ 2.54, 1.29, 2.54 ]
    },
    "firstperson": {
        "rotation": [ -7, -31, 0 ],
        "translation": [ 0, 2.4, 0 ],
        "scale": [ 1.76, 0.94, 1.76 ]
    },
    "gui": {
        "rotation": [ 0, 0, 0 ],
        "translation": [ 0, 0, 0 ],
        "scale": [ 1.89, 1.29, 1.89 ]
    }
}
}