{
	"__comment": "Designed by Bob7l with BDcraft Cubik PRO 0.95 Beta - http://bdcraft.net",
	"textures": {
		"texture": "blocks/hardened_clay_stained_green",
		"glass_black": "blocks/glass_black",
		"beacon": "blocks/beacon",
		"wool_colored_gray": "blocks/wool_colored_gray",
		"piston_bottom": "blocks/piston_bottom",
		"bed_feet_top": "blocks/bed_feet_top",
		"brewing_stand_base": "blocks/brewing_stand_base",
		"lava_flow": "blocks/lava_flow",
		"glass_gray": "blocks/glass_gray"
	},
	"elements": [ 	 
		{
			"from": [ 6, 5, -6 ],
			"to": [ 11, 10, -5 ],
			"faces": {
				"down": { "uv": [ 11, 5, 10, 4.5 ], "texture": "#brewing_stand_base" },
				"up": { "uv": [ 11, 4.5, 12, 5 ], "texture": "#brewing_stand_base" },
				"north": { "uv": [ 10, 4.5, 11, 5 ], "texture": "#brewing_stand_base" },
				"west": { "uv": [ 11, 4.5, 12, 5 ], "texture": "#brewing_stand_base" },
				"east": { "uv": [ 12, 4.5, 11, 5 ], "texture": "#brewing_stand_base" }
			}
		},
		{
			"from": [ 13, 6, -7 ],
			"to": [ 14, 13, -6 ],
			"rotation": { "origin": [ 13, 13, -7 ], "axis": "z", "angle": -45 },
			"faces": {
				"down": { "uv": [ 2, 13, 3, 12.5 ], "texture": "#wool_colored_gray" },
				"up": { "uv": [ 2, 12.5, 2.5, 13 ], "texture": "#wool_colored_gray" },
				"north": { "uv": [ 2, 12.5, 3, 13 ], "texture": "#wool_colored_gray" },
				"south": { "uv": [ 2, 12.5, 3, 13 ], "texture": "#wool_colored_gray" },
				"west": { "uv": [ 2, 12.5, 3, 13 ], "texture": "#wool_colored_gray" },
				"east": { "uv": [ 2, 12.5, 3, 13 ], "texture": "#wool_colored_gray" }
			}
		},
		{
			"from": [ 8, 0, -7 ],
			"to": [ 9, 7, -6 ],
			"rotation": { "origin": [ 8, 7, -7 ], "axis": "z", "angle": 45 },
			"faces": {
				"down": { "uv": [ 3, 13, 2, 12.5 ], "texture": "#wool_colored_gray" },
				"up": { "uv": [ 2, 12.5, 3, 13 ], "texture": "#wool_colored_gray" },
				"north": { "uv": [ 2, 12.5, 3, 13 ], "texture": "#wool_colored_gray" },
				"south": { "uv": [ 2, 12.5, 3, 13 ], "texture": "#wool_colored_gray" },
				"west": { "uv": [ 2, 12.5, 3, 13 ], "texture": "#wool_colored_gray" },
				"east": { "uv": [ 2, 12.5, 3, 13 ], "texture": "#wool_colored_gray" }
			}
		},
		{
			"from": [ 4, 12, -7 ],
			"to": [ 11, 13, -6 ],
			"rotation": { "origin": [ 4, 13, -7 ], "axis": "z", "angle": -45 },
			"faces": {
				"down": { "uv": [ 3, 12.5, 2, 12 ], "texture": "#wool_colored_gray" },
				"up": { "uv": [ 2, 12, 3, 13 ], "texture": "#wool_colored_gray" },
				"north": { "uv": [ 2, 12, 3, 12.5 ], "texture": "#wool_colored_gray" },
				"south": { "uv": [ 2, 12, 3, 12.5 ], "texture": "#wool_colored_gray" },
				"west": { "uv": [ 2, 12, 3, 12.5 ], "texture": "#wool_colored_gray" },
				"east": { "uv": [ 2, 12, 3, 12.5 ], "texture": "#wool_colored_gray" }
			}
		},
		{
			"from": [ 7, 6, -8 ],
			"to": [ 10, 9, -6 ],
			"faces": {
				"down": { "uv": [ 3.5, 13, 2, 12 ], "texture": "#wool_colored_gray" },
				"up": { "uv": [ 2, 12, 3.5, 13 ], "texture": "#wool_colored_gray" },
				"north": { "uv": [ 2, 12, 3.5, 13 ], "texture": "#wool_colored_gray" },
				"west": { "uv": [ 2, 12, 3.5, 13 ], "texture": "#wool_colored_gray" },
				"east": { "uv": [ 2, 12, 3.5, 13 ], "texture": "#wool_colored_gray" }
			}
		},
		{
			"from": [ 3, 2, -7 ],
			"to": [ 10, 3, -6 ],
			"rotation": { "origin": [ 3, 3, -7 ], "axis": "z", "angle": 45 },
			"faces": {
				"down": { "uv": [ 3, 13, 2, 12.5 ], "texture": "#wool_colored_gray" },
				"up": { "uv": [ 2, 12.5, 3, 13 ], "texture": "#wool_colored_gray" },
				"north": { "uv": [ 2, 12.5, 3, 13 ], "texture": "#wool_colored_gray" },
				"south": { "uv": [ 2, 12.5, 3, 13 ], "texture": "#wool_colored_gray" },
				"west": { "uv": [ 2, 12.5, 3, 13 ], "texture": "#wool_colored_gray" },
				"east": { "uv": [ 2, 12.5, 3, 13 ], "texture": "#wool_colored_gray" }
			}
		},
		{
			"from": [ 5, 4, -5 ],
			"to": [ 12, 11, 1 ],
			"faces": {
				"down": { "uv": [ 11, 1, 4, 0 ], "texture": "#texture" },
				"up": { "uv": [ 5, 0, 12, 1 ], "texture": "#texture" },
				"north": { "uv": [ 4, 5, 11, 12 ], "texture": "#texture" },
				"south": { "uv": [ 5, 5, 12, 12 ], "texture": "#texture" },
				"west": { "uv": [ 0, 5, 1, 12 ], "texture": "#texture" },
				"east": { "uv": [ 15, 5, 16, 12 ], "texture": "#texture" }
			}
		},
		{
			"from": [ 5, 4, 1 ],
			"to": [ 6, 10, 8 ],
			"faces": {
				"down": { "uv": [ 11, 8, 10, 1 ], "texture": "#texture" },
				"up": { "uv": [ 5, 1, 6, 8 ], "texture": "#texture" },
				"west": { "uv": [ 1, 6, 8, 12 ], "texture": "#texture" },
				"east": { "uv": [ 8, 6, 15, 12 ], "texture": "#texture" }
			}
		},
		{
			"from": [ 11, 4, 1 ],
			"to": [ 12, 10, 8 ],
			"faces": {
				"down": { "uv": [ 5, 8, 4, 1 ], "texture": "#texture" },
				"up": { "uv": [ 11, 1, 12, 8 ], "texture": "#texture" },
				"west": { "uv": [ 1, 6, 8, 12 ], "texture": "#texture" },
				"east": { "uv": [ 8, 6, 15, 12 ], "texture": "#texture" }
			}
		},
		{
			"from": [ 6, 4, 1 ],
			"to": [ 11, 5, 7 ],
			"faces": {
				"down": { "uv": [ 10, 7, 5, 1 ], "texture": "#texture" },
				"up": { "uv": [ 6, 1, 11, 7 ], "texture": "#texture" }
			}
		},
		{
			"from": [ 6, 4, 7 ],
			"to": [ 11, 11, 8 ],
			"faces": {
				"down": { "uv": [ 10, 8, 5, 7 ], "texture": "#texture" },
				"up": { "uv": [ 6, 7, 11, 8 ], "texture": "#texture" },
				"north": { "uv": [ 5, 5, 10, 12 ], "texture": "#texture" },
				"south": { "uv": [ 6, 5, 11, 12 ], "texture": "#texture" },
				"west": { "uv": [ 7, 5, 8, 12 ], "texture": "#texture" },
				"east": { "uv": [ 8, 5, 9, 12 ], "texture": "#texture" }
			}
		},
		{
			"from": [ 5, 4, 8 ],
			"to": [ 12, 10, 21 ],
			"faces": {
				"down": { "uv": [ 9, 14.5, 6.5, 8 ], "texture": "#texture" },
				"up": { "uv": [ 7, 8, 9.5, 14.5 ], "texture": "#texture" },
				"north": { "uv": [ 6.5, 11, 9, 13.5 ], "texture": "#texture" },
				"south": { "uv": [ 7, 11, 9.5, 13.5 ], "texture": "#texture" },
				"west": { "uv": [ 8, 11, 14.5, 13.5 ], "texture": "#texture" },
				"east": { "uv": [ 1.5, 11, 8, 13.5 ], "texture": "#texture" }
			}
		},
		{
			"from": [ 6, 5, 21 ],
			"to": [ 11, 9, 22 ],
			"faces": {
				"down": { "uv": [ 10, 16, 5, 16 ], "texture": "#brewing_stand_base" },
				"up": { "uv": [ 6, 16, 11, 16 ], "texture": "#brewing_stand_base" },
				"south": { "uv": [ 6, 7, 11, 11 ], "texture": "#brewing_stand_base" },
				"west": { "uv": [ 16, 7, 16, 11 ], "texture": "#brewing_stand_base" },
				"east": { "uv": [ 0, 7, 0, 11 ], "texture": "#brewing_stand_base" }
			}
		},
		{
			"from": [ 7, 6, 22 ],
			"to": [ 10, 8, 23 ],
			"faces": {
				"down": { "uv": [ 8.5, 15.5, 11, 14.5 ], "texture": "#lava_flow" },
				"up": { "uv": [ 5.5, 13, 8, 11.5 ], "texture": "#lava_flow" },
				"south": { "uv": [ 7.5, 12, 10, 14 ], "texture": "#lava_flow" },
				"west": { "uv": [ 15, 12, 16, 14.5 ], "texture": "#lava_flow" },
				"east": { "uv": [ 0.5, 12, 1.5, 14 ], "texture": "#lava_flow" }
			}
		},
		{
			"from": [ 6, 10, 15 ],
			"to": [ 11, 11, 21 ],
			"faces": {
				"up": { "uv": [ 6, 15, 11, 16 ], "texture": "#texture" },
				"north": { "uv": [ 5, 5, 10, 6 ], "texture": "#texture" },
				"south": { "uv": [ 6, 5, 11, 6 ], "texture": "#texture" },
				"west": { "uv": [ 15, 5, 16, 6 ], "texture": "#texture" },
				"east": { "uv": [ 0, 5, 1, 6 ], "texture": "#texture" }
			}
		},
		{
			"from": [ 7, 9, 18 ],
			"to": [ 10, 15, 20 ],
			"rotation": { "origin": [ 7, 15, 18 ], "axis": "x", "angle": 22.5 },
			"faces": {
				"down": { "uv": [ 16, 4.5, 16, 4 ], "texture": "#texture" },
				"up": { "uv": [ 0, 4, 0, 4.5 ], "texture": "#texture" },
				"north": { "uv": [ 16, 2.5, 16, 5.5 ], "texture": "#texture" },
				"south": { "uv": [ 0, 2.5, 0, 5.5 ], "texture": "#texture" },
				"west": { "uv": [ 4, 2.5, 4.5, 5.5 ], "texture": "#texture" },
				"east": { "uv": [ 11.5, 2.5, 12, 5.5 ], "texture": "#texture" }
			}
		},
		{
			"from": [ 7, 9, 18 ],
			"to": [ 10, 15, 20 ],
			"faces": {
				"down": { "uv": [ 16, 4.5, 16, 4 ], "texture": "#texture" },
				"up": { "uv": [ 0, 4, 0, 4.5 ], "texture": "#texture" },
				"north": { "uv": [ 16, 2.5, 16, 5.5 ], "texture": "#texture" },
				"south": { "uv": [ 0, 2.5, 0, 5.5 ], "texture": "#texture" },
				"west": { "uv": [ 4, 2.5, 4.5, 5.5 ], "texture": "#texture" },
				"east": { "uv": [ 11.5, 2.5, 12, 5.5 ], "texture": "#texture" }
			}
		},
		{
			"from": [ 7, 6, 17 ],
			"to": [ 10, 12, 19 ],
			"faces": {
				"down": { "uv": [ 16, 4.5, 16, 4 ], "texture": "#texture" },
				"up": { "uv": [ 0, 4, 0, 4.5 ], "texture": "#texture" },
				"north": { "uv": [ 16, 2.5, 16, 5.5 ], "texture": "#texture" },
				"south": { "uv": [ 0, 2.5, 0, 5.5 ], "texture": "#texture" },
				"west": { "uv": [ 4, 2.5, 4.5, 5.5 ], "texture": "#texture" },
				"east": { "uv": [ 11.5, 2.5, 12, 5.5 ], "texture": "#texture" }
			}
		},
		{
			"from": [ -8, 6, 8 ],
			"to": [ 6, 8, 13 ],
			"rotation": { "origin": [ -8, 6, 8 ], "axis": "y", "angle": 22.5 },
			"faces": {
				"down": { "uv": [ 15.5, 7, 10.5, 4.5 ], "texture": "#texture" },
				"up": { "uv": [ 0.5, 4.5, 5.5, 7 ], "texture": "#texture" },
				"north": { "uv": [ 10.5, 0, 15.5, 1 ], "texture": "#texture" },
				"south": { "uv": [ 0.5, 0, 5.5, 1 ], "texture": "#texture" },
				"west": { "uv": [ 4.5, 0, 7, 1 ], "texture": "#texture" },
				"east": { "uv": [ 9, 0, 11.5, 1 ], "texture": "#texture" }
			}
		},
		{
			"from": [ 12, 6, 3 ],
			"to": [ 26, 8, 8 ],
			"rotation": { "origin": [ 12, 6, 3 ], "axis": "y", "angle": -22.5 },
			"faces": {
				"down": { "uv": [ 15.5, 7, 10.5, 4.5 ], "texture": "#texture" },
				"up": { "uv": [ 0.5, 4.5, 5.5, 7 ], "texture": "#texture" },
				"north": { "uv": [ 10.5, 0, 15.5, 1 ], "texture": "#texture" },
				"south": { "uv": [ 0.5, 0, 5.5, 1 ], "texture": "#texture" },
				"east": { "uv": [ 9, 0, 11.5, 1 ], "texture": "#texture" }
			}
		},
		{
			"from": [ 0, 6, 20 ],
			"to": [ 8, 8, 22 ],
			"rotation": { "origin": [ 0, 6, 20 ], "axis": "y", "angle": 22.5 },
			"faces": {
				"down": { "uv": [ 15.5, 7, 10.5, 4.5 ], "texture": "#texture" },
				"up": { "uv": [ 0.5, 4.5, 5.5, 7 ], "texture": "#texture" },
				"north": { "uv": [ 10.5, 0, 15.5, 1 ], "texture": "#texture" },
				"south": { "uv": [ 0.5, 0, 5.5, 1 ], "texture": "#texture" },
				"west": { "uv": [ 4.5, 0, 7, 1 ], "texture": "#texture" },
				"east": { "uv": [ 9, 0, 11.5, 1 ], "texture": "#texture" }
			}
		},
		{
			"from": [ 10, 6, 17 ],
			"to": [ 18, 8, 19 ],
			"rotation": { "origin": [ 10, 6, 17 ], "axis": "y", "angle": -22.5 },
			"faces": {
				"down": { "uv": [ 15.5, 7, 10.5, 4.5 ], "texture": "#texture" },
				"up": { "uv": [ 0.5, 4.5, 5.5, 7 ], "texture": "#texture" },
				"north": { "uv": [ 10.5, 0, 15.5, 1 ], "texture": "#texture" },
				"south": { "uv": [ 0.5, 0, 5.5, 1 ], "texture": "#texture" },
				"east": { "uv": [ 9, 0, 11.5, 1 ], "texture": "#texture" }
			}
		},
		{
			"from": [ -6, 8, 9 ],
			"to": [ -4, 9, 11 ],
			"rotation": { "origin": [ -6, 8, 9 ], "axis": "y", "angle": 22.5 },
			"faces": {
				"up": { "uv": [ 15, 0, 16, 1 ], "texture": "#bed_feet_top" },
				"north": { "uv": [ 15, 0, 16, 1 ], "texture": "#bed_feet_top" },
				"south": { "uv": [ 15, 0, 16, 1 ], "texture": "#bed_feet_top" },
				"west": { "uv": [ 15, 0, 16, 1 ], "texture": "#bed_feet_top" },
				"east": { "uv": [ 15, 0, 16, 1 ], "texture": "#bed_feet_top" }
			}
		},
		{
			"from": [ 21, 8, 8 ],
			"to": [ 23, 9, 10 ],
			"rotation": { "origin": [ 21, 8, 8 ], "axis": "y", "angle": -22.5 },
			"faces": {
				"down": { "uv": [ 16, 1, 15, 0 ], "texture": "#bed_feet_top" },
				"up": { "uv": [ 15, 0, 16, 1 ], "texture": "#bed_feet_top" },
				"north": { "uv": [ 15, 0, 16, 1 ], "texture": "#bed_feet_top" },
				"south": { "uv": [ 15, 0, 16, 1 ], "texture": "#bed_feet_top" },
				"west": { "uv": [ 15, 0, 16, 1 ], "texture": "#bed_feet_top" },
				"east": { "uv": [ 15, 0, 16, 1 ], "texture": "#bed_feet_top" }
			}
		},
		{
			"from": [ 1, 5, 1 ],
			"to": [ 2, 6, 11 ],
			"faces": {
				"down": { "uv": [ 15, 11, 14, 1 ], "texture": "#brewing_stand_base" },
				"up": { "uv": [ 1, 1, 2, 11 ], "texture": "#brewing_stand_base" },
				"north": { "uv": [ 14, 10, 15, 11 ], "texture": "#brewing_stand_base" },
				"south": { "uv": [ 1, 10, 2, 11 ], "texture": "#brewing_stand_base" },
				"west": { "uv": [ 1, 10, 11, 11 ], "texture": "#brewing_stand_base" },
				"east": { "uv": [ 5, 10, 15, 11 ], "texture": "#brewing_stand_base" }
			}
		},
		{
			"from": [ 15, 5, 1 ],
			"to": [ 16, 6, 11 ],
			"faces": {
				"down": { "uv": [ 1, 11, 0, 1 ], "texture": "#brewing_stand_base" },
				"up": { "uv": [ 15, 1, 16, 11 ], "texture": "#brewing_stand_base" },
				"north": { "uv": [ 0, 10, 1, 11 ], "texture": "#brewing_stand_base" },
				"south": { "uv": [ 15, 10, 16, 11 ], "texture": "#brewing_stand_base" },
				"west": { "uv": [ 1, 10, 11, 11 ], "texture": "#brewing_stand_base" },
				"east": { "uv": [ 5, 10, 15, 11 ], "texture": "#brewing_stand_base" }
			}
		},
		{
			"from": [ 17, 5, 3 ],
			"to": [ 18, 6, 12 ],
			"faces": {
				"down": { "uv": [ 0, 12, 0, 3 ], "texture": "#brewing_stand_base" },
				"up": { "uv": [ 16, 3, 16, 12 ], "texture": "#brewing_stand_base" },
				"north": { "uv": [ 0, 10, 0, 11 ], "texture": "#brewing_stand_base" },
				"south": { "uv": [ 16, 10, 16, 11 ], "texture": "#brewing_stand_base" },
				"west": { "uv": [ 3, 10, 12, 11 ], "texture": "#brewing_stand_base" },
				"east": { "uv": [ 4, 10, 13, 11 ], "texture": "#brewing_stand_base" }
			}
		},
		{
			"from": [ -1, 5, 3 ],
			"to": [ 0, 6, 12 ],
			"faces": {
				"down": { "uv": [ 16, 12, 16, 3 ], "texture": "#brewing_stand_base" },
				"up": { "uv": [ 0, 3, 0, 12 ], "texture": "#brewing_stand_base" },
				"north": { "uv": [ 16, 10, 16, 11 ], "texture": "#brewing_stand_base" },
				"south": { "uv": [ 0, 10, 0, 11 ], "texture": "#brewing_stand_base" },
				"west": { "uv": [ 3, 10, 12, 11 ], "texture": "#brewing_stand_base" },
				"east": { "uv": [ 4, 10, 13, 11 ], "texture": "#brewing_stand_base" }
			}
		},
		{
			"from": [ 9, 8, 1 ],
			"to": [ 10, 10, 2 ],
			"faces": {
				"down": { "uv": [ 3, 13, 2, 12 ], "texture": "#wool_colored_gray" },
				"up": { "uv": [ 2, 12, 3, 13 ], "texture": "#wool_colored_gray" },
				"south": { "uv": [ 2, 12, 3, 13 ], "texture": "#wool_colored_gray" },
				"west": { "uv": [ 2, 12, 3, 13 ], "texture": "#wool_colored_gray" },
				"east": { "uv": [ 2, 12, 3, 13 ], "texture": "#wool_colored_gray" }
			}
		},
		{
			"from": [ 7, 8, 1 ],
			"to": [ 10, 9, 2 ],
			"faces": {
				"down": { "uv": [ 3, 12, 2, 13 ], "texture": "#wool_colored_gray" },
				"up": { "uv": [ 2, 12, 3, 13 ], "texture": "#wool_colored_gray" },
				"south": { "uv": [ 2, 12, 3, 13 ], "texture": "#wool_colored_gray" },
				"west": { "uv": [ 2, 12, 3, 13 ], "texture": "#wool_colored_gray" },
				"east": { "uv": [ 2, 12, 3, 13 ], "texture": "#wool_colored_gray" }
			}
		},
		{
			"from": [ 8, 5, 1 ],
			"to": [ 9, 8, 2 ],
			"faces": {
				"south": { "uv": [ 8, 8, 9, 11 ], "texture": "#wool_colored_gray" },
				"west": { "uv": [ 1, 8, 2, 11 ], "texture": "#wool_colored_gray" },
				"east": { "uv": [ 14, 8, 15, 11 ], "texture": "#wool_colored_gray" }
			}
		},
		{
			"from": [ 6, 6, 3 ],
			"to": [ 11, 8, 6 ],
			"faces": {
				"down": { "uv": [ 10, 6, 5, 3 ], "texture": "#piston_bottom" },
				"up": { "uv": [ 6, 3, 11, 6 ], "texture": "#piston_bottom" },
				"north": { "uv": [ 5, 8, 10, 10 ], "texture": "#piston_bottom" },
				"south": { "uv": [ 6, 8, 11, 10 ], "texture": "#piston_bottom" }
			}
		},
		{
			"from": [ 6, 7, 7 ],
			"to": [ 11, 12, 8 ],
			"rotation": { "origin": [ 6, 12, 7 ], "axis": "x", "angle": 22.5 },
			"faces": {
				"down": { "uv": [ 9, 12.5, 6.5, 12 ], "texture": "#piston_bottom" },
				"up": { "uv": [ 7, 12, 9.5, 12.5 ], "texture": "#piston_bottom" },
				"north": { "uv": [ 1, 2, 4, 5.5 ], "texture": "#piston_bottom" },
				"south": { "uv": [ 1, 3, 4, 6.5 ], "texture": "#piston_bottom" },
				"west": { "uv": [ 12, 3.5, 12.5, 6 ], "texture": "#piston_bottom" },
				"east": { "uv": [ 3.5, 3.5, 4, 6 ], "texture": "#piston_bottom" }
			}
		},
		{
			"from": [ 7, 8, 1 ],
			"to": [ 8, 10, 2 ],
			"faces": {
				"down": { "uv": [ 3, 13, 2, 12 ], "texture": "#wool_colored_gray" },
				"up": { "uv": [ 2, 12, 3, 13 ], "texture": "#wool_colored_gray" },
				"south": { "uv": [ 2, 12, 3, 13 ], "texture": "#wool_colored_gray" },
				"west": { "uv": [ 2, 12, 3, 13 ], "texture": "#wool_colored_gray" },
				"east": { "uv": [ 2, 12, 3, 13 ], "texture": "#wool_colored_gray" }
			}
		},
		{
			"from": [ 8, 1, -3 ],
			"to": [ 9, 3, -1 ],
			"faces": {
				"down": { "uv": [ 8, 0, 7, 0 ], "texture": "#wool_colored_gray" },
				"up": { "uv": [ 8, 0, 9, 0 ], "texture": "#wool_colored_gray" },
				"north": { "uv": [ 7, 13, 8, 15 ], "texture": "#wool_colored_gray" },
				"south": { "uv": [ 8, 13, 9, 15 ], "texture": "#wool_colored_gray" },
				"west": { "uv": [ 0, 13, 0, 15 ], "texture": "#wool_colored_gray" },
				"east": { "uv": [ 16, 13, 16, 15 ], "texture": "#wool_colored_gray" }
			}
		},
		{
			"from": [ 8, 3, -2 ],
			"to": [ 9, 4, -1 ],
			"faces": {
				"north": { "uv": [ 7, 12, 8, 13 ], "texture": "#brewing_stand_base" },
				"south": { "uv": [ 8, 12, 9, 13 ], "texture": "#brewing_stand_base" },
				"west": { "uv": [ 0, 12, 0, 13 ], "texture": "#brewing_stand_base" },
				"east": { "uv": [ 16, 12, 16, 13 ], "texture": "#brewing_stand_base" }
			}
		},
		{
			"from": [ 5, 1, 14 ],
			"to": [ 6, 3, 16 ],
			"faces": {
				"down": { "uv": [ 11, 16, 10, 14 ], "texture": "#wool_colored_gray" },
				"up": { "uv": [ 5, 14, 6, 16 ], "texture": "#wool_colored_gray" },
				"north": { "uv": [ 10, 13, 11, 15 ], "texture": "#wool_colored_gray" },
				"south": { "uv": [ 5, 13, 6, 15 ], "texture": "#wool_colored_gray" },
				"west": { "uv": [ 14, 13, 16, 15 ], "texture": "#wool_colored_gray" },
				"east": { "uv": [ 0, 13, 2, 15 ], "texture": "#wool_colored_gray" }
			}
		},
		{
			"from": [ 5, 3, 15 ],
			"to": [ 6, 4, 16 ],
			"faces": {
				"north": { "uv": [ 10, 12, 11, 13 ], "texture": "#brewing_stand_base" },
				"south": { "uv": [ 5, 12, 6, 13 ], "texture": "#brewing_stand_base" },
				"west": { "uv": [ 15, 12, 16, 13 ], "texture": "#brewing_stand_base" },
				"east": { "uv": [ 0, 12, 1, 13 ], "texture": "#brewing_stand_base" }
			}
		},
		{
			"from": [ 11, 1, 14 ],
			"to": [ 12, 3, 16 ],
			"faces": {
				"down": { "uv": [ 5, 16, 4, 14 ], "texture": "#wool_colored_gray" },
				"up": { "uv": [ 11, 14, 12, 16 ], "texture": "#wool_colored_gray" },
				"north": { "uv": [ 4, 13, 5, 15 ], "texture": "#wool_colored_gray" },
				"south": { "uv": [ 11, 13, 12, 15 ], "texture": "#wool_colored_gray" },
				"west": { "uv": [ 14, 13, 16, 15 ], "texture": "#wool_colored_gray" },
				"east": { "uv": [ 0, 13, 2, 15 ], "texture": "#wool_colored_gray" }
			}
		},
		{
			"from": [ 11, 3, 15 ],
			"to": [ 12, 4, 16 ],
			"faces": {
				"north": { "uv": [ 4, 12, 5, 13 ], "texture": "#brewing_stand_base" },
				"south": { "uv": [ 11, 12, 12, 13 ], "texture": "#brewing_stand_base" },
				"west": { "uv": [ 15, 12, 16, 13 ], "texture": "#brewing_stand_base" },
				"east": { "uv": [ 0, 12, 1, 13 ], "texture": "#brewing_stand_base" }
			}
		}
	],
	"display": {
		"head": {
			"translation":  [ -0.9, 0, 4 ],
			"scale":  [ 4, 4, 4 ]
		}
	}
}