{
"__comment": "Designed by Bob7l with BDcraft Cubik PRO 1.00 for MC1.8 - http://bdcraft.net",
"textures": {
    "texture": "blocks/zombiehead"
},
"elements": [ 
{
    "from": [ 4.5, 4.5, 4.5 ],
    "to": [ 11.5, 11.5, 11.5 ],
    "shade": false,
    "faces": {
        "down":  { "uv": [ 11, 5.5, 15.5, 10.5 ], "texture": "#texture" },
        "up":    { "uv": [ 5.5, 5.5, 10.5, 10.5 ], "texture": "#texture" },
        "north": { "uv": [ 5.5, 10.5, 10.5, 16 ], "texture": "#texture" },
        "south": { "uv": [ 10.5, 10.5, 15.5, 16 ], "texture": "#texture" },
        "west":  { "uv": [ 10.5, 10.5, 16, 16 ], "texture": "#texture" },
        "east":  { "uv": [ 0, 10.5, 5, 16 ], "texture": "#texture" }
    }
}
],
"display": {
    "head": {
        "rotation": [ 0, 0, 0 ],
        "translation": [ 0, 0, 0 ],
        "scale": [ 2, 2, 2 ]
    },
    "firstperson": {
        "rotation": [ 0, 0, 0 ],
        "translation": [ 0, 0, 0 ],
        "scale": [ 2, 2, 2 ]
    }
}
}