{
"__comment": "Designed by Bob7l with BDcraft Cubik PRO 0.95 Beta - http://bdcraft.net",
"textures": {
    "texture": "blocks/wool_colored_gray",
    "glass_light_blue": "blocks/glass",
    "piston_bottom": "blocks/piston_bottom"
},
"elements": [ 
{
    "from": [ 6, 6.5, 2 ],
    "to": [ 9.5, 10, 3 ],
    "faces": {
        "down":  { "uv": [ 10, 3, 6.5, 2 ], "texture": "#texture" },
        "up":    { "uv": [ 6, 2, 9.5, 3 ], "texture": "#texture" },
        "north": { "uv": [ 6.5, 6, 10, 9.5 ], "texture": "#texture" },
        "south": { "uv": [ 6, 6, 9.5, 9.5 ], "texture": "#texture" },
        "west":  { "uv": [ 2, 6, 3, 9.5 ], "texture": "#texture" },
        "east":  { "uv": [ 13, 6, 14, 9.5 ], "texture": "#texture" }
    }
},
{
    "from": [ 6.5, 9, 1.5 ],
    "to": [ 7, 9.5, 12 ],
    "faces": {
        "down":  { "uv": [ 9.5, 12, 9, 1.5 ], "texture": "#piston_bottom" },
        "up":    { "uv": [ 6.5, 1.5, 7, 12 ], "texture": "#piston_bottom" },
        "north": { "uv": [ 9, 6.5, 9.5, 7 ], "texture": "#piston_bottom" },
        "south": { "uv": [ 6.5, 6.5, 7, 7 ], "texture": "#piston_bottom" },
        "west":  { "uv": [ 1.5, 6.5, 12, 7 ], "texture": "#piston_bottom" },
        "east":  { "uv": [ 4, 6.5, 14.5, 7 ], "texture": "#piston_bottom" }
    }
},
{
    "from": [ 7.5, 9, 1.5 ],
    "to": [ 8, 9.5, 12 ],
    "faces": {
        "down":  { "uv": [ 8.5, 12, 8, 1.5 ], "texture": "#piston_bottom" },
        "up":    { "uv": [ 7.5, 1.5, 8, 12 ], "texture": "#piston_bottom" },
        "north": { "uv": [ 8, 6.5, 8.5, 7 ], "texture": "#piston_bottom" },
        "south": { "uv": [ 7.5, 6.5, 8, 7 ], "texture": "#piston_bottom" },
        "west":  { "uv": [ 1.5, 6.5, 12, 7 ], "texture": "#piston_bottom" },
        "east":  { "uv": [ 4, 6.5, 14.5, 7 ], "texture": "#piston_bottom" }
    }
},
{
    "from": [ 8.5, 9, 1.5 ],
    "to": [ 9, 9.5, 12 ],
    "faces": {
        "down":  { "uv": [ 7.5, 12, 7, 1.5 ], "texture": "#piston_bottom" },
        "up":    { "uv": [ 8.5, 1.5, 9, 12 ], "texture": "#piston_bottom" },
        "north": { "uv": [ 7, 6.5, 7.5, 7 ], "texture": "#piston_bottom" },
        "south": { "uv": [ 8.5, 6.5, 9, 7 ], "texture": "#piston_bottom" },
        "west":  { "uv": [ 1.5, 6.5, 12, 7 ], "texture": "#piston_bottom" },
        "east":  { "uv": [ 4, 6.5, 14.5, 7 ], "texture": "#piston_bottom" }
    }
},
{
    "from": [ 8.5, 8, 1.5 ],
    "to": [ 9, 8.5, 12 ],
    "faces": {
        "down":  { "uv": [ 7.5, 12, 7, 1.5 ], "texture": "#piston_bottom" },
        "up":    { "uv": [ 8.5, 1.5, 9, 12 ], "texture": "#piston_bottom" },
        "north": { "uv": [ 7, 7.5, 7.5, 8 ], "texture": "#piston_bottom" },
        "south": { "uv": [ 8.5, 7.5, 9, 8 ], "texture": "#piston_bottom" },
        "west":  { "uv": [ 1.5, 7.5, 12, 8 ], "texture": "#piston_bottom" },
        "east":  { "uv": [ 4, 7.5, 14.5, 8 ], "texture": "#piston_bottom" }
    }
},
{
    "from": [ 7.5, 8, 1.5 ],
    "to": [ 8, 8.5, 12 ],
    "faces": {
        "down":  { "uv": [ 8.5, 12, 8, 1.5 ], "texture": "#piston_bottom" },
        "up":    { "uv": [ 7.5, 1.5, 8, 12 ], "texture": "#piston_bottom" },
        "north": { "uv": [ 8, 7.5, 8.5, 8 ], "texture": "#piston_bottom" },
        "south": { "uv": [ 7.5, 7.5, 8, 8 ], "texture": "#piston_bottom" },
        "west":  { "uv": [ 1.5, 7.5, 12, 8 ], "texture": "#piston_bottom" },
        "east":  { "uv": [ 4, 7.5, 14.5, 8 ], "texture": "#piston_bottom" }
    }
},
{
    "from": [ 6.5, 8, 1.5 ],
    "to": [ 7, 8.5, 12 ],
    "faces": {
        "down":  { "uv": [ 9.5, 12, 9, 1.5 ], "texture": "#piston_bottom" },
        "up":    { "uv": [ 6.5, 1.5, 7, 12 ], "texture": "#piston_bottom" },
        "north": { "uv": [ 9, 7.5, 9.5, 8 ], "texture": "#piston_bottom" },
        "south": { "uv": [ 6.5, 7.5, 7, 8 ], "texture": "#piston_bottom" },
        "west":  { "uv": [ 1.5, 7.5, 12, 8 ], "texture": "#piston_bottom" },
        "east":  { "uv": [ 4, 7.5, 14.5, 8 ], "texture": "#piston_bottom" }
    }
},
{
    "from": [ 6.5, 7, 1.5 ],
    "to": [ 7, 7.5, 12 ],
    "faces": {
        "down":  { "uv": [ 9.5, 12, 9, 1.5 ], "texture": "#piston_bottom" },
        "up":    { "uv": [ 6.5, 1.5, 7, 12 ], "texture": "#piston_bottom" },
        "north": { "uv": [ 9, 8.5, 9.5, 9 ], "texture": "#piston_bottom" },
        "south": { "uv": [ 6.5, 8.5, 7, 9 ], "texture": "#piston_bottom" },
        "west":  { "uv": [ 1.5, 8.5, 12, 9 ], "texture": "#piston_bottom" },
        "east":  { "uv": [ 4, 8.5, 14.5, 9 ], "texture": "#piston_bottom" }
    }
},
{
    "from": [ 7.5, 7, 1.5 ],
    "to": [ 8, 7.5, 12 ],
    "faces": {
        "down":  { "uv": [ 8.5, 12, 8, 1.5 ], "texture": "#piston_bottom" },
        "up":    { "uv": [ 7.5, 1.5, 8, 12 ], "texture": "#piston_bottom" },
        "north": { "uv": [ 8, 8.5, 8.5, 9 ], "texture": "#piston_bottom" },
        "south": { "uv": [ 7.5, 8.5, 8, 9 ], "texture": "#piston_bottom" },
        "west":  { "uv": [ 1.5, 8.5, 12, 9 ], "texture": "#piston_bottom" },
        "east":  { "uv": [ 4, 8.5, 14.5, 9 ], "texture": "#piston_bottom" }
    }
},
{
    "from": [ 8.5, 7, 1.5 ],
    "to": [ 9, 7.5, 12 ],
    "faces": {
        "down":  { "uv": [ 7.5, 12, 7, 1.5 ], "texture": "#piston_bottom" },
        "up":    { "uv": [ 8.5, 1.5, 9, 12 ], "texture": "#piston_bottom" },
        "north": { "uv": [ 7, 8.5, 7.5, 9 ], "texture": "#piston_bottom" },
        "south": { "uv": [ 8.5, 8.5, 9, 9 ], "texture": "#piston_bottom" },
        "west":  { "uv": [ 1.5, 8.5, 12, 9 ], "texture": "#piston_bottom" },
        "east":  { "uv": [ 4, 8.5, 14.5, 9 ], "texture": "#piston_bottom" }
    }
},
{
    "from": [ 6, 10, 1.5 ],
    "to": [ 9.5, 10.5, 3 ],
    "faces": {
        "down":  { "uv": [ 10, 3, 6.5, 1.5 ], "texture": "#texture" },
        "up":    { "uv": [ 6, 1.5, 9.5, 3 ], "texture": "#texture" },
        "north": { "uv": [ 6.5, 5.5, 10, 6 ], "texture": "#texture" },
        "south": { "uv": [ 6, 5.5, 9.5, 6 ], "texture": "#texture" },
        "west":  { "uv": [ 1.5, 5.5, 3, 6 ], "texture": "#texture" },
        "east":  { "uv": [ 13, 5.5, 14.5, 6 ], "texture": "#texture" }
    }
},
{
    "from": [ 9.5, 6.5, 1.5 ],
    "to": [ 10, 10.5, 3 ],
    "faces": {
        "down":  { "uv": [ 6.5, 3, 6, 1.5 ], "texture": "#texture" },
        "up":    { "uv": [ 9.5, 1.5, 10, 3 ], "texture": "#texture" },
        "north": { "uv": [ 6, 5.5, 6.5, 9.5 ], "texture": "#texture" },
        "south": { "uv": [ 9.5, 5.5, 10, 9.5 ], "texture": "#texture" },
        "west":  { "uv": [ 1.5, 5.5, 3, 9.5 ], "texture": "#texture" },
        "east":  { "uv": [ 13, 5.5, 14.5, 9.5 ], "texture": "#texture" }
    }
},
{
    "from": [ 6, 6, 1.5 ],
    "to": [ 10, 6.5, 3 ],
    "faces": {
        "down":  { "uv": [ 10, 3, 6, 1.5 ], "texture": "#texture" },
        "up":    { "uv": [ 6, 1.5, 10, 3 ], "texture": "#texture" },
        "north": { "uv": [ 6, 9.5, 10, 10 ], "texture": "#texture" },
        "south": { "uv": [ 6, 9.5, 10, 10 ], "texture": "#texture" },
        "west":  { "uv": [ 1.5, 9.5, 3, 10 ], "texture": "#texture" },
        "east":  { "uv": [ 13, 9.5, 14.5, 10 ], "texture": "#texture" }
    }
},
{
    "from": [ 5.5, 6, 1.5 ],
    "to": [ 6, 10.5, 3 ],
    "faces": {
        "down":  { "uv": [ 10.5, 3, 10, 1.5 ], "texture": "#texture" },
        "up":    { "uv": [ 5.5, 1.5, 6, 3 ], "texture": "#texture" },
        "north": { "uv": [ 10, 5.5, 10.5, 10 ], "texture": "#texture" },
        "south": { "uv": [ 5.5, 5.5, 6, 10 ], "texture": "#texture" },
        "west":  { "uv": [ 1.5, 5.5, 3, 10 ], "texture": "#texture" },
        "east":  { "uv": [ 13, 5.5, 14.5, 10 ], "texture": "#texture" }
    }
},
{
    "from": [ 5.5, 6, 6 ],
    "to": [ 10, 10.5, 7 ],
    "faces": {
        "down":  { "uv": [ 10.5, 7, 6, 6 ], "texture": "#texture" },
        "up":    { "uv": [ 5.5, 6, 10, 7 ], "texture": "#texture" },
        "north": { "uv": [ 6, 5.5, 10.5, 10 ], "texture": "#texture" },
        "south": { "uv": [ 5.5, 5.5, 10, 10 ], "texture": "#texture" },
        "west":  { "uv": [ 6, 5.5, 7, 10 ], "texture": "#texture" },
        "east":  { "uv": [ 9, 5.5, 10, 10 ], "texture": "#texture" }
    }
},
{
    "from": [ 5.5, 6, 9.5 ],
    "to": [ 10, 10.5, 15 ],
    "faces": {
        "down":  { "uv": [ 10.5, 15, 6, 9.5 ], "texture": "#texture" },
        "up":    { "uv": [ 5.5, 9.5, 10, 15 ], "texture": "#texture" },
        "north": { "uv": [ 6, 5.5, 10.5, 10 ], "texture": "#texture" },
        "south": { "uv": [ 5.5, 5.5, 10, 10 ], "texture": "#texture" },
        "west":  { "uv": [ 9.5, 5.5, 15, 10 ], "texture": "#texture" },
        "east":  { "uv": [ 1, 5.5, 6.5, 10 ], "texture": "#texture" }
    }
},
{
    "from": [ 6, 6.5, 15 ],
    "to": [ 9.5, 10, 15.5 ],
    "faces": {
        "down":  { "uv": [ 10, 15.5, 6.5, 15 ], "texture": "#texture" },
        "up":    { "uv": [ 6, 15, 9.5, 15.5 ], "texture": "#texture" },
        "north": { "uv": [ 6.5, 6, 10, 9.5 ], "texture": "#texture" },
        "south": { "uv": [ 6, 6, 9.5, 9.5 ], "texture": "#texture" },
        "west":  { "uv": [ 15, 6, 15.5, 9.5 ], "texture": "#texture" },
        "east":  { "uv": [ 0.5, 6, 1, 9.5 ], "texture": "#texture" }
    }
},
{
    "from": [ 6.5, 12, 12 ],
    "to": [ 9, 12.5, 14.5 ],
    "faces": {
        "down":  { "uv": [ 9.5, 14.5, 7, 12 ], "texture": "#texture" },
        "up":    { "uv": [ 6.5, 12, 9, 14.5 ], "texture": "#texture" },
        "north": { "uv": [ 7, 3.5, 9.5, 4 ], "texture": "#texture" },
        "south": { "uv": [ 6.5, 3.5, 9, 4 ], "texture": "#texture" },
        "west":  { "uv": [ 12, 3.5, 14.5, 4 ], "texture": "#texture" },
        "east":  { "uv": [ 1.5, 3.5, 4, 4 ], "texture": "#texture" }
    }
},
{
    "from": [ 7, 10.5, 12.5 ],
    "to": [ 7.5, 12, 14 ],
    "faces": {
        "down":  { "uv": [ 9, 14, 8.5, 12.5 ], "texture": "#texture" },
        "up":    { "uv": [ 7, 12.5, 7.5, 14 ], "texture": "#texture" },
        "north": { "uv": [ 8.5, 4, 9, 5.5 ], "texture": "#texture" },
        "south": { "uv": [ 7, 4, 7.5, 5.5 ], "texture": "#texture" },
        "west":  { "uv": [ 12.5, 4, 14, 5.5 ], "texture": "#texture" },
        "east":  { "uv": [ 2, 4, 3.5, 5.5 ], "texture": "#texture" }
    }
},
{
    "from": [ 7, 11.5, 12.5 ],
    "to": [ 8.5, 12, 14 ],
    "faces": {
        "down":  { "uv": [ 9, 14, 7.5, 12.5 ], "texture": "#texture" },
        "up":    { "uv": [ 7, 12.5, 8.5, 14 ], "texture": "#texture" },
        "north": { "uv": [ 7.5, 4, 9, 4.5 ], "texture": "#texture" },
        "south": { "uv": [ 7, 4, 8.5, 4.5 ], "texture": "#texture" },
        "west":  { "uv": [ 12.5, 4, 14, 4.5 ], "texture": "#texture" },
        "east":  { "uv": [ 2, 4, 3.5, 4.5 ], "texture": "#texture" }
    }
},
{
    "from": [ 8, 10.5, 12.5 ],
    "to": [ 8.5, 12, 14 ],
    "faces": {
        "down":  { "uv": [ 8, 14, 7.5, 12.5 ], "texture": "#texture" },
        "up":    { "uv": [ 8, 12.5, 8.5, 14 ], "texture": "#texture" },
        "north": { "uv": [ 7.5, 4, 8, 5.5 ], "texture": "#texture" },
        "south": { "uv": [ 8, 4, 8.5, 5.5 ], "texture": "#texture" },
        "west":  { "uv": [ 12.5, 4, 14, 5.5 ], "texture": "#texture" },
        "east":  { "uv": [ 2, 4, 3.5, 5.5 ], "texture": "#texture" }
    }
},
{
    "from": [ 7, 10.5, 12.5 ],
    "to": [ 8.5, 11, 14 ],
    "faces": {
        "down":  { "uv": [ 9, 14, 7.5, 12.5 ], "texture": "#texture" },
        "up":    { "uv": [ 7, 12.5, 8.5, 14 ], "texture": "#texture" },
        "north": { "uv": [ 7.5, 5, 9, 5.5 ], "texture": "#texture" },
        "south": { "uv": [ 7, 5, 8.5, 5.5 ], "texture": "#texture" },
        "west":  { "uv": [ 12.5, 5, 14, 5.5 ], "texture": "#texture" },
        "east":  { "uv": [ 2, 5, 3.5, 5.5 ], "texture": "#texture" }
    }
},
{
    "from": [ 7, 7.5, 15.5 ],
    "to": [ 8.5, 9, 16 ],
    "faces": {
        "down":  { "uv": [ 9, 16, 7.5, 15.5 ], "texture": "#texture" },
        "up":    { "uv": [ 7, 15.5, 8.5, 16 ], "texture": "#texture" },
        "north": { "uv": [ 7.5, 7, 9, 8.5 ], "texture": "#texture" },
        "south": { "uv": [ 7, 7, 8.5, 8.5 ], "texture": "#texture" },
        "west":  { "uv": [ 15.5, 7, 16, 8.5 ], "texture": "#texture" },
        "east":  { "uv": [ 0, 7, 0.5, 8.5 ], "texture": "#texture" }
    }
},
{
    "from": [ 7, 10.5, 8.5 ],
    "to": [ 7.5, 12, 11 ],
    "faces": {
        "down":  { "uv": [ 9, 11, 8.5, 8.5 ], "texture": "#texture" },
        "up":    { "uv": [ 7, 8.5, 7.5, 11 ], "texture": "#texture" },
        "north": { "uv": [ 8.5, 4, 9, 5.5 ], "texture": "#texture" },
        "south": { "uv": [ 7, 4, 7.5, 5.5 ], "texture": "#texture" },
        "west":  { "uv": [ 8.5, 4, 11, 5.5 ], "texture": "#texture" },
        "east":  { "uv": [ 5, 4, 7.5, 5.5 ], "texture": "#texture" }
    }
},
{
    "from": [ 8, 10.5, 8.5 ],
    "to": [ 8.5, 12, 11 ],
    "faces": {
        "down":  { "uv": [ 8, 11, 7.5, 8.5 ], "texture": "#texture" },
        "up":    { "uv": [ 8, 8.5, 8.5, 11 ], "texture": "#texture" },
        "north": { "uv": [ 7.5, 4, 8, 5.5 ], "texture": "#texture" },
        "south": { "uv": [ 8, 4, 8.5, 5.5 ], "texture": "#texture" },
        "west":  { "uv": [ 8.5, 4, 11, 5.5 ], "texture": "#texture" },
        "east":  { "uv": [ 5, 4, 7.5, 5.5 ], "texture": "#texture" }
    }
},
{
    "from": [ 7, 10.5, 8.5 ],
    "to": [ 8.5, 11, 11 ],
    "faces": {
        "down":  { "uv": [ 9, 11, 7.5, 8.5 ], "texture": "#texture" },
        "up":    { "uv": [ 7, 8.5, 8.5, 11 ], "texture": "#texture" },
        "north": { "uv": [ 7.5, 5, 9, 5.5 ], "texture": "#texture" },
        "south": { "uv": [ 7, 5, 8.5, 5.5 ], "texture": "#texture" },
        "west":  { "uv": [ 8.5, 5, 11, 5.5 ], "texture": "#texture" },
        "east":  { "uv": [ 5, 5, 7.5, 5.5 ], "texture": "#texture" }
    }
},
{
    "from": [ 7, 11.5, 8.5 ],
    "to": [ 8.5, 12, 11 ],
    "faces": {
        "down":  { "uv": [ 9, 11, 7.5, 8.5 ], "texture": "#texture" },
        "up":    { "uv": [ 7, 8.5, 8.5, 11 ], "texture": "#texture" },
        "north": { "uv": [ 7.5, 4, 9, 4.5 ], "texture": "#texture" },
        "south": { "uv": [ 7, 4, 8.5, 4.5 ], "texture": "#texture" },
        "west":  { "uv": [ 8.5, 4, 11, 4.5 ], "texture": "#texture" },
        "east":  { "uv": [ 5, 4, 7.5, 4.5 ], "texture": "#texture" }
    }
},
{
    "from": [ 6, 5.5, 11 ],
    "to": [ 9.5, 6, 14 ],
    "faces": {
        "down":  { "uv": [ 10, 14, 6.5, 11 ], "texture": "#texture" },
        "up":    { "uv": [ 6, 11, 9.5, 14 ], "texture": "#texture" },
        "north": { "uv": [ 6.5, 10, 10, 10.5 ], "texture": "#texture" },
        "south": { "uv": [ 6, 10, 9.5, 10.5 ], "texture": "#texture" },
        "west":  { "uv": [ 11, 10, 14, 10.5 ], "texture": "#texture" },
        "east":  { "uv": [ 2, 10, 5, 10.5 ], "texture": "#texture" }
    }
},
{
    "from": [ 6.5, 5, 11.5 ],
    "to": [ 9, 5.5, 13.5 ],
    "faces": {
        "down":  { "uv": [ 9.5, 13.5, 7, 11.5 ], "texture": "#texture" },
        "up":    { "uv": [ 6.5, 11.5, 9, 13.5 ], "texture": "#texture" },
        "north": { "uv": [ 7, 10.5, 9.5, 11 ], "texture": "#texture" },
        "south": { "uv": [ 6.5, 10.5, 9, 11 ], "texture": "#texture" },
        "west":  { "uv": [ 11.5, 10.5, 13.5, 11 ], "texture": "#texture" },
        "east":  { "uv": [ 2.5, 10.5, 4.5, 11 ], "texture": "#texture" }
    }
},
{
    "from": [ 7.5, 11, 8.5 ],
    "to": [ 8, 11.5, 11 ],
    "faces": {
        "down":  { "uv": [ 8.5, 11, 8, 8.5 ], "texture": "#glass_light_blue" },
        "up":    { "uv": [ 7.5, 8.5, 8, 11 ], "texture": "#glass_light_blue" },
        "north": { "uv": [ 8, 4.5, 8.5, 5 ], "texture": "#glass_light_blue" },
        "south": { "uv": [ 7.5, 4.5, 8, 5 ], "texture": "#glass_light_blue" },
        "west":  { "uv": [ 8.5, 4.5, 11, 5 ], "texture": "#glass_light_blue" },
        "east":  { "uv": [ 5, 4.5, 7.5, 5 ], "texture": "#glass_light_blue" }
    }
},
{
    "from": [ 7, 10.5, 8 ],
    "to": [ 7.0625, 12, 8.5 ],
    "faces": {
        "down":  { "uv": [ 9, 8.5, 8.9375, 8 ], "texture": "#texture" },
        "up":    { "uv": [ 7, 8, 7.0625, 8.5 ], "texture": "#texture" },
        "north": { "uv": [ 8.9375, 4, 9, 5.5 ], "texture": "#texture" },
        "south": { "uv": [ 7, 4, 7.0625, 5.5 ], "texture": "#texture" },
        "west":  { "uv": [ 8, 4, 8.5, 5.5 ], "texture": "#texture" },
        "east":  { "uv": [ 7.5, 4, 8, 5.5 ], "texture": "#texture" }
    }
},
{
    "from": [ 7, 11.9375, 8 ],
    "to": [ 8.5, 12, 9 ],
    "faces": {
        "down":  { "uv": [ 9, 9, 7.5, 8 ], "texture": "#texture" },
        "up":    { "uv": [ 7, 8, 8.5, 9 ], "texture": "#texture" },
        "north": { "uv": [ 7.5, 4, 9, 4.0625 ], "texture": "#texture" },
        "south": { "uv": [ 7, 4, 8.5, 4.0625 ], "texture": "#texture" },
        "west":  { "uv": [ 8, 4, 9, 4.0625 ], "texture": "#texture" },
        "east":  { "uv": [ 7, 4, 8, 4.0625 ], "texture": "#texture" }
    }
},
{
    "from": [ 8.5, 10.5, 8 ],
    "to": [ 8.5625, 12, 8.5 ],
    "faces": {
        "down":  { "uv": [ 7.5, 8.5, 7.4375, 8 ], "texture": "#texture" },
        "up":    { "uv": [ 8.5, 8, 8.5625, 8.5 ], "texture": "#texture" },
        "north": { "uv": [ 7.4375, 4, 7.5, 5.5 ], "texture": "#texture" },
        "south": { "uv": [ 8.5, 4, 8.5625, 5.5 ], "texture": "#texture" },
        "west":  { "uv": [ 8, 4, 8.5, 5.5 ], "texture": "#texture" },
        "east":  { "uv": [ 7.5, 4, 8, 5.5 ], "texture": "#texture" }
    }
},
{
    "from": [ 7, 10.4375, 8 ],
    "to": [ 8.5, 10.5, 8.5 ],
    "faces": {
        "down":  { "uv": [ 9, 8.5, 7.5, 8 ], "texture": "#texture" },
        "up":    { "uv": [ 7, 8, 8.5, 8.5 ], "texture": "#texture" },
        "north": { "uv": [ 7.5, 5.5, 9, 5.5625 ], "texture": "#texture" },
        "south": { "uv": [ 7, 5.5, 8.5, 5.5625 ], "texture": "#texture" },
        "west":  { "uv": [ 8, 5.5, 8.5, 5.5625 ], "texture": "#texture" },
        "east":  { "uv": [ 7.5, 5.5, 8, 5.5625 ], "texture": "#texture" }
    }
}
],
"display": {
    "head": {
        "rotation": [ 0, 0, 0 ],
        "translation": [ 0.2, -0.8, -6.7 ],
        "scale": [ 1.76, 1.64, 3.21 ]
    }
}
}