{
"textures": {
    "particle": "#texture",
    "texture": "blocks/ironwindow"
},
"elements": [ 
{
    "__comment": "Left-hand post",
    "from": [ 0, 0, 7 ],
    "to": [ 2, 16, 9 ],
    "faces": {
        "down":  { "uv": [ 0, 7, 2, 9 ], "texture": "#texture", "cullface": "down" },
        "up":    { "uv": [ 0, 7, 2, 9 ], "texture": "#texture", "cullface": "up" },
        "north": { "uv": [ 0, 0, 2, 11 ], "texture": "#texture" },
        "south": { "uv": [ 0, 0, 2, 11 ], "texture": "#texture" },
        "west":  { "uv": [ 7, 0, 9, 11 ], "texture": "#texture", "cullface": "west" },
        "east":  { "uv": [ 7, 0, 9, 11 ], "texture": "#texture" }
    }
},
{
    "__comment": "Right-hand post",
    "from": [ 14, 0, 7 ],
    "to": [ 16, 16, 9 ],
    "faces": {
        "down":  { "uv": [ 14, 7, 16, 9 ], "texture": "#texture", "cullface": "down" },
        "up":    { "uv": [ 14, 7, 16, 9 ], "texture": "#texture", "cullface": "up" },
        "north": { "uv": [ 14, 0, 16, 11 ], "texture": "#texture" },
        "south": { "uv": [ 14, 0, 16, 11 ], "texture": "#texture" },
        "west":  { "uv": [ 7, 0, 9, 11 ], "texture": "#texture" },
        "east":  { "uv": [ 7, 0, 9, 11 ], "texture": "#texture", "cullface": "east" }
    }
},
{
    "from": [ 2, 2, 7.5 ],
    "to": [ 14, 14, 8.5 ],
    "faces": {
        "north": { "uv": [ 2, 2, 14, 14 ], "texture": "#texture" },
        "south": { "uv": [ 2, 2, 14, 14 ], "texture": "#texture" }
    }
},
{
    "from": [ 2, 14, 7 ],
    "to": [ 14, 16, 9 ],
    "faces": {
        "down":  { "uv": [ 14, 2, 2, 0 ], "texture": "#texture" },
        "up":    { "uv": [ 2, 0, 14, 2 ], "texture": "#texture", "cullface": "up" },
        "north": { "uv": [ 2, 0, 14, 2 ], "texture": "#texture" },
        "south": { "uv": [ 2, 0, 14, 2 ], "texture": "#texture" }
    }
},
{
    "from": [ 2, 0, 7 ],
    "to": [ 14, 2, 9 ],
    "faces": {
        "down":  { "uv": [ 14, 16, 2, 14 ], "texture": "#texture", "cullface": "down" },
        "up":    { "uv": [ 2, 14, 14, 16 ], "texture": "#texture" },
        "north": { "uv": [ 2, 14, 14, 16 ], "texture": "#texture" },
        "south": { "uv": [ 2, 14, 14, 16 ], "texture": "#texture" }
    }
},
{
    "from": [ 7, 2, 7 ],
    "to": [ 9, 14, 9 ],
    "faces": {
        "north": { "uv": [ 7, 2, 9, 14 ], "texture": "#texture" },
        "south": { "uv": [ 7, 2, 9, 14 ], "texture": "#texture" },
        "west":  { "uv": [ 7, 2, 9, 14 ], "texture": "#texture" },
        "east":  { "uv": [ 7, 2, 9, 14 ], "texture": "#texture" }
    }
}
]
}