{
"textures": {
    "texture": "blocks/ironwindow",
    "particle": "#texture"
},
"elements": [ 
{
    "__comment": "Left-hand post",
    "from": [ 0, 0, 7 ],
    "to": [ 2, 16, 9 ],
    "faces": {
        "down":  { "uv": [ 0, 7, 2, 9 ], "texture": "#texture", "cullface": "down" },
        "up":    { "uv": [ 0, 7, 2, 9 ], "texture": "#texture", "cullface": "up" },
        "north": { "uv": [ 0, 0, 2, 11 ], "texture": "#texture" },
        "south": { "uv": [ 0, 0, 2, 11 ], "texture": "#texture" },
        "west":  { "uv": [ 7, 0, 9, 11 ], "texture": "#texture", "cullface": "west" },
        "east":  { "uv": [ 7, 0, 9, 11 ], "texture": "#texture" }
    }
},
{
    "__comment": "Right-hand post",
    "from": [ 14, 0, 7 ],
    "to": [ 16, 16, 9 ],
    "faces": {
        "down":  { "uv": [ 14, 7, 16, 9 ], "texture": "#texture", "cullface": "down" },
        "up":    { "uv": [ 14, 7, 16, 9 ], "texture": "#texture", "cullface": "up" },
        "north": { "uv": [ 14, 0, 16, 11 ], "texture": "#texture" },
        "south": { "uv": [ 14, 0, 16, 11 ], "texture": "#texture" },
        "west":  { "uv": [ 7, 0, 9, 11 ], "texture": "#texture" },
        "east":  { "uv": [ 7, 0, 9, 11 ], "texture": "#texture", "cullface": "east" }
    }
},
{
    "from": [ 0.5, 2, 9 ],
    "to": [ 1.5, 14, 14 ],
    "faces": {
        "west":  { "uv": [ 9, 2, 14, 14 ], "texture": "#texture" },
        "east":  { "uv": [ 2, 2, 7, 14 ], "texture": "#texture" }
    }
},
{
    "from": [ 14.5, 2, 9 ],
    "to": [ 15.5, 14, 15 ],
    "faces": {
        "south": { "uv": [ 14.5, 2, 15.5, 14 ], "texture": "#texture" },
        "west":  { "uv": [ 9, 2, 15, 14 ], "texture": "#texture" },
        "east":  { "uv": [ 1, 2, 7, 14 ], "texture": "#texture" }
    }
},
{
    "from": [ 0, 2, 14 ],
    "to": [ 2, 14, 15 ],
    "faces": {
        "north": { "uv": [ 14, 2, 16, 14 ], "texture": "#texture" },
        "south": { "uv": [ 0, 2, 2, 14 ], "texture": "#texture" },
        "west":  { "uv": [ 14, 2, 15, 14 ], "texture": "#texture", "cullface": "west" },
        "east":  { "uv": [ 1, 2, 2, 14 ], "texture": "#texture" }
    }
},
{
    "from": [ 14, 0, 14 ],
    "to": [ 16, 16, 15 ],
    "faces": {
        "down":  { "uv": [ 2, 15, 0, 14 ], "texture": "#texture", "cullface": "down" },
        "up":    { "uv": [ 14, 14, 16, 15 ], "texture": "#texture", "cullface": "up" },
        "north": { "uv": [ 0, 0, 2, 16 ], "texture": "#texture" },
        "south": { "uv": [ 14, 0, 16, 16 ], "texture": "#texture" },
        "west":  { "uv": [ 14, 0, 15, 16 ], "texture": "#texture" },
        "east":  { "uv": [ 1, 0, 2, 16 ], "texture": "#texture", "cullface": "east" }
    }
},
{
    "from": [ 0, 0, 9 ],
    "to": [ 2, 2, 15 ],
    "faces": {
        "down":  { "uv": [ 16, 15, 14, 9 ], "texture": "#texture", "cullface": "down" },
        "up":    { "uv": [ 0, 9, 2, 15 ], "texture": "#texture" },
        "south": { "uv": [ 0, 14, 2, 16 ], "texture": "#texture" },
        "west":  { "uv": [ 9, 14, 15, 16 ], "texture": "#texture", "cullface": "west" },
        "east":  { "uv": [ 1, 14, 7, 16 ], "texture": "#texture" }
    }
},
{
    "from": [ 14, 0, 9 ],
    "to": [ 16, 2, 15 ],
    "faces": {
        "down":  { "uv": [ 2, 15, 0, 9 ], "texture": "#texture", "cullface": "down" },
        "up":    { "uv": [ 14, 9, 16, 15 ], "texture": "#texture" },
        "south": { "uv": [ 14, 14, 16, 16 ], "texture": "#texture" },
        "west":  { "uv": [ 9, 14, 15, 16 ], "texture": "#texture" },
        "east":  { "uv": [ 1, 14, 7, 16 ], "texture": "#texture", "cullface": "east" }
    }
},
{
    "from": [ 14, 14, 9 ],
    "to": [ 16, 16, 15 ],
    "faces": {
        "down":  { "uv": [ 2, 15, 0, 9 ], "texture": "#texture" },
        "up":    { "uv": [ 14, 9, 16, 15 ], "texture": "#texture", "cullface": "up" },
        "south": { "uv": [ 14, 0, 16, 2 ], "texture": "#texture" },
        "west":  { "uv": [ 9, 0, 15, 2 ], "texture": "#texture" },
        "east":  { "uv": [ 1, 0, 7, 2 ], "texture": "#texture", "cullface": "east" }
    }
},
{
    "from": [ 0, 14, 9 ],
    "to": [ 2, 16, 15 ],
    "faces": {
        "down":  { "uv": [ 16, 15, 14, 9 ], "texture": "#texture" },
        "up":    { "uv": [ 0, 9, 2, 15 ], "texture": "#texture", "cullface": "up" },
        "south": { "uv": [ 0, 0, 2, 2 ], "texture": "#texture" },
        "west":  { "uv": [ 9, 0, 15, 2 ], "texture": "#texture", "cullface": "west" },
        "east":  { "uv": [ 1, 0, 7, 2 ], "texture": "#texture" }
    }
}
]
}