{
	"__comment": "Designed by Bob7l with Cubik Studio - https://cubik.studio",
	"textures": {
		"1": "custom/gtaivapc/apctexture",
		"4": "blocks/anvil 1"
	},
	"elements": [ 	 
		{
			"__comment": "Element",
			"from": [ 6.5, 20.1749, 4.8 ],
			"to": [ 9.5, 22.1749, 7.8 ],
			"faces": {
				"up": { "uv": [ 0.016, 0.01599979, 15.984, 7.5 ], "texture": "#1", "rotation": 90 },
				"north": { "uv": [ 0.016, 0.01599979, 0.984, 7.5 ], "texture": "#1", "rotation": 90 },
				"south": { "uv": [ 0.016, 0.01599979, 0.984, 7.5 ], "texture": "#1", "rotation": 270 },
				"west": { "uv": [ 0.016, 0.01599979, 0.984, 15.984 ], "texture": "#1", "rotation": 270 },
				"east": { "uv": [ 0.016, 0.01599979, 0.984, 15.984 ], "texture": "#1", "rotation": 90 }
			}
		},
		{
			"__comment": "Element",
			"from": [ 4.8, 19.1749, 5.3 ],
			"to": [ 6.3, 22.6749, 7.3 ],
			"faces": {
				"up": { "uv": [ 0.016, 0.01599979, 15.984, 7.5 ], "texture": "#1", "rotation": 90 },
				"north": { "uv": [ 0.016, 0.01599979, 0.984, 7.5 ], "texture": "#1", "rotation": 90 },
				"south": { "uv": [ 0.016, 0.01599979, 0.984, 7.5 ], "texture": "#1", "rotation": 270 },
				"west": { "uv": [ 0.016, 0.01599979, 0.984, 15.984 ], "texture": "#1", "rotation": 270 },
				"east": { "uv": [ 0.016, 0.01599979, 0.984, 15.984 ], "texture": "#1", "rotation": 90 }
			}
		},
		{
			"__comment": "Element",
			"from": [ 6.3, 20.1749, 5.8 ],
			"to": [ 6.5, 21.6749, 6.8 ],
			"faces": {
				"up": { "uv": [ 0.016, 0.01599979, 15.984, 7.5 ], "texture": "#1", "rotation": 90 },
				"north": { "uv": [ 0.016, 0.01599979, 0.984, 7.5 ], "texture": "#1", "rotation": 90 },
				"south": { "uv": [ 0.016, 0.01599979, 0.984, 7.5 ], "texture": "#1", "rotation": 270 }
			}
		},
		{
			"__comment": "Element",
			"from": [ 9.7, 18.6749, 5.3 ],
			"to": [ 11.2, 22.1749, 7.3 ],
			"faces": {
				"up": { "uv": [ 0.016, 0.01599979, 15.984, 7.5 ], "texture": "#1", "rotation": 90 },
				"north": { "uv": [ 0.016, 0.01599979, 0.984, 7.5 ], "texture": "#1", "rotation": 90 },
				"south": { "uv": [ 0.016, 0.01599979, 0.984, 7.5 ], "texture": "#1", "rotation": 270 },
				"west": { "uv": [ 0.016, 0.01599979, 0.984, 15.984 ], "texture": "#1", "rotation": 270 },
				"east": { "uv": [ 0.016, 0.01599979, 0.984, 15.984 ], "texture": "#1", "rotation": 90 }
			}
		},
		{
			"__comment": "Element",
			"from": [ 9.5, 20.1749, 5.8 ],
			"to": [ 9.7, 21.1749, 6.8 ],
			"faces": {
				"down": { "uv": [ 0.016, 0.01599979, 0.016, 0.01599979 ], "texture": "#1" },
				"up": { "uv": [ 0.016, 0.01599979, 15.984, 7.5 ], "texture": "#1", "rotation": 90 },
				"north": { "uv": [ 0.016, 0.01599979, 0.984, 7.5 ], "texture": "#1", "rotation": 90 },
				"south": { "uv": [ 0.016, 0.01599979, 0.984, 7.5 ], "texture": "#1", "rotation": 270 }
			}
		},
		{
			"__comment": "Element",
			"from": [ 6.8, 20.6749, 8.099999 ],
			"to": [ 9.299999, 23.1749, 12.1 ],
			"faces": {
				"down": { "uv": [ 0.016, 0.01599979, 4.984, 0.9840002 ], "texture": "#4", "rotation": 90 },
				"up": { "uv": [ 0.016, 0.01599979, 4.984, 0.9840002 ], "texture": "#4", "rotation": 90 },
				"north": { "uv": [ 0.016, 0.01599979, 4.984, 0.9840002 ], "texture": "#4", "rotation": 90 },
				"west": { "uv": [ 0.016, 0.01599979, 4.984, 0.9840002 ], "texture": "#4", "rotation": 90 },
				"east": { "uv": [ 0.016, 0.01599979, 4.984, 0.9840002 ], "texture": "#4", "rotation": 90 }
			}
		},
		{
			"__comment": "Element",
			"from": [ 6.6, 20.5749, 8.599999 ],
			"to": [ 6.8, 23.0749, 9.599999 ],
			"faces": {
				"up": { "uv": [ 0.016, 0.01599979, 4.984, 0.9840002 ], "texture": "#4", "rotation": 90 },
				"north": { "uv": [ 0.016, 0.01599979, 4.984, 0.9840002 ], "texture": "#4", "rotation": 90 },
				"south": { "uv": [ 0.016, 0.01599979, 4.984, 0.9840002 ], "texture": "#4", "rotation": 90 },
				"west": { "uv": [ 0.016, 0.01599979, 4.984, 0.9840002 ], "texture": "#4", "rotation": 90 }
			}
		},
		{
			"__comment": "Element",
			"from": [ 6.6, 20.5749, 9.8 ],
			"to": [ 6.8, 23.0749, 10.8 ],
			"faces": {
				"up": { "uv": [ 0.016, 0.01599979, 4.984, 0.9840002 ], "texture": "#4", "rotation": 90 },
				"north": { "uv": [ 0.016, 0.01599979, 4.984, 0.9840002 ], "texture": "#4", "rotation": 90 },
				"south": { "uv": [ 0.016, 0.01599979, 4.984, 0.9840002 ], "texture": "#4", "rotation": 90 },
				"west": { "uv": [ 0.016, 0.01599979, 4.984, 0.9840002 ], "texture": "#4", "rotation": 90 }
			}
		},
		{
			"__comment": "Element",
			"from": [ 6.6, 20.5749, 11 ],
			"to": [ 6.8, 23.0749, 12 ],
			"faces": {
				"up": { "uv": [ 0.016, 0.01599979, 4.984, 0.9840002 ], "texture": "#4", "rotation": 90 },
				"north": { "uv": [ 0.016, 0.01599979, 4.984, 0.9840002 ], "texture": "#4", "rotation": 90 },
				"south": { "uv": [ 0.016, 0.01599979, 4.984, 0.9840002 ], "texture": "#4", "rotation": 90 },
				"west": { "uv": [ 0.016, 0.01599979, 4.984, 0.9840002 ], "texture": "#4", "rotation": 90 }
			}
		},
		{
			"__comment": "Element",
			"from": [ 6.6, 20.5749, 8.599999 ],
			"to": [ 9.1, 20.7749, 9.599999 ],
			"faces": {
				"down": { "uv": [ 0.016, 0.01599979, 4.984, 0.9840002 ], "texture": "#4" },
				"north": { "uv": [ 0.016, 0.01599979, 4.984, 0.9840002 ], "texture": "#4", "rotation": 180 },
				"south": { "uv": [ 0.016, 0.01599979, 4.984, 0.9840002 ], "texture": "#4" },
				"east": { "uv": [ 0.016, 0.01599979, 4.984, 0.9840002 ], "texture": "#4" }
			}
		},
		{
			"__comment": "Element",
			"from": [ 6.6, 20.5749, 9.8 ],
			"to": [ 9.1, 20.7749, 10.8 ],
			"faces": {
				"down": { "uv": [ 0.016, 0.01599979, 4.984, 0.9840002 ], "texture": "#4" },
				"north": { "uv": [ 0.016, 0.01599979, 4.984, 0.9840002 ], "texture": "#4", "rotation": 180 },
				"south": { "uv": [ 0.016, 0.01599979, 4.984, 0.9840002 ], "texture": "#4" },
				"east": { "uv": [ 0.016, 0.01599979, 4.984, 0.9840002 ], "texture": "#4" }
			}
		},
		{
			"__comment": "Element",
			"from": [ 6.6, 20.5749, 11 ],
			"to": [ 9.1, 20.7749, 12 ],
			"faces": {
				"down": { "uv": [ 0.016, 0.01599979, 4.984, 0.9840002 ], "texture": "#4" },
				"north": { "uv": [ 0.016, 0.01599979, 4.984, 0.9840002 ], "texture": "#4", "rotation": 180 },
				"south": { "uv": [ 0.016, 0.01599979, 4.984, 0.9840002 ], "texture": "#4" },
				"east": { "uv": [ 0.016, 0.01599979, 4.984, 0.9840002 ], "texture": "#4" }
			}
		},
		{
			"__comment": "Element",
			"from": [ 7.7, 18.1749, 9.599999 ],
			"to": [ 8.4, 20.6749, 10.3 ],
			"faces": {
				"north": { "uv": [ 0.016, 0.01599979, 4.984, 0.9840002 ], "texture": "#4", "rotation": 90 },
				"south": { "uv": [ 0.016, 0.01599979, 4.984, 0.9840002 ], "texture": "#4", "rotation": 90 },
				"west": { "uv": [ 0.016, 0.01599979, 4.984, 0.9840002 ], "texture": "#4", "rotation": 90 },
				"east": { "uv": [ 0.016, 0.01599979, 4.984, 0.9840002 ], "texture": "#4", "rotation": 90 }
			}
		},
		{
			"__comment": "Element",
			"from": [ 6.8, 21.3694, 10.7768 ],
			"to": [ 9.299999, 22.5694, 12.8768 ],
			"rotation": { "origin": [ 8.05, 22.61941, 12.27678 ], "axis": "x", "angle": -45 },
			"faces": {
				"down": { "uv": [ 0.016, 0.01599979, 4.984, 0.9840002 ], "texture": "#4", "rotation": 90 },
				"north": { "uv": [ 0.016, 0.01599979, 4.984, 0.9840002 ], "texture": "#4", "rotation": 90 },
				"south": { "uv": [ 0.016, 0.01599979, 4.984, 0.9840002 ], "texture": "#4", "rotation": 90 },
				"west": { "uv": [ 0.016, 0.01599979, 4.984, 0.9840002 ], "texture": "#4", "rotation": 90 },
				"east": { "uv": [ 0.016, 0.01599979, 4.984, 0.9840002 ], "texture": "#4", "rotation": 90 }
			}
		},
		{
			"__comment": "Element",
			"from": [ 6.8, 22.1749, 12.1 ],
			"to": [ 9.299999, 23.1749, 13.6 ],
			"faces": {
				"down": { "uv": [ 0.016, 0.01599979, 4.984, 0.9840002 ], "texture": "#4", "rotation": 90 },
				"up": { "uv": [ 0.016, 0.01599979, 4.984, 0.9840002 ], "texture": "#4", "rotation": 90 },
				"south": { "uv": [ 0.016, 0.01599979, 4.984, 0.9840002 ], "texture": "#4", "rotation": 90 },
				"west": { "uv": [ 0.016, 0.01599979, 4.984, 0.9840002 ], "texture": "#4", "rotation": 90 },
				"east": { "uv": [ 0.016, 0.01599979, 4.984, 0.9840002 ], "texture": "#4", "rotation": 90 }
			}
		},
		{
			"__comment": "asd2",
			"from": [ 7.5312, 21.9749, 3.5938 ],
			"to": [ 8.5312, 22.9749, 8.0938 ],
			"faces": {
				"down": { "uv": [ 0.016, 0.01599979, 4.984, 0.9840002 ], "texture": "#4", "rotation": 90 },
				"up": { "uv": [ 0.016, 0.01599979, 4.984, 0.9840002 ], "texture": "#4", "rotation": 90 },
				"north": { "uv": [ 0.016, 0.01599979, 4.984, 0.9840002 ], "texture": "#4", "rotation": 90 },
				"west": { "uv": [ 0.016, 0.01599979, 4.984, 0.9840002 ], "texture": "#4", "rotation": 90 },
				"east": { "uv": [ 0.016, 0.01599979, 4.984, 0.9840002 ], "texture": "#4" }
			}
		},
		{
			"__comment": "asd4",
			"from": [ 7.7188, 22.1749, 0.125 ],
			"to": [ 8.3188, 22.7749, 3.625 ],
			"faces": {
				"down": { "uv": [ 0.016, 0.01599979, 4.984, 0.9840002 ], "texture": "#4", "rotation": 90 },
				"up": { "uv": [ 0.016, 0.01599979, 4.984, 0.9840002 ], "texture": "#4", "rotation": 90 },
				"north": { "uv": [ 0.016, 0.01599979, 4.984, 0.9840002 ], "texture": "#4", "rotation": 90 },
				"west": { "uv": [ 0.016, 0.01599979, 4.984, 0.9840002 ], "texture": "#4", "rotation": 90 },
				"east": { "uv": [ 0.016, 0.01599979, 4.984, 0.9840002 ], "texture": "#4" }
			}
		},
		{
			"__comment": "asd3",
			"from": [ 7.8125, 22.2749, -3.375 ],
			"to": [ 8.2125, 22.6749, 0.125 ],
			"faces": {
				"down": { "uv": [ 0.016, 0.01599979, 4.984, 0.9840002 ], "texture": "#4", "rotation": 90 },
				"up": { "uv": [ 0.016, 0.01599979, 4.984, 0.9840002 ], "texture": "#4", "rotation": 90 },
				"west": { "uv": [ 0.016, 0.01599979, 4.984, 0.9840002 ], "texture": "#4", "rotation": 90 },
				"east": { "uv": [ 0.016, 0.01599979, 4.984, 0.9840002 ], "texture": "#4" }
			}
		},
		{
			"__comment": "asd1",
			"from": [ 7.625, 22.0749, -4.875 ],
			"to": [ 8.425, 22.8749, -3.375 ],
			"faces": {
				"down": { "uv": [ 0.016, 0.01599979, 4.984, 0.9840002 ], "texture": "#4", "rotation": 90 },
				"up": { "uv": [ 0.016, 0.01599979, 4.984, 0.9840002 ], "texture": "#4", "rotation": 90 },
				"north": { "uv": [ 0.016, 0.01599979, 4.984, 0.9840002 ], "texture": "#4", "rotation": 90 },
				"south": { "uv": [ 0.016, 0.01599979, 4.984, 0.9840002 ], "texture": "#4", "rotation": 90 },
				"west": { "uv": [ 0.016, 0.01599979, 4.984, 0.9840002 ], "texture": "#4", "rotation": 90 },
				"east": { "uv": [ 0.016, 0.01599979, 4.984, 0.9840002 ], "texture": "#4" }
			}
		}
	],
	"display": {
		"head": {
			"translation":  [ 0, -27, -4 ],
			"scale":  [ 4, 4, 4 ]
		}
	}
}