{
"__comment": "Designed by Bob7l with BDcraft Cubik PRO 0.95 Beta - http://bdcraft.net",
"textures": {
    "texture": "blocks/anvil_base",
    "coal_block": "blocks/coal_block"
},
"elements": [ 
{
    "from": [ 7.5, 5, 0 ],
    "to": [ 8.5, 6, 9 ],
    "faces": {
        "down":  { "uv": [ 1, 12, 0, 11 ], "texture": "#texture" },
        "up":    { "uv": [ 0, 11, 1, 11.5 ], "texture": "#texture" },
        "north": { "uv": [ 0, 11, 1, 12 ], "texture": "#texture" },
        "south": { "uv": [ 0, 11, 1, 12 ], "texture": "#texture" },
        "west":  { "uv": [ 0, 11, 1, 12 ], "texture": "#texture" },
        "east":  { "uv": [ 0, 11, 1, 12 ], "texture": "#texture" }
    }
},
{
    "from": [ 7.5, 5, 0 ],
    "to": [ 8, 6, 9 ],
    "rotation": { "origin": [ 7.5, 6, 0 ], "axis": "z", "angle": -45 },
    "faces": {
        "down":  { "uv": [ 0, 12, 1, 11.5 ], "texture": "#texture" },
        "up":    { "uv": [ 0, 11, 1, 12 ], "texture": "#texture" },
        "north": { "uv": [ 0, 11, 0.5, 12 ], "texture": "#texture" },
        "south": { "uv": [ 0, 11, 0.5, 12 ], "texture": "#texture" },
        "west":  { "uv": [ 0, 11, 1, 12 ], "texture": "#texture" },
        "east":  { "uv": [ 0, 11.5, 1, 12.5 ], "texture": "#texture" }
    }
},
{
    "from": [ 8.125, 4.70894, 0 ],
    "to": [ 8.625, 5.70894, 9 ],
    "rotation": { "origin": [ 8.125, 5.70894, 0 ], "axis": "z", "angle": 45 },
    "faces": {
        "down":  { "uv": [ 0.5, 12, 0, 11 ], "texture": "#texture" },
        "up":    { "uv": [ 0, 11, 0.5, 12 ], "texture": "#texture" },
        "north": { "uv": [ 0, 11, 0.5, 12 ], "texture": "#texture" },
        "south": { "uv": [ 0, 11, 0.5, 12 ], "texture": "#texture" },
        "west":  { "uv": [ 0, 11, 1, 12 ], "texture": "#texture" },
        "east":  { "uv": [ 0, 11, 1, 12 ], "texture": "#texture" }
    }
},
{
    "from": [ 6.75, 4.25, 0 ],
    "to": [ 7.25, 5.25, 9 ],
    "faces": {
        "down":  { "uv": [ 0, 12, 1, 11 ], "texture": "#texture" },
        "up":    { "uv": [ 0, 11, 1, 12 ], "texture": "#texture" },
        "north": { "uv": [ 0, 11, 0.5, 12 ], "texture": "#texture" },
        "south": { "uv": [ 0, 11, 0.5, 12 ], "texture": "#texture" },
        "west":  { "uv": [ 0, 11, 1, 12 ], "texture": "#texture" },
        "east":  { "uv": [ 0, 11, 1, 12 ], "texture": "#texture" }
    }
},
{
    "from": [ 8.6875, 4.3125, 0 ],
    "to": [ 9.1875, 5.3125, 9 ],
    "faces": {
        "down":  { "uv": [ 0, 12, 1, 11 ], "texture": "#texture" },
        "up":    { "uv": [ 0, 11, 1, 12 ], "texture": "#texture" },
        "north": { "uv": [ 0, 11, 1, 12 ], "texture": "#texture" },
        "south": { "uv": [ 0, 11, 1, 12 ], "texture": "#texture" },
        "west":  { "uv": [ 0, 11, 1, 12 ], "texture": "#texture" },
        "east":  { "uv": [ 0, 11, 1, 12 ], "texture": "#texture" }
    }
},
{
    "from": [ 7, 4.25, 0 ],
    "to": [ 9, 5, 9 ],
    "faces": {
        "down":  { "uv": [ 0, 12, 1, 11 ], "texture": "#texture" },
        "up":    { "uv": [ 0, 11, 1, 12 ], "texture": "#texture" },
        "north": { "uv": [ 0, 11, 0.5, 12 ], "texture": "#texture" },
        "south": { "uv": [ 0, 11, 0.5, 12 ], "texture": "#texture" },
        "west":  { "uv": [ 0, 11, 1, 12 ], "texture": "#texture" },
        "east":  { "uv": [ 0, 11, 1, 12 ], "texture": "#texture" }
    }
},
{
    "from": [ 7.5, 0.5, 6 ],
    "to": [ 8.5, 4.5, 7 ],
    "faces": {
        "down":  { "uv": [ 0, 12, 1, 11 ], "texture": "#texture" },
        "up":    { "uv": [ 0, 11, 1, 12 ], "texture": "#texture" },
        "north": { "uv": [ 0, 11, 0.5, 12 ], "texture": "#texture" },
        "south": { "uv": [ 0, 11, 0.5, 12 ], "texture": "#texture" },
        "west":  { "uv": [ 0, 11, 1, 12 ], "texture": "#texture" },
        "east":  { "uv": [ 0, 11, 1, 12 ], "texture": "#texture" }
    }
},
{
    "from": [ 6.5, 2.25, 9 ],
    "to": [ 9.5, 5.75, 27 ],
    "faces": {
        "down":  { "uv": [ 0, 12, 1, 11 ], "texture": "#texture" },
        "up":    { "uv": [ 0, 11, 1, 12 ], "texture": "#texture" },
        "north": { "uv": [ 0, 11, 0.5, 12 ], "texture": "#texture" },
        "south": { "uv": [ 0, 11, 0.5, 12 ], "texture": "#texture" },
        "west":  { "uv": [ 0, 11, 1, 12 ], "texture": "#texture" },
        "east":  { "uv": [ 0, 11, 1, 12 ], "texture": "#texture" }
    }
},
{
    "from": [ 8.6875, 5.625, 9 ],
    "to": [ 9.1875, 6.625, 27 ],
    "rotation": { "origin": [ 8.6875, 6.625, 9 ], "axis": "z", "angle": 22.5 },
    "faces": {
        "down":  { "uv": [ 0.5, 12, 0, 11 ], "texture": "#texture" },
        "up":    { "uv": [ 0, 11, 0.5, 12 ], "texture": "#texture" },
        "north": { "uv": [ 0, 11, 0.5, 12 ], "texture": "#texture" },
        "south": { "uv": [ 0, 11, 0.5, 12 ], "texture": "#texture" },
        "west":  { "uv": [ 0, 11, 1, 12 ], "texture": "#texture" },
        "east":  { "uv": [ 0, 11, 1, 12 ], "texture": "#texture" }
    }
},
{
    "from": [ 6.875, 5.8125, 9 ],
    "to": [ 7.375, 6.8125, 27 ],
    "rotation": { "origin": [ 6.875, 6.8125, 9 ], "axis": "z", "angle": -22.5 },
    "faces": {
        "down":  { "uv": [ 0.5, 12, 0, 11 ], "texture": "#texture" },
        "up":    { "uv": [ 0, 11, 0.5, 12 ], "texture": "#texture" },
        "north": { "uv": [ 0, 11, 0.5, 12 ], "texture": "#texture" },
        "south": { "uv": [ 0, 11, 0.5, 12 ], "texture": "#texture" },
        "west":  { "uv": [ 0, 11, 1, 12 ], "texture": "#texture" },
        "east":  { "uv": [ 0, 11, 1, 12 ], "texture": "#texture" }
    }
},
{
    "from": [ 6.875, 5.875, 9 ],
    "to": [ 9.125, 6.875, 27 ],
    "faces": {
        "down":  { "uv": [ 0.5, 12, 0, 11 ], "texture": "#texture" },
        "up":    { "uv": [ 0, 11, 0.5, 12 ], "texture": "#texture" },
        "north": { "uv": [ 0, 11, 0.5, 12 ], "texture": "#texture" },
        "south": { "uv": [ 0, 11, 0.5, 12 ], "texture": "#texture" },
        "west":  { "uv": [ 0, 11, 1, 12 ], "texture": "#texture" },
        "east":  { "uv": [ 0, 11, 1, 12 ], "texture": "#texture" }
    }
},
{
    "from": [ 7.5, -1.5, 28 ],
    "to": [ 8.5, 5.5, 29 ],
    "faces": {
        "down":  { "uv": [ 0, 12, 1, 11 ], "texture": "#texture" },
        "up":    { "uv": [ 0, 11, 1, 12 ], "texture": "#texture" },
        "north": { "uv": [ 0, 11, 0.5, 12 ], "texture": "#texture" },
        "south": { "uv": [ 0, 11, 0.5, 12 ], "texture": "#texture" },
        "west":  { "uv": [ 0, 11, 1, 12 ], "texture": "#texture" },
        "east":  { "uv": [ 0, 11, 1, 12 ], "texture": "#texture" }
    }
},
{
    "from": [ 6.5, 2.5, 27 ],
    "to": [ 9.5, 6, 29 ],
    "faces": {
        "down":  { "uv": [ 0, 12, 1, 11 ], "texture": "#texture" },
        "up":    { "uv": [ 0, 11, 1, 12 ], "texture": "#texture" },
        "north": { "uv": [ 0, 11, 0.5, 12 ], "texture": "#texture" },
        "south": { "uv": [ 0, 11, 0.5, 12 ], "texture": "#texture" },
        "west":  { "uv": [ 0, 11, 1, 12 ], "texture": "#texture" },
        "east":  { "uv": [ 0, 11, 1, 12 ], "texture": "#texture" }
    }
},
{
    "from": [ 7.5, 1.4375, 26.5 ],
    "to": [ 8.5, 1.5, 28 ],
    "faces": {
        "down":  { "uv": [ 0, 12, 1, 11 ], "texture": "#coal_block" },
        "up":    { "uv": [ 0, 11, 1, 12 ], "texture": "#coal_block" },
        "north": { "uv": [ 0, 11, 0.5, 12 ], "texture": "#coal_block" },
        "south": { "uv": [ 0, 11, 0.5, 12 ], "texture": "#coal_block" },
        "west":  { "uv": [ 0, 11, 1, 12 ], "texture": "#coal_block" },
        "east":  { "uv": [ 0, 11, 1, 12 ], "texture": "#coal_block" }
    }
},
{
    "from": [ 7.5, 1.5, 26.5 ],
    "to": [ 8.5, 2.5, 26.5625 ],
    "faces": {
        "down":  { "uv": [ 0, 12, 1, 11 ], "texture": "#coal_block" },
        "up":    { "uv": [ 0, 11, 1, 12 ], "texture": "#coal_block" },
        "north": { "uv": [ 0, 11, 0.5, 12 ], "texture": "#coal_block" },
        "south": { "uv": [ 0, 11, 0.5, 12 ], "texture": "#coal_block" },
        "west":  { "uv": [ 0, 11, 1, 12 ], "texture": "#coal_block" },
        "east":  { "uv": [ 0, 11, 1, 12 ], "texture": "#coal_block" }
    }
},
{
    "from": [ 7.75, 1.75, 27.5625 ],
    "to": [ 8.25, 3.25, 28.0625 ],
    "rotation": { "origin": [ 7.75, 3.25, 27.5625 ], "axis": "x", "angle": 22.5 },
    "faces": {
        "down":  { "uv": [ 6, 4, 7, 3 ], "texture": "#coal_block" },
        "up":    { "uv": [ 6, 3, 7, 4 ], "texture": "#coal_block" },
        "north": { "uv": [ 6, 3, 6.5, 4 ], "texture": "#coal_block" },
        "south": { "uv": [ 6, 3, 6.5, 4 ], "texture": "#coal_block" },
        "west":  { "uv": [ 6, 3, 7, 4 ], "texture": "#coal_block" },
        "east":  { "uv": [ 6, 3, 7, 4 ], "texture": "#coal_block" }
    }
},
{
    "from": [ 7.25, 5.3125, 1.0625 ],
    "to": [ 7.5, 5.9375, 2.0625 ],
    "rotation": { "origin": [ 7.25, 5.9375, 1.0625 ], "axis": "z", "angle": -45 },
    "faces": {
        "down":  { "uv": [ 6, 3.5, 7, 3 ], "texture": "#coal_block" },
        "up":    { "uv": [ 6, 3, 7, 4 ], "texture": "#coal_block" },
        "north": { "uv": [ 6, 3, 6.5, 4 ], "texture": "#coal_block" },
        "south": { "uv": [ 6, 3, 6.5, 4 ], "texture": "#coal_block" },
        "west":  { "uv": [ 6, 3, 7, 4 ], "texture": "#coal_block" },
        "east":  { "uv": [ 6, 3, 7, 4 ], "texture": "#coal_block" }
    }
},
{
    "from": [ 8.5, 5.1875, 1 ],
    "to": [ 8.75, 5.8125, 2 ],
    "rotation": { "origin": [ 8.5, 5.8125, 1 ], "axis": "z", "angle": 45 },
    "faces": {
        "down":  { "uv": [ 6, 3.5, 7, 3 ], "texture": "#coal_block" },
        "up":    { "uv": [ 6, 3, 7, 4 ], "texture": "#coal_block" },
        "north": { "uv": [ 6, 3, 6.5, 4 ], "texture": "#coal_block" },
        "south": { "uv": [ 6, 3, 6.5, 4 ], "texture": "#coal_block" },
        "west":  { "uv": [ 6, 3, 7, 4 ], "texture": "#coal_block" },
        "east":  { "uv": [ 6, 3, 7, 4 ], "texture": "#coal_block" }
    }
},
{
    "from": [ 7.25, 5.375, 3 ],
    "to": [ 7.5, 6, 4 ],
    "rotation": { "origin": [ 7.25, 6, 3 ], "axis": "z", "angle": -45 },
    "faces": {
        "down":  { "uv": [ 6, 3.5, 7, 3 ], "texture": "#coal_block" },
        "up":    { "uv": [ 6, 3, 7, 4 ], "texture": "#coal_block" },
        "north": { "uv": [ 6, 3, 6.5, 4 ], "texture": "#coal_block" },
        "south": { "uv": [ 6, 3, 6.5, 4 ], "texture": "#coal_block" },
        "west":  { "uv": [ 6, 3, 7, 4 ], "texture": "#coal_block" },
        "east":  { "uv": [ 6, 3, 7, 4 ], "texture": "#coal_block" }
    }
},
{
    "from": [ 7.25, 5.375, 5 ],
    "to": [ 7.5, 6, 6 ],
    "rotation": { "origin": [ 7.25, 6, 5 ], "axis": "z", "angle": -45 },
    "faces": {
        "down":  { "uv": [ 6, 3.5, 7, 3 ], "texture": "#coal_block" },
        "up":    { "uv": [ 6, 3, 7, 4 ], "texture": "#coal_block" },
        "north": { "uv": [ 6, 3, 6.5, 4 ], "texture": "#coal_block" },
        "south": { "uv": [ 6, 3, 6.5, 4 ], "texture": "#coal_block" },
        "west":  { "uv": [ 6, 3, 7, 4 ], "texture": "#coal_block" },
        "east":  { "uv": [ 6, 3, 7, 4 ], "texture": "#coal_block" }
    }
},
{
    "from": [ 7.25, 5.375, 7 ],
    "to": [ 7.5, 6, 8 ],
    "rotation": { "origin": [ 7.25, 6, 7 ], "axis": "z", "angle": -45 },
    "faces": {
        "down":  { "uv": [ 6, 3.5, 7, 3 ], "texture": "#coal_block" },
        "up":    { "uv": [ 6, 3, 7, 4 ], "texture": "#coal_block" },
        "north": { "uv": [ 6, 3, 6.5, 4 ], "texture": "#coal_block" },
        "south": { "uv": [ 6, 3, 6.5, 4 ], "texture": "#coal_block" },
        "west":  { "uv": [ 6, 3, 7, 4 ], "texture": "#coal_block" },
        "east":  { "uv": [ 6, 3, 7, 4 ], "texture": "#coal_block" }
    }
},
{
    "from": [ 8.5, 5.1875, 3 ],
    "to": [ 8.75, 5.8125, 4 ],
    "rotation": { "origin": [ 8.5, 5.8125, 3 ], "axis": "z", "angle": 45 },
    "faces": {
        "down":  { "uv": [ 6, 3.5, 7, 3 ], "texture": "#coal_block" },
        "up":    { "uv": [ 6, 3, 7, 4 ], "texture": "#coal_block" },
        "north": { "uv": [ 6, 3, 6.5, 4 ], "texture": "#coal_block" },
        "south": { "uv": [ 6, 3, 6.5, 4 ], "texture": "#coal_block" },
        "west":  { "uv": [ 6, 3, 7, 4 ], "texture": "#coal_block" },
        "east":  { "uv": [ 6, 3, 7, 4 ], "texture": "#coal_block" }
    }
},
{
    "from": [ 8.5, 5.1875, 5 ],
    "to": [ 8.75, 5.8125, 6 ],
    "rotation": { "origin": [ 8.5, 5.8125, 5 ], "axis": "z", "angle": 45 },
    "faces": {
        "down":  { "uv": [ 6, 3.5, 7, 3 ], "texture": "#coal_block" },
        "up":    { "uv": [ 6, 3, 7, 4 ], "texture": "#coal_block" },
        "north": { "uv": [ 6, 3, 6.5, 4 ], "texture": "#coal_block" },
        "south": { "uv": [ 6, 3, 6.5, 4 ], "texture": "#coal_block" },
        "west":  { "uv": [ 6, 3, 7, 4 ], "texture": "#coal_block" },
        "east":  { "uv": [ 6, 3, 7, 4 ], "texture": "#coal_block" }
    }
},
{
    "from": [ 8.5, 5.1875, 7.0625 ],
    "to": [ 8.75, 5.8125, 8.0625 ],
    "rotation": { "origin": [ 8.5, 5.8125, 7.0625 ], "axis": "z", "angle": 45 },
    "faces": {
        "down":  { "uv": [ 6, 3.5, 7, 3 ], "texture": "#coal_block" },
        "up":    { "uv": [ 6, 3, 7, 4 ], "texture": "#coal_block" },
        "north": { "uv": [ 6, 3, 6.5, 4 ], "texture": "#coal_block" },
        "south": { "uv": [ 6, 3, 6.5, 4 ], "texture": "#coal_block" },
        "west":  { "uv": [ 6, 3, 7, 4 ], "texture": "#coal_block" },
        "east":  { "uv": [ 6, 3, 7, 4 ], "texture": "#coal_block" }
    }
},
{
    "from": [ 6.3125, 3, 11 ],
    "to": [ 6.8125, 5.5, 11.5 ],
    "faces": {
        "down":  { "uv": [ 6, 3.5, 7, 3 ], "texture": "#coal_block" },
        "up":    { "uv": [ 6, 3, 7, 4 ], "texture": "#coal_block" },
        "north": { "uv": [ 6, 3, 6.5, 4 ], "texture": "#coal_block" },
        "south": { "uv": [ 6, 3, 6.5, 4 ], "texture": "#coal_block" },
        "west":  { "uv": [ 6, 3, 7, 4 ], "texture": "#coal_block" },
        "east":  { "uv": [ 6, 3, 7, 4 ], "texture": "#coal_block" }
    }
},
{
    "from": [ 6.3125, 3, 12.5 ],
    "to": [ 6.8125, 5.5, 13 ],
    "faces": {
        "down":  { "uv": [ 6, 3.5, 7, 3 ], "texture": "#coal_block" },
        "up":    { "uv": [ 6, 3, 7, 4 ], "texture": "#coal_block" },
        "north": { "uv": [ 6, 3, 6.5, 4 ], "texture": "#coal_block" },
        "south": { "uv": [ 6, 3, 6.5, 4 ], "texture": "#coal_block" },
        "west":  { "uv": [ 6, 3, 7, 4 ], "texture": "#coal_block" },
        "east":  { "uv": [ 6, 3, 7, 4 ], "texture": "#coal_block" }
    }
},
{
    "from": [ 6.3125, 3, 14 ],
    "to": [ 6.8125, 5.5, 14.5 ],
    "faces": {
        "down":  { "uv": [ 6, 3.5, 7, 3 ], "texture": "#coal_block" },
        "up":    { "uv": [ 6, 3, 7, 4 ], "texture": "#coal_block" },
        "north": { "uv": [ 6, 3, 6.5, 4 ], "texture": "#coal_block" },
        "south": { "uv": [ 6, 3, 6.5, 4 ], "texture": "#coal_block" },
        "west":  { "uv": [ 6, 3, 7, 4 ], "texture": "#coal_block" },
        "east":  { "uv": [ 6, 3, 7, 4 ], "texture": "#coal_block" }
    }
},
{
    "from": [ 9.1875, 3, 11 ],
    "to": [ 9.6875, 5.5, 11.5 ],
    "faces": {
        "down":  { "uv": [ 6, 3.5, 7, 3 ], "texture": "#coal_block" },
        "up":    { "uv": [ 6, 3, 7, 4 ], "texture": "#coal_block" },
        "north": { "uv": [ 6, 3, 6.5, 4 ], "texture": "#coal_block" },
        "south": { "uv": [ 6, 3, 6.5, 4 ], "texture": "#coal_block" },
        "west":  { "uv": [ 6, 3, 7, 4 ], "texture": "#coal_block" },
        "east":  { "uv": [ 6, 3, 7, 4 ], "texture": "#coal_block" }
    }
},
{
    "from": [ 9.1875, 3, 12.5 ],
    "to": [ 9.6875, 5.5, 13 ],
    "faces": {
        "down":  { "uv": [ 6, 3.5, 7, 3 ], "texture": "#coal_block" },
        "up":    { "uv": [ 6, 3, 7, 4 ], "texture": "#coal_block" },
        "north": { "uv": [ 6, 3, 6.5, 4 ], "texture": "#coal_block" },
        "south": { "uv": [ 6, 3, 6.5, 4 ], "texture": "#coal_block" },
        "west":  { "uv": [ 6, 3, 7, 4 ], "texture": "#coal_block" },
        "east":  { "uv": [ 6, 3, 7, 4 ], "texture": "#coal_block" }
    }
},
{
    "from": [ 9.1875, 3, 14 ],
    "to": [ 9.6875, 5.5, 14.5 ],
    "faces": {
        "down":  { "uv": [ 6, 3.5, 7, 3 ], "texture": "#coal_block" },
        "up":    { "uv": [ 6, 3, 7, 4 ], "texture": "#coal_block" },
        "north": { "uv": [ 6, 3, 6.5, 4 ], "texture": "#coal_block" },
        "south": { "uv": [ 6, 3, 6.5, 4 ], "texture": "#coal_block" },
        "west":  { "uv": [ 6, 3, 7, 4 ], "texture": "#coal_block" },
        "east":  { "uv": [ 6, 3, 7, 4 ], "texture": "#coal_block" }
    }
}
],
"display": {
    "thirdperson": {
        "rotation": [ 24, 10, 180 ],
        "translation": [ -0.4, 2.4, -3.7 ],
        "scale": [ 0.85, 0.85, 0.85 ]
    },
    "head": {
        "rotation": [ 0, 0, 0 ],
        "translation": [ 0.0, 0.8, -9.6 ],
        "scale": [ 1.48, 1.29, 1.45 ]
    },
    "firstperson": {
        "rotation": [ 180, 132, 180 ],
        "translation": [ 0.9, 6.1, -4 ],
        "scale": [ 1.57, 1.23, 1.35 ]
    }
}
}