{
	"__comment": "Designed by Cookiesnom with Cubik Studio - https://cubik.studio",
	"textures": {
		"wood": "blocks/planks_spruce",
		"metal_light": "blocks/iron_block",
		"metal_dark": "blocks/anvil_base",
		"metal_plate": "blocks/hardened_clay_stained_cyan",
		"metal_plate2": "blocks/door_iron_lower",
		"metal_plate3": "blocks/cauldron_side",
		"seat": "blocks/wool_colored_green"
	},
	"elements": [ 	 
		{
			"__comment": "Box1",
			"from": [ 1.000009, -0.4990297, 0.999377 ],
			"to": [ 2.500009, 1.00097, 14.99938 ],
			"faces": {
				"down": { "uv": [ 1, 1, 2.5, 15 ], "texture": "#metal_dark" },
				"up": { "uv": [ 1, 1, 2.5, 15 ], "texture": "#metal_dark" },
				"north": { "uv": [ 13.5, 14.5, 15, 16 ], "texture": "#metal_dark" },
				"south": { "uv": [ 1, 14.5, 2.5, 16 ], "texture": "#metal_dark" },
				"west": { "uv": [ 1, 14.5, 15, 16 ], "texture": "#metal_dark" },
				"east": { "uv": [ 1, 14.5, 15, 16 ], "texture": "#metal_dark" }
			}
		},
		{
			"__comment": "Box1",
			"from": [ 13.49904, -0.5006295, 0.9993361 ],
			"to": [ 14.99904, 0.9993705, 14.99934 ],
			"faces": {
				"down": { "uv": [ 13.5, 1, 15, 15 ], "texture": "#metal_dark" },
				"up": { "uv": [ 13.5, 1, 15, 15 ], "texture": "#metal_dark" },
				"north": { "uv": [ 1, 14.5, 2.5, 16 ], "texture": "#metal_dark" },
				"south": { "uv": [ 13.5, 14.5, 15, 16 ], "texture": "#metal_dark" },
				"west": { "uv": [ 1, 14.5, 15, 16 ], "texture": "#metal_dark" },
				"east": { "uv": [ 1, 14.5, 15, 16 ], "texture": "#metal_dark" }
			}
		},
		{
			"__comment": "Box1",
			"from": [ 1.000463, 1.000632, 0.9993379 ],
			"to": [ 2.500463, 15.00063, 2.499338 ],
			"faces": {
				"down": { "uv": [ 1, 13.5, 2.5, 15 ], "texture": "#metal_dark" },
				"up": { "uv": [ 1, 1, 2.5, 2.5 ], "texture": "#metal_dark" },
				"north": { "uv": [ 13.5, 0.5, 15, 14.5 ], "texture": "#metal_dark" },
				"south": { "uv": [ 1, 0.5, 2.5, 14.5 ], "texture": "#metal_dark" },
				"west": { "uv": [ 1, 0.5, 2.5, 14.5 ], "texture": "#metal_dark" },
				"east": { "uv": [ 13.5, 0.5, 15, 14.5 ], "texture": "#metal_dark" }
			}
		},
		{
			"__comment": "Box1",
			"from": [ 1.000915, 1.000094, 13.49978 ],
			"to": [ 2.500915, 15.00009, 14.99978 ],
			"faces": {
				"down": { "uv": [ 1, 1, 2.5, 2.5 ], "texture": "#metal_dark" },
				"up": { "uv": [ 1, 13.5, 2.5, 15 ], "texture": "#metal_dark" },
				"north": { "uv": [ 13.5, 0.5, 15, 14.5 ], "texture": "#metal_dark" },
				"south": { "uv": [ 1, 0.5, 2.5, 14.5 ], "texture": "#metal_dark" },
				"west": { "uv": [ 13.5, 0.5, 15, 14.5 ], "texture": "#metal_dark" },
				"east": { "uv": [ 1, 0.5, 2.5, 14.5 ], "texture": "#metal_dark" }
			}
		},
		{
			"__comment": "Box1",
			"from": [ 1.000898, 15.00027, 0.9998799 ],
			"to": [ 2.500897, 28.00027, 2.49988 ],
			"faces": {
				"down": { "uv": [ 1, 13.5, 2.5, 15 ], "texture": "#metal_dark" },
				"up": { "uv": [ 1, 1, 2.5, 2.5 ], "texture": "#metal_dark" },
				"north": { "uv": [ 13.5, 3, 15, 16 ], "texture": "#metal_dark" },
				"south": { "uv": [ 1, 3, 2.5, 16 ], "texture": "#metal_dark" },
				"west": { "uv": [ 1, 3, 2.5, 16 ], "texture": "#metal_dark" },
				"east": { "uv": [ 13.5, 3, 15, 16 ], "texture": "#metal_dark" }
			}
		},
		{
			"__comment": "Box1",
			"from": [ 1.000812, 15.00077, 13.50024 ],
			"to": [ 2.500812, 28.00077, 15.00024 ],
			"faces": {
				"down": { "uv": [ 1, 1, 2.5, 2.5 ], "texture": "#metal_dark" },
				"up": { "uv": [ 1, 13.5, 2.5, 15 ], "texture": "#metal_dark" },
				"north": { "uv": [ 13.5, 3, 15, 16 ], "texture": "#metal_dark" },
				"south": { "uv": [ 1, 3, 2.5, 16 ], "texture": "#metal_dark" },
				"west": { "uv": [ 13.5, 3, 15, 16 ], "texture": "#metal_dark" },
				"east": { "uv": [ 1, 3, 2.5, 16 ], "texture": "#metal_dark" }
			}
		},
		{
			"__comment": "Box1",
			"from": [ 13.4994, 1.000456, 1.000924 ],
			"to": [ 14.9994, 15.00046, 2.500924 ],
			"faces": {
				"down": { "uv": [ 13.5, 13.5, 15, 15 ], "texture": "#metal_dark" },
				"up": { "uv": [ 13.5, 1, 15, 2.5 ], "texture": "#metal_dark" },
				"north": { "uv": [ 1, 0.5, 2.5, 14.5 ], "texture": "#metal_dark" },
				"south": { "uv": [ 13.5, 0.5, 15, 14.5 ], "texture": "#metal_dark" },
				"west": { "uv": [ 1, 0.5, 2.5, 14.5 ], "texture": "#metal_dark" },
				"east": { "uv": [ 13.5, 0.5, 15, 14.5 ], "texture": "#metal_dark" }
			}
		},
		{
			"__comment": "Box1",
			"from": [ 13.50032, 15.00096, 1.000319 ],
			"to": [ 15.00032, 28.00096, 2.500319 ],
			"faces": {
				"down": { "uv": [ 13.5, 13.5, 15, 15 ], "texture": "#metal_dark" },
				"up": { "uv": [ 13.5, 1, 15, 2.5 ], "texture": "#metal_dark" },
				"north": { "uv": [ 1, 3, 2.5, 16 ], "texture": "#metal_dark" },
				"south": { "uv": [ 13.5, 3, 15, 16 ], "texture": "#metal_dark" },
				"west": { "uv": [ 1, 3, 2.5, 16 ], "texture": "#metal_dark" },
				"east": { "uv": [ 13.5, 3, 15, 16 ], "texture": "#metal_dark" }
			}
		},
		{
			"__comment": "Box1",
			"from": [ 13.50045, 14.99959, 13.50071 ],
			"to": [ 15.00045, 27.9996, 15.00071 ],
			"faces": {
				"down": { "uv": [ 13.5, 1, 15, 2.5 ], "texture": "#metal_dark" },
				"up": { "uv": [ 13.5, 13.5, 15, 15 ], "texture": "#metal_dark" },
				"north": { "uv": [ 1, 3, 2.5, 16 ], "texture": "#metal_dark" },
				"south": { "uv": [ 13.5, 3, 15, 16 ], "texture": "#metal_dark" },
				"west": { "uv": [ 13.5, 3, 15, 16 ], "texture": "#metal_dark" },
				"east": { "uv": [ 1, 3, 2.5, 16 ], "texture": "#metal_dark" }
			}
		},
		{
			"__comment": "Box1",
			"from": [ 13.50027, 1.000195, 13.50043 ],
			"to": [ 15.00027, 15.00019, 15.00043 ],
			"faces": {
				"down": { "uv": [ 13.5, 1, 15, 2.5 ], "texture": "#metal_dark" },
				"up": { "uv": [ 13.5, 13.5, 15, 15 ], "texture": "#metal_dark" },
				"north": { "uv": [ 1, 0.5, 2.5, 14.5 ], "texture": "#metal_dark" },
				"south": { "uv": [ 13.5, 0.5, 15, 14.5 ], "texture": "#metal_dark" },
				"west": { "uv": [ 13.5, 0.5, 15, 14.5 ], "texture": "#metal_dark" },
				"east": { "uv": [ 1, 0.5, 2.5, 14.5 ], "texture": "#metal_dark" }
			}
		},
		{
			"__comment": "Box1",
			"from": [ 0.9995242, 27.99958, 1.000462 ],
			"to": [ 2.499524, 29.49958, 15.00046 ],
			"faces": {
				"down": { "uv": [ 1, 1, 2.5, 15 ], "texture": "#metal_dark" },
				"up": { "uv": [ 1, 1, 2.5, 15 ], "texture": "#metal_dark" },
				"north": { "uv": [ 13.5, 2, 15, 3.5 ], "texture": "#metal_dark" },
				"south": { "uv": [ 1, 2, 2.5, 3.5 ], "texture": "#metal_dark" },
				"west": { "uv": [ 1, 2, 15, 3.5 ], "texture": "#metal_dark" },
				"east": { "uv": [ 1, 2, 15, 3.5 ], "texture": "#metal_dark" }
			}
		},
		{
			"__comment": "Box1",
			"from": [ 13.50078, 27.99909, 1.000719 ],
			"to": [ 15.00078, 29.49909, 15.00072 ],
			"faces": {
				"down": { "uv": [ 13.5, 1, 15, 15 ], "texture": "#metal_dark" },
				"up": { "uv": [ 13.5, 1, 15, 15 ], "texture": "#metal_dark" },
				"north": { "uv": [ 1, 2, 2.5, 3.5 ], "texture": "#metal_dark" },
				"south": { "uv": [ 13.5, 2, 15, 3.5 ], "texture": "#metal_dark" },
				"west": { "uv": [ 1, 2, 15, 3.5 ], "texture": "#metal_dark" },
				"east": { "uv": [ 1, 2, 15, 3.5 ], "texture": "#metal_dark" }
			}
		},
		{
			"__comment": "Box1",
			"from": [ 1.124639, 1.000656, 1.999729 ],
			"to": [ 2.374639, 30.50066, 3.499729 ],
			"rotation": { "origin": [ 1.125, 1, 2 ], "axis": "x", "angle": 22.5 },
			"faces": {
				"down": { "uv": [ 1.125, 12.5, 2.375, 14 ], "texture": "#metal_dark" },
				"up": { "uv": [ 1.125, 2, 2.375, 3.5 ], "texture": "#metal_dark" },
				"north": { "uv": [ 13.625, 0, 14.875, 14.5 ], "texture": "#metal_dark" },
				"south": { "uv": [ 1.125, 0, 2.375, 14.5 ], "texture": "#metal_dark" },
				"west": { "uv": [ 2, 0, 3.5, 14.5 ], "texture": "#metal_dark" },
				"east": { "uv": [ 12.5, 0, 14, 14.5 ], "texture": "#metal_dark" }
			}
		},
		{
			"__comment": "Box1",
			"from": [ 1.125364, 0.5004586, 13.00065 ],
			"to": [ 2.375364, 30.00046, 14.50065 ],
			"rotation": { "origin": [ 1.125, 0.5, 13 ], "axis": "x", "angle": -22.5 },
			"faces": {
				"down": { "uv": [ 1.125, 1.5, 2.375, 3 ], "texture": "#metal_dark" },
				"up": { "uv": [ 1.125, 13, 2.375, 14.5 ], "texture": "#metal_dark" },
				"north": { "uv": [ 13.625, 0, 14.875, 15 ], "texture": "#metal_dark" },
				"south": { "uv": [ 1.125, 0, 2.375, 15 ], "texture": "#metal_dark" },
				"west": { "uv": [ 13, 0, 14.5, 15 ], "texture": "#metal_dark" },
				"east": { "uv": [ 1.5, 0, 3, 15 ], "texture": "#metal_dark" }
			}
		},
		{
			"__comment": "Box1",
			"from": [ 13.62558, 0.9995961, 2.000114 ],
			"to": [ 14.87558, 30.4996, 3.500114 ],
			"rotation": { "origin": [ 13.625, 1, 2 ], "axis": "x", "angle": 22.5 },
			"faces": {
				"down": { "uv": [ 13.625, 12.5, 14.875, 14 ], "texture": "#metal_dark" },
				"up": { "uv": [ 13.625, 2, 14.875, 3.5 ], "texture": "#metal_dark" },
				"north": { "uv": [ 1.125, 0, 2.375, 14.5 ], "texture": "#metal_dark" },
				"south": { "uv": [ 13.625, 0, 14.875, 14.5 ], "texture": "#metal_dark" },
				"west": { "uv": [ 2, 0, 3.5, 14.5 ], "texture": "#metal_dark" },
				"east": { "uv": [ 12.5, 0, 14, 14.5 ], "texture": "#metal_dark" }
			}
		},
		{
			"__comment": "Box1",
			"from": [ 13.62589, 0.5004808, 12.99986 ],
			"to": [ 14.87589, 30.00048, 14.49986 ],
			"rotation": { "origin": [ 13.625, 0.5, 13 ], "axis": "x", "angle": -22.5 },
			"faces": {
				"down": { "uv": [ 13.625, 1.5, 14.875, 3 ], "texture": "#metal_dark" },
				"up": { "uv": [ 13.625, 13, 14.875, 14.5 ], "texture": "#metal_dark" },
				"north": { "uv": [ 1.125, 0, 2.375, 15 ], "texture": "#metal_dark" },
				"south": { "uv": [ 13.625, 0, 14.875, 15 ], "texture": "#metal_dark" },
				"west": { "uv": [ 13, 0, 14.5, 15 ], "texture": "#metal_dark" },
				"east": { "uv": [ 1.5, 0, 3, 15 ], "texture": "#metal_dark" }
			}
		},
		{
			"__comment": "Wheels",
			"from": [ 13.17131, 27.00044, 0.000725773 ],
			"to": [ 14.82817, 31.00044, 1.000726 ],
			"faces": {
				"down": { "uv": [ 11, 9, 12.5, 0 ], "texture": "#metal_light", "rotation": 90 },
				"up": { "uv": [ 11, 0, 12.5, 9 ], "texture": "#metal_light", "rotation": 90 },
				"north": { "uv": [ 0, 1, 16, 3 ], "texture": "#metal_light", "rotation": 90 },
				"south": { "uv": [ 0, 1, 16, 3 ], "texture": "#metal_light", "rotation": 90 },
				"west": { "uv": [ 15, 0.5, 16, 4.5 ], "texture": "#metal_light" },
				"east": { "uv": [ 0, 0.5, 1, 4.5 ], "texture": "#metal_light" }
			}
		},
		{
			"__comment": "Box1",
			"from": [ 2.49935, 27.99903, 1.00063 ],
			"to": [ 13.49935, 29.49903, 2.50063 ],
			"faces": {
				"down": { "uv": [ 2.5, 13.5, 13.5, 15 ], "texture": "#metal_dark" },
				"up": { "uv": [ 2.5, 1, 13.5, 2.5 ], "texture": "#metal_dark" },
				"north": { "uv": [ 2.5, 2, 13.5, 3.5 ], "texture": "#metal_dark" },
				"south": { "uv": [ 2.5, 2, 13.5, 3.5 ], "texture": "#metal_dark" },
				"west": { "uv": [ 1, 2, 2.5, 3.5 ], "texture": "#metal_dark" },
				"east": { "uv": [ 13.5, 2, 15, 3.5 ], "texture": "#metal_dark" }
			}
		},
		{
			"__comment": "Box1",
			"from": [ 2.499097, 28.00033, 13.50053 ],
			"to": [ 13.4991, 29.50033, 15.00053 ],
			"faces": {
				"down": { "uv": [ 2.5, 1, 13.5, 2.5 ], "texture": "#metal_dark" },
				"up": { "uv": [ 2.5, 13.5, 13.5, 15 ], "texture": "#metal_dark" },
				"north": { "uv": [ 2.5, 2, 13.5, 3.5 ], "texture": "#metal_dark" },
				"south": { "uv": [ 2.5, 2, 13.5, 3.5 ], "texture": "#metal_dark" },
				"west": { "uv": [ 13.5, 2, 15, 3.5 ], "texture": "#metal_dark" },
				"east": { "uv": [ 1, 2, 2.5, 3.5 ], "texture": "#metal_dark" }
			}
		},
		{
			"__comment": "Wheels2",
			"from": [ 11.999, 28.17129, -0.000853429 ],
			"to": [ 15.999, 29.82814, 0.9991466 ],
			"faces": {
				"down": { "uv": [ 16, 4.5, 15, 0.5 ], "texture": "#metal_light", "rotation": 90 },
				"up": { "uv": [ 0, 0.5, 1, 4.5 ], "texture": "#metal_light", "rotation": 270 },
				"north": { "uv": [ 0, 1, 16, 3 ], "texture": "#metal_light", "rotation": 180 },
				"south": { "uv": [ 0, 1, 16, 3 ], "texture": "#metal_light" },
				"west": { "uv": [ 11, 0, 12.5, 9 ], "texture": "#metal_light" },
				"east": { "uv": [ 12.5, 0, 11, 9 ], "texture": "#metal_light", "rotation": 180 }
			}
		},
		{
			"__comment": "Wheels3",
			"from": [ 13.17188, 27.00037, -0.000542175 ],
			"to": [ 14.82874, 31.00037, 0.9994578 ],
			"rotation": { "origin": [ 14, 29, 0 ], "axis": "z", "angle": 45 },
			"faces": {
				"down": { "uv": [ 11, 9, 12.5, 0 ], "texture": "#metal_light", "rotation": 90 },
				"up": { "uv": [ 11, 0, 12.5, 9 ], "texture": "#metal_light", "rotation": 90 },
				"north": { "uv": [ 0, 1, 16, 3 ], "texture": "#metal_light", "rotation": 90 },
				"south": { "uv": [ 0, 1, 16, 3 ], "texture": "#metal_light", "rotation": 90 },
				"west": { "uv": [ 15, 0.5, 16, 4.5 ], "texture": "#metal_light" },
				"east": { "uv": [ 0, 0.5, 1, 4.5 ], "texture": "#metal_light" }
			}
		},
		{
			"__comment": "Wheels8",
			"from": [ 1.171277, 27.0006, -0.000271883 ],
			"to": [ 2.828132, 31.0006, 0.9997281 ],
			"faces": {
				"down": { "uv": [ 11, 9, 12.5, 0 ], "texture": "#metal_light", "rotation": 90 },
				"up": { "uv": [ 11, 0, 12.5, 9 ], "texture": "#metal_light", "rotation": 90 },
				"north": { "uv": [ 0, 1, 16, 3 ], "texture": "#metal_light", "rotation": 90 },
				"south": { "uv": [ 0, 1, 16, 3 ], "texture": "#metal_light", "rotation": 90 },
				"west": { "uv": [ 15, 0.5, 16, 4.5 ], "texture": "#metal_light" },
				"east": { "uv": [ 0, 0.5, 1, 4.5 ], "texture": "#metal_light" }
			}
		},
		{
			"__comment": "Wheels10",
			"from": [ -0.000833629, 28.17154, -0.000982313 ],
			"to": [ 3.999166, 29.82839, 0.9990177 ],
			"faces": {
				"down": { "uv": [ 16, 4.5, 15, 0.5 ], "texture": "#metal_light", "rotation": 90 },
				"up": { "uv": [ 0, 0.5, 1, 4.5 ], "texture": "#metal_light", "rotation": 270 },
				"north": { "uv": [ 0, 1, 16, 3 ], "texture": "#metal_light", "rotation": 180 },
				"south": { "uv": [ 0, 1, 16, 3 ], "texture": "#metal_light" },
				"west": { "uv": [ 11, 0, 12.5, 9 ], "texture": "#metal_light" },
				"east": { "uv": [ 12.5, 0, 11, 9 ], "texture": "#metal_light", "rotation": 180 }
			}
		},
		{
			"__comment": "Wheels11",
			"from": [ 1.172469, 26.99975, -0.000908443 ],
			"to": [ 2.829323, 30.99975, 0.9990916 ],
			"rotation": { "origin": [ 2, 29, 0 ], "axis": "z", "angle": 45 },
			"faces": {
				"down": { "uv": [ 11, 9, 12.5, 0 ], "texture": "#metal_light", "rotation": 90 },
				"up": { "uv": [ 11, 0, 12.5, 9 ], "texture": "#metal_light", "rotation": 90 },
				"north": { "uv": [ 0, 1, 16, 3 ], "texture": "#metal_light", "rotation": 90 },
				"south": { "uv": [ 0, 1, 16, 3 ], "texture": "#metal_light", "rotation": 90 },
				"west": { "uv": [ 15, 0.5, 16, 4.5 ], "texture": "#metal_light" },
				"east": { "uv": [ 0, 0.5, 1, 4.5 ], "texture": "#metal_light" }
			}
		},
		{
			"__comment": "Wheels4",
			"from": [ 13.17206, 26.99966, 14.99911 ],
			"to": [ 14.82892, 30.99966, 15.99911 ],
			"faces": {
				"down": { "uv": [ 11, 9, 12.5, 0 ], "texture": "#metal_light", "rotation": 90 },
				"up": { "uv": [ 11, 0, 12.5, 9 ], "texture": "#metal_light", "rotation": 90 },
				"north": { "uv": [ 0, 1, 16, 3 ], "texture": "#metal_light", "rotation": 90 },
				"south": { "uv": [ 0, 1, 16, 3 ], "texture": "#metal_light", "rotation": 90 },
				"west": { "uv": [ 15, 0.5, 16, 4.5 ], "texture": "#metal_light" },
				"east": { "uv": [ 0, 0.5, 1, 4.5 ], "texture": "#metal_light" }
			}
		},
		{
			"__comment": "Wheels6",
			"from": [ 12.00052, 28.17091, 15.00051 ],
			"to": [ 16.00052, 29.82776, 16.00051 ],
			"faces": {
				"down": { "uv": [ 16, 4.5, 15, 0.5 ], "texture": "#metal_light", "rotation": 90 },
				"up": { "uv": [ 0, 0.5, 1, 4.5 ], "texture": "#metal_light", "rotation": 270 },
				"north": { "uv": [ 0, 1, 16, 3 ], "texture": "#metal_light", "rotation": 180 },
				"south": { "uv": [ 0, 1, 16, 3 ], "texture": "#metal_light" },
				"west": { "uv": [ 11, 0, 12.5, 9 ], "texture": "#metal_light" },
				"east": { "uv": [ 12.5, 0, 11, 9 ], "texture": "#metal_light", "rotation": 180 }
			}
		},
		{
			"__comment": "Wheels7",
			"from": [ 13.17086, 26.99947, 15.00033 ],
			"to": [ 14.82771, 30.99947, 16.00033 ],
			"rotation": { "origin": [ 14, 29, 15 ], "axis": "z", "angle": 45 },
			"faces": {
				"down": { "uv": [ 11, 9, 12.5, 0 ], "texture": "#metal_light", "rotation": 90 },
				"up": { "uv": [ 11, 0, 12.5, 9 ], "texture": "#metal_light", "rotation": 90 },
				"north": { "uv": [ 0, 1, 16, 3 ], "texture": "#metal_light", "rotation": 90 },
				"south": { "uv": [ 0, 1, 16, 3 ], "texture": "#metal_light", "rotation": 90 },
				"west": { "uv": [ 15, 0.5, 16, 4.5 ], "texture": "#metal_light" },
				"east": { "uv": [ 0, 0.5, 1, 4.5 ], "texture": "#metal_light" }
			}
		},
		{
			"__comment": "Wheels12",
			"from": [ 1.170744, 26.99939, 15 ],
			"to": [ 2.827598, 30.99939, 16 ],
			"faces": {
				"down": { "uv": [ 11, 9, 12.5, 0 ], "texture": "#metal_light", "rotation": 90 },
				"up": { "uv": [ 11, 0, 12.5, 9 ], "texture": "#metal_light", "rotation": 90 },
				"north": { "uv": [ 0, 1, 16, 3 ], "texture": "#metal_light", "rotation": 90 },
				"south": { "uv": [ 0, 1, 16, 3 ], "texture": "#metal_light", "rotation": 90 },
				"west": { "uv": [ 15, 0.5, 16, 4.5 ], "texture": "#metal_light" },
				"east": { "uv": [ 0, 0.5, 1, 4.5 ], "texture": "#metal_light" }
			}
		},
		{
			"__comment": "Wheels14",
			"from": [ 0.000536895, 28.17149, 15.00057 ],
			"to": [ 4.000537, 29.82834, 16.00057 ],
			"faces": {
				"down": { "uv": [ 16, 4.5, 15, 0.5 ], "texture": "#metal_light", "rotation": 90 },
				"up": { "uv": [ 0, 0.5, 1, 4.5 ], "texture": "#metal_light", "rotation": 270 },
				"north": { "uv": [ 0, 1, 16, 3 ], "texture": "#metal_light", "rotation": 180 },
				"south": { "uv": [ 0, 1, 16, 3 ], "texture": "#metal_light" },
				"west": { "uv": [ 11, 0, 12.5, 9 ], "texture": "#metal_light" },
				"east": { "uv": [ 12.5, 0, 11, 9 ], "texture": "#metal_light", "rotation": 180 }
			}
		},
		{
			"__comment": "Wheels15",
			"from": [ 1.171352, 26.99989, 14.99912 ],
			"to": [ 2.828206, 30.99989, 15.99912 ],
			"rotation": { "origin": [ 2, 29, 15 ], "axis": "z", "angle": 45 },
			"faces": {
				"down": { "uv": [ 11, 9, 12.5, 0 ], "texture": "#metal_light", "rotation": 90 },
				"up": { "uv": [ 11, 0, 12.5, 9 ], "texture": "#metal_light", "rotation": 90 },
				"north": { "uv": [ 0, 1, 16, 3 ], "texture": "#metal_light", "rotation": 90 },
				"south": { "uv": [ 0, 1, 16, 3 ], "texture": "#metal_light", "rotation": 90 },
				"west": { "uv": [ 15, 0.5, 16, 4.5 ], "texture": "#metal_light" },
				"east": { "uv": [ 0, 0.5, 1, 4.5 ], "texture": "#metal_light" }
			}
		},
		{
			"__comment": "Box1",
			"from": [ 2.50051, -0.3741788, 1.000556 ],
			"to": [ 13.50051, 0.6258212, 2.000556 ],
			"faces": {
				"down": { "uv": [ 2.5, 14, 13.5, 15 ], "texture": "#metal_dark" },
				"up": { "uv": [ 2.5, 1, 13.5, 2 ], "texture": "#metal_dark" },
				"north": { "uv": [ 2.5, 14.875, 13.5, 15.875 ], "texture": "#metal_dark" },
				"south": { "uv": [ 2.5, 14.875, 13.5, 15.875 ], "texture": "#metal_dark" },
				"west": { "uv": [ 1, 14.875, 2, 15.875 ], "texture": "#metal_dark" },
				"east": { "uv": [ 14, 14.875, 15, 15.875 ], "texture": "#metal_dark" }
			}
		},
		{
			"__comment": "Box1",
			"from": [ 2.500269, -0.3749718, 13.99973 ],
			"to": [ 13.50027, 0.6250283, 14.99973 ],
			"faces": {
				"down": { "uv": [ 2.5, 1, 13.5, 2 ], "texture": "#metal_dark" },
				"up": { "uv": [ 2.5, 14, 13.5, 15 ], "texture": "#metal_dark" },
				"north": { "uv": [ 2.5, 14.875, 13.5, 15.875 ], "texture": "#metal_dark" },
				"south": { "uv": [ 2.5, 14.875, 13.5, 15.875 ], "texture": "#metal_dark" },
				"west": { "uv": [ 14, 14.875, 15, 15.875 ], "texture": "#metal_dark" },
				"east": { "uv": [ 1, 14.875, 2, 15.875 ], "texture": "#metal_dark" }
			}
		},
		{
			"__comment": "Box1",
			"from": [ 2.499397, -0.3741346, 10.99944 ],
			"to": [ 13.4994, 0.6258653, 11.99944 ],
			"faces": {
				"down": { "uv": [ 2.5, 4, 13.5, 5 ], "texture": "#metal_dark" },
				"up": { "uv": [ 2.5, 11, 13.5, 12 ], "texture": "#metal_dark" },
				"north": { "uv": [ 2.5, 14.875, 13.5, 15.875 ], "texture": "#metal_dark" },
				"south": { "uv": [ 2.5, 14.875, 13.5, 15.875 ], "texture": "#metal_dark" },
				"west": { "uv": [ 11, 14.875, 12, 15.875 ], "texture": "#metal_dark" },
				"east": { "uv": [ 4, 14.875, 5, 15.875 ], "texture": "#metal_dark" }
			}
		},
		{
			"__comment": "Box1",
			"from": [ 2.499531, -0.3756162, 4.000905 ],
			"to": [ 13.49953, 0.6243838, 5.000905 ],
			"faces": {
				"down": { "uv": [ 2.5, 11, 13.5, 12 ], "texture": "#metal_dark" },
				"up": { "uv": [ 2.5, 4, 13.5, 5 ], "texture": "#metal_dark" },
				"north": { "uv": [ 2.5, 14.875, 13.5, 15.875 ], "texture": "#metal_dark" },
				"south": { "uv": [ 2.5, 14.875, 13.5, 15.875 ], "texture": "#metal_dark" },
				"west": { "uv": [ 4, 14.875, 5, 15.875 ], "texture": "#metal_dark" },
				"east": { "uv": [ 11, 14.875, 12, 15.875 ], "texture": "#metal_dark" }
			}
		},
		{
			"__comment": "Box1",
			"from": [ 2.500058, -0.3753834, 7.499321 ],
			"to": [ 13.50006, 0.6246166, 8.499321 ],
			"faces": {
				"down": { "uv": [ 2.5, 7.5, 13.5, 8.5 ], "texture": "#metal_dark" },
				"up": { "uv": [ 2.5, 7.5, 13.5, 8.5 ], "texture": "#metal_dark" },
				"north": { "uv": [ 2.5, 14.875, 13.5, 15.875 ], "texture": "#metal_dark" },
				"south": { "uv": [ 2.5, 14.875, 13.5, 15.875 ], "texture": "#metal_dark" },
				"west": { "uv": [ 7.5, 14.875, 8.5, 15.875 ], "texture": "#metal_dark" },
				"east": { "uv": [ 7.5, 14.875, 8.5, 15.875 ], "texture": "#metal_dark" }
			}
		},
		{
			"__comment": "Box1",
			"from": [ 2.000472, 0.6240326, 0.8753836 ],
			"to": [ 14.00047, 1.124033, 15.12538 ],
			"faces": {
				"down": { "uv": [ 2, 0.875, 14, 15.125 ], "texture": "#wood" },
				"up": { "uv": [ 2, 0.875, 14, 15.125 ], "texture": "#wood" },
				"north": { "uv": [ 2, 14.375, 14, 14.875 ], "texture": "#wood" },
				"south": { "uv": [ 2, 14.375, 14, 14.875 ], "texture": "#wood" },
				"west": { "uv": [ 0.875, 14.375, 15.125, 14.875 ], "texture": "#wood" },
				"east": { "uv": [ 0.875, 14.375, 15.125, 14.875 ], "texture": "#wood" }
			}
		},
		{
			"__comment": "Box1",
			"from": [ 1.499591, 28.50013, -0.4995896 ],
			"to": [ 2.49959, 29.50013, 16.50041 ],
			"rotation": { "origin": [ 2, 29, -0.5 ], "axis": "z", "angle": 45 },
			"faces": {
				"down": { "uv": [ 1.5, 0, 2.5, 16 ], "texture": "#metal_dark" },
				"up": { "uv": [ 1.5, 0, 2.5, 16 ], "texture": "#metal_dark" },
				"north": { "uv": [ 13.5, 2, 14.5, 3 ], "texture": "#metal_dark" },
				"south": { "uv": [ 1.5, 2, 2.5, 3 ], "texture": "#metal_dark" },
				"west": { "uv": [ 0, 2, 16, 3 ], "texture": "#metal_dark" },
				"east": { "uv": [ 0, 2, 16, 3 ], "texture": "#metal_dark" }
			}
		},
		{
			"__comment": "Box1",
			"from": [ 13.5005, 28.49905, -0.5003659 ],
			"to": [ 14.5005, 29.49905, 16.49963 ],
			"rotation": { "origin": [ 14, 29, -0.5 ], "axis": "z", "angle": 45 },
			"faces": {
				"down": { "uv": [ 1.5, 0, 2.5, 16 ], "texture": "#metal_dark" },
				"up": { "uv": [ 1.5, 0, 2.5, 16 ], "texture": "#metal_dark" },
				"north": { "uv": [ 13.5, 2, 14.5, 3 ], "texture": "#metal_dark" },
				"south": { "uv": [ 1.5, 2, 2.5, 3 ], "texture": "#metal_dark" },
				"west": { "uv": [ 0, 2, 16, 3 ], "texture": "#metal_dark" },
				"east": { "uv": [ 0, 2, 16, 3 ], "texture": "#metal_dark" }
			}
		},
		{
			"__comment": "Box1",
			"from": [ 14.99966, 0.2504809, 6.499994 ],
			"to": [ 15.49966, 10.75048, 15.49999 ],
			"faces": {
				"down": { "uv": [ 15, 0.5, 15.5, 9.5 ], "texture": "#metal_plate" },
				"up": { "uv": [ 15, 6.5, 15.5, 15.5 ], "texture": "#metal_plate" },
				"north": { "uv": [ 0.5, 4.75, 1, 15.25 ], "texture": "#metal_plate" },
				"south": { "uv": [ 15, 4.75, 15.5, 15.25 ], "texture": "#metal_plate" },
				"west": { "uv": [ 6.5, 4.75, 15.5, 15.25 ], "texture": "#metal_plate" },
				"east": { "uv": [ 0.5, 4.75, 9.5, 15.25 ], "texture": "#metal_plate" }
			}
		},
		{
			"__comment": "Box1",
			"from": [ 14.7493, 4.125411, 0.1245684 ],
			"to": [ 15.2493, 14.62541, 9.124568 ],
			"faces": {
				"down": { "uv": [ 14.75, 6.875, 15.25, 15.875 ], "texture": "#metal_plate3" },
				"up": { "uv": [ 14.75, 0.125, 15.25, 9.125 ], "texture": "#metal_plate3" },
				"north": { "uv": [ 0.75, 0.875, 1.25, 11.375 ], "texture": "#metal_plate3" },
				"south": { "uv": [ 14.75, 0.875, 15.25, 11.375 ], "texture": "#metal_plate3" },
				"west": { "uv": [ 0.125, 0.875, 9.125, 11.375 ], "texture": "#metal_plate3" },
				"east": { "uv": [ 6.875, 0.875, 15.875, 11.375 ], "texture": "#metal_plate3" }
			}
		},
		{
			"__comment": "Box1",
			"from": [ 14.62599, 3.125524, 1.249752 ],
			"to": [ 15.12599, 17.50052, 10.49975 ],
			"rotation": { "origin": [ 14.625, 3.125, 1.25 ], "axis": "x", "angle": 22.5 },
			"faces": {
				"down": { "uv": [ 15, 4.5, 15.5, 13 ], "texture": "#metal_plate2" },
				"up": { "uv": [ 15, 3, 15.5, 11.5 ], "texture": "#metal_plate2" },
				"north": { "uv": [ 0.5, 1.25, 1, 13.625 ], "texture": "#metal_plate2" },
				"south": { "uv": [ 15, 1.25, 15.5, 13.625 ], "texture": "#metal_plate2" },
				"west": { "uv": [ 3, 1.25, 11.5, 13.625 ], "texture": "#metal_plate2" },
				"east": { "uv": [ 4.5, 1.25, 13, 13.625 ], "texture": "#metal_plate2" }
			}
		},
		{
			"__comment": "Box1",
			"from": [ 0.6241054, 2.499767, 6.499551 ],
			"to": [ 1.124105, 12.99977, 15.49955 ],
			"faces": {
				"down": { "uv": [ 0.625, 0.5, 1.125, 9.5 ], "texture": "#metal_plate" },
				"up": { "uv": [ 0.625, 6.5, 1.125, 15.5 ], "texture": "#metal_plate" },
				"north": { "uv": [ 14.875, 2.5, 15.375, 13 ], "texture": "#metal_plate" },
				"south": { "uv": [ 0.625, 2.5, 1.125, 13 ], "texture": "#metal_plate" },
				"west": { "uv": [ 6.5, 2.5, 15.5, 13 ], "texture": "#metal_plate" },
				"east": { "uv": [ 0.5, 2.5, 9.5, 13 ], "texture": "#metal_plate" }
			}
		},
		{
			"__comment": "Box1",
			"from": [ 0.5000671, 0.2491362, 0.5002736 ],
			"to": [ 1.000067, 11.12414, 9.750274 ],
			"faces": {
				"down": { "uv": [ 0.5, 6.25, 1, 15.5 ], "texture": "#metal_plate2" },
				"up": { "uv": [ 0.5, 0.5, 1, 9.75 ], "texture": "#metal_plate2" },
				"north": { "uv": [ 15, 4.375, 15.5, 15.25 ], "texture": "#metal_plate2" },
				"south": { "uv": [ 0.5, 4.375, 1, 15.25 ], "texture": "#metal_plate2" },
				"west": { "uv": [ 0.5, 4.375, 9.75, 15.25 ], "texture": "#metal_plate2" },
				"east": { "uv": [ 6.25, 4.375, 15.5, 15.25 ], "texture": "#metal_plate2" }
			}
		},
		{
			"__comment": "Box1",
			"from": [ 0.7492247, -0.500936, 6.250178 ],
			"to": [ 1.249225, 12.12406, 15.25018 ],
			"rotation": { "origin": [ 0.75, -0.5, 6.25 ], "axis": "x", "angle": -22.5 },
			"faces": {
				"down": { "uv": [ 0.75, 0.5, 1.25, 9.5 ], "texture": "#metal_plate3" },
				"up": { "uv": [ 0.75, 6.5, 1.25, 15.5 ], "texture": "#metal_plate3" },
				"north": { "uv": [ 14.75, 1.375, 15.25, 14 ], "texture": "#metal_plate3" },
				"south": { "uv": [ 0.75, 1.375, 1.25, 14 ], "texture": "#metal_plate3" },
				"west": { "uv": [ 6.5, 1.375, 15.5, 14 ], "texture": "#metal_plate3" },
				"east": { "uv": [ 0.5, 1.375, 9.5, 14 ], "texture": "#metal_plate3" }
			}
		},
		{
			"__comment": "Box1",
			"from": [ 0.3750886, 12.00093, 14.00086 ],
			"to": [ 1.500089, 12.50093, 14.50086 ],
			"faces": {
				"down": { "uv": [ 0.375, 1.5, 1.5, 2 ], "texture": "#metal_plate3" },
				"up": { "uv": [ 0.375, 14, 1.5, 14.5 ], "texture": "#metal_plate3" },
				"north": { "uv": [ 14.5, 3, 15.625, 3.5 ], "texture": "#metal_plate3" },
				"south": { "uv": [ 0.375, 3, 1.5, 3.5 ], "texture": "#metal_plate3" },
				"west": { "uv": [ 14, 3, 14.5, 3.5 ], "texture": "#metal_plate3" },
				"east": { "uv": [ 1.5, 3, 2, 3.5 ], "texture": "#metal_plate3" }
			}
		},
		{
			"__comment": "Box1",
			"from": [ 0.3754168, 2.99984, 13.99953 ],
			"to": [ 1.500417, 3.49984, 14.49953 ],
			"faces": {
				"down": { "uv": [ 0.375, 1.5, 1.5, 2 ], "texture": "#metal_plate3" },
				"up": { "uv": [ 0.375, 14, 1.5, 14.5 ], "texture": "#metal_plate3" },
				"north": { "uv": [ 14.5, 12, 15.625, 12.5 ], "texture": "#metal_plate3" },
				"south": { "uv": [ 0.375, 12, 1.5, 12.5 ], "texture": "#metal_plate3" },
				"west": { "uv": [ 14, 12, 14.5, 12.5 ], "texture": "#metal_plate3" },
				"east": { "uv": [ 1.5, 12, 2, 12.5 ], "texture": "#metal_plate3" }
			}
		},
		{
			"__comment": "Box1",
			"from": [ 0.2494352, 0.4992754, 1.500455 ],
			"to": [ 1.374435, 0.9992754, 2.000455 ],
			"faces": {
				"down": { "uv": [ 0.25, 14, 1.375, 14.5 ], "texture": "#metal_plate3" },
				"up": { "uv": [ 0.25, 1.5, 1.375, 2 ], "texture": "#metal_plate3" },
				"north": { "uv": [ 14.625, 14.5, 15.75, 15 ], "texture": "#metal_plate3" },
				"south": { "uv": [ 0.25, 14.5, 1.375, 15 ], "texture": "#metal_plate3" },
				"west": { "uv": [ 1.5, 14.5, 2, 15 ], "texture": "#metal_plate3" },
				"east": { "uv": [ 14, 14.5, 14.5, 15 ], "texture": "#metal_plate3" }
			}
		},
		{
			"__comment": "Box1",
			"from": [ 0.2498825, 10.2494, 0.8740464 ],
			"to": [ 1.374883, 10.7494, 1.374046 ],
			"faces": {
				"down": { "uv": [ 0.25, 14, 1.375, 14.5 ], "texture": "#metal_plate3" },
				"up": { "uv": [ 0.25, 1.5, 1.375, 2 ], "texture": "#metal_plate3" },
				"north": { "uv": [ 14.625, 14.5, 15.75, 15 ], "texture": "#metal_plate3" },
				"south": { "uv": [ 0.25, 14.5, 1.375, 15 ], "texture": "#metal_plate3" },
				"west": { "uv": [ 1.5, 14.5, 2, 15 ], "texture": "#metal_plate3" },
				"east": { "uv": [ 14, 14.5, 14.5, 15 ], "texture": "#metal_plate3" }
			}
		},
		{
			"__comment": "Box1",
			"from": [ 0.2500776, 10.12586, 8.625788 ],
			"to": [ 1.375078, 10.62586, 9.125788 ],
			"faces": {
				"down": { "uv": [ 0.25, 14, 1.375, 14.5 ], "texture": "#metal_plate3" },
				"up": { "uv": [ 0.25, 1.5, 1.375, 2 ], "texture": "#metal_plate3" },
				"north": { "uv": [ 14.625, 14.5, 15.75, 15 ], "texture": "#metal_plate3" },
				"south": { "uv": [ 0.25, 14.5, 1.375, 15 ], "texture": "#metal_plate3" },
				"west": { "uv": [ 1.5, 14.5, 2, 15 ], "texture": "#metal_plate3" },
				"east": { "uv": [ 14, 14.5, 14.5, 15 ], "texture": "#metal_plate3" }
			}
		},
		{
			"__comment": "Box1",
			"from": [ 0.2496682, 0.8747141, 8.500772 ],
			"to": [ 1.374668, 1.374714, 9.000772 ],
			"faces": {
				"down": { "uv": [ 0.25, 14, 1.375, 14.5 ], "texture": "#metal_plate3" },
				"up": { "uv": [ 0.25, 1.5, 1.375, 2 ], "texture": "#metal_plate3" },
				"north": { "uv": [ 14.625, 14.5, 15.75, 15 ], "texture": "#metal_plate3" },
				"south": { "uv": [ 0.25, 14.5, 1.375, 15 ], "texture": "#metal_plate3" },
				"west": { "uv": [ 1.5, 14.5, 2, 15 ], "texture": "#metal_plate3" },
				"east": { "uv": [ 14, 14.5, 14.5, 15 ], "texture": "#metal_plate3" }
			}
		},
		{
			"__comment": "Box1",
			"from": [ 0.3743927, 12.12547, 6.874611 ],
			"to": [ 1.499393, 12.62547, 7.374611 ],
			"faces": {
				"down": { "uv": [ 0.375, 1.5, 1.5, 2 ], "texture": "#metal_plate3" },
				"up": { "uv": [ 0.375, 14, 1.5, 14.5 ], "texture": "#metal_plate3" },
				"north": { "uv": [ 14.5, 3, 15.625, 3.5 ], "texture": "#metal_plate3" },
				"south": { "uv": [ 0.375, 3, 1.5, 3.5 ], "texture": "#metal_plate3" },
				"west": { "uv": [ 14, 3, 14.5, 3.5 ], "texture": "#metal_plate3" },
				"east": { "uv": [ 1.5, 3, 2, 3.5 ], "texture": "#metal_plate3" }
			}
		},
		{
			"__comment": "Box1",
			"from": [ 14.62493, 9.875487, 6.750238 ],
			"to": [ 15.74993, 10.37549, 7.250238 ],
			"faces": {
				"down": { "uv": [ 0.25, 14, 1.375, 14.5 ], "texture": "#metal_plate3" },
				"up": { "uv": [ 0.25, 1.5, 1.375, 2 ], "texture": "#metal_plate3" },
				"north": { "uv": [ 14.625, 14.5, 15.75, 15 ], "texture": "#metal_plate3" },
				"south": { "uv": [ 0.25, 14.5, 1.375, 15 ], "texture": "#metal_plate3" },
				"west": { "uv": [ 1.5, 14.5, 2, 15 ], "texture": "#metal_plate3" },
				"east": { "uv": [ 14, 14.5, 14.5, 15 ], "texture": "#metal_plate3" }
			}
		},
		{
			"__comment": "Box1",
			"from": [ 14.62444, 9.625474, 14.24979 ],
			"to": [ 15.74944, 10.12547, 14.74979 ],
			"faces": {
				"down": { "uv": [ 0.25, 14, 1.375, 14.5 ], "texture": "#metal_plate3" },
				"up": { "uv": [ 0.25, 1.5, 1.375, 2 ], "texture": "#metal_plate3" },
				"north": { "uv": [ 14.625, 14.5, 15.75, 15 ], "texture": "#metal_plate3" },
				"south": { "uv": [ 0.25, 14.5, 1.375, 15 ], "texture": "#metal_plate3" },
				"west": { "uv": [ 1.5, 14.5, 2, 15 ], "texture": "#metal_plate3" },
				"east": { "uv": [ 14, 14.5, 14.5, 15 ], "texture": "#metal_plate3" }
			}
		},
		{
			"__comment": "Box1",
			"from": [ 14.62449, 0.4999098, 14.49995 ],
			"to": [ 15.74949, 0.9999098, 14.99995 ],
			"faces": {
				"down": { "uv": [ 0.25, 14, 1.375, 14.5 ], "texture": "#metal_plate3" },
				"up": { "uv": [ 0.25, 1.5, 1.375, 2 ], "texture": "#metal_plate3" },
				"north": { "uv": [ 14.625, 14.5, 15.75, 15 ], "texture": "#metal_plate3" },
				"south": { "uv": [ 0.25, 14.5, 1.375, 15 ], "texture": "#metal_plate3" },
				"west": { "uv": [ 1.5, 14.5, 2, 15 ], "texture": "#metal_plate3" },
				"east": { "uv": [ 14, 14.5, 14.5, 15 ], "texture": "#metal_plate3" }
			}
		},
		{
			"__comment": "Box1",
			"from": [ 14.49982, 1.125394, 7.124026 ],
			"to": [ 15.62482, 1.625394, 7.624026 ],
			"faces": {
				"down": { "uv": [ 0.25, 14, 1.375, 14.5 ], "texture": "#metal_plate3" },
				"up": { "uv": [ 0.25, 1.5, 1.375, 2 ], "texture": "#metal_plate3" },
				"north": { "uv": [ 14.625, 14.5, 15.75, 15 ], "texture": "#metal_plate3" },
				"south": { "uv": [ 0.25, 14.5, 1.375, 15 ], "texture": "#metal_plate3" },
				"west": { "uv": [ 1.5, 14.5, 2, 15 ], "texture": "#metal_plate3" },
				"east": { "uv": [ 14, 14.5, 14.5, 15 ], "texture": "#metal_plate3" }
			}
		},
		{
			"__comment": "Box1",
			"from": [ 14.24902, 4.374286, 1.249349 ],
			"to": [ 15.37402, 4.874286, 1.749349 ],
			"faces": {
				"down": { "uv": [ 0.25, 14, 1.375, 14.5 ], "texture": "#metal_plate2" },
				"up": { "uv": [ 0.25, 1.5, 1.375, 2 ], "texture": "#metal_plate2" },
				"north": { "uv": [ 14.625, 14.5, 15.75, 15 ], "texture": "#metal_plate2" },
				"south": { "uv": [ 0.25, 14.5, 1.375, 15 ], "texture": "#metal_plate2" },
				"west": { "uv": [ 1.5, 14.5, 2, 15 ], "texture": "#metal_plate2" },
				"east": { "uv": [ 14, 14.5, 14.5, 15 ], "texture": "#metal_plate2" }
			}
		},
		{
			"__comment": "Box1",
			"from": [ 14.25094, 13.74916, 1.125414 ],
			"to": [ 15.37594, 14.24916, 1.625414 ],
			"faces": {
				"down": { "uv": [ 0.25, 14, 1.375, 14.5 ], "texture": "#metal_plate2" },
				"up": { "uv": [ 0.25, 1.5, 1.375, 2 ], "texture": "#metal_plate2" },
				"north": { "uv": [ 14.625, 14.5, 15.75, 15 ], "texture": "#metal_plate2" },
				"south": { "uv": [ 0.25, 14.5, 1.375, 15 ], "texture": "#metal_plate2" },
				"west": { "uv": [ 1.5, 14.5, 2, 15 ], "texture": "#metal_plate2" },
				"east": { "uv": [ 14, 14.5, 14.5, 15 ], "texture": "#metal_plate2" }
			}
		},
		{
			"__comment": "Box1",
			"from": [ 14.25098, 13.5002, 8.25065 ],
			"to": [ 15.37598, 14.0002, 8.75065 ],
			"faces": {
				"down": { "uv": [ 0.25, 14, 1.375, 14.5 ], "texture": "#metal_plate2" },
				"up": { "uv": [ 0.25, 1.5, 1.375, 2 ], "texture": "#metal_plate2" },
				"north": { "uv": [ 14.625, 14.5, 15.75, 15 ], "texture": "#metal_plate2" },
				"south": { "uv": [ 0.25, 14.5, 1.375, 15 ], "texture": "#metal_plate2" },
				"west": { "uv": [ 1.5, 14.5, 2, 15 ], "texture": "#metal_plate2" },
				"east": { "uv": [ 14, 14.5, 14.5, 15 ], "texture": "#metal_plate2" }
			}
		},
		{
			"__comment": "Box1",
			"from": [ 14.37412, 15.3755, 7.25086 ],
			"to": [ 15.49912, 15.8755, 7.75086 ],
			"faces": {
				"down": { "uv": [ 0.25, 14, 1.375, 14.5 ], "texture": "#metal_plate3" },
				"up": { "uv": [ 0.25, 1.5, 1.375, 2 ], "texture": "#metal_plate3" },
				"north": { "uv": [ 14.625, 14.5, 15.75, 15 ], "texture": "#metal_plate3" },
				"south": { "uv": [ 0.25, 14.5, 1.375, 15 ], "texture": "#metal_plate3" },
				"west": { "uv": [ 1.5, 14.5, 2, 15 ], "texture": "#metal_plate3" },
				"east": { "uv": [ 14, 14.5, 14.5, 15 ], "texture": "#metal_plate3" }
			}
		},
		{
			"__comment": "Box1",
			"from": [ 14.37598, 12.37448, 14.25078 ],
			"to": [ 15.50098, 12.87448, 14.75078 ],
			"faces": {
				"down": { "uv": [ 0.25, 14, 1.375, 14.5 ], "texture": "#metal_plate3" },
				"up": { "uv": [ 0.25, 1.5, 1.375, 2 ], "texture": "#metal_plate3" },
				"north": { "uv": [ 14.625, 14.5, 15.75, 15 ], "texture": "#metal_plate3" },
				"south": { "uv": [ 0.25, 14.5, 1.375, 15 ], "texture": "#metal_plate3" },
				"west": { "uv": [ 1.5, 14.5, 2, 15 ], "texture": "#metal_plate3" },
				"east": { "uv": [ 14, 14.5, 14.5, 15 ], "texture": "#metal_plate3" }
			}
		},
		{
			"__comment": "Box1",
			"from": [ 14.37501, 3.124408, 1.624813 ],
			"to": [ 15.50001, 3.624408, 2.124813 ],
			"faces": {
				"down": { "uv": [ 0.25, 14, 1.375, 14.5 ], "texture": "#metal_plate3" },
				"up": { "uv": [ 0.25, 1.5, 1.375, 2 ], "texture": "#metal_plate3" },
				"north": { "uv": [ 14.625, 14.5, 15.75, 15 ], "texture": "#metal_plate3" },
				"south": { "uv": [ 0.25, 14.5, 1.375, 15 ], "texture": "#metal_plate3" },
				"west": { "uv": [ 1.5, 14.5, 2, 15 ], "texture": "#metal_plate3" },
				"east": { "uv": [ 14, 14.5, 14.5, 15 ], "texture": "#metal_plate3" }
			}
		},
		{
			"__comment": "Box1",
			"from": [ 14.37575, -0.2492477, 9.124591 ],
			"to": [ 15.50075, 0.2507523, 9.624591 ],
			"faces": {
				"down": { "uv": [ 0.25, 14, 1.375, 14.5 ], "texture": "#metal_plate3" },
				"up": { "uv": [ 0.25, 1.5, 1.375, 2 ], "texture": "#metal_plate3" },
				"north": { "uv": [ 14.625, 14.5, 15.75, 15 ], "texture": "#metal_plate3" },
				"south": { "uv": [ 0.25, 14.5, 1.375, 15 ], "texture": "#metal_plate3" },
				"west": { "uv": [ 1.5, 14.5, 2, 15 ], "texture": "#metal_plate3" },
				"east": { "uv": [ 14, 14.5, 14.5, 15 ], "texture": "#metal_plate3" }
			}
		},
		{
			"__comment": "Box1",
			"from": [ 3.499231, 7.875625, 3.124367 ],
			"to": [ 12.62423, 8.750626, 12.74937 ],
			"faces": {
				"down": { "uv": [ 3.5, 3.25, 12.625, 12.875 ], "texture": "#seat" },
				"up": { "uv": [ 3.5, 3.125, 12.625, 12.75 ], "texture": "#seat" },
				"north": { "uv": [ 3.375, 5.125, 12.5, 6 ], "texture": "#seat" },
				"south": { "uv": [ 3.5, 5.125, 12.625, 6 ], "texture": "#seat" },
				"west": { "uv": [ 3.125, 5.125, 12.75, 6 ], "texture": "#seat" },
				"east": { "uv": [ 3.25, 5.125, 12.875, 6 ], "texture": "#seat" }
			}
		},
		{
			"__comment": "Box1",
			"from": [ 3.499675, 6.999236, 3.12442 ],
			"to": [ 12.62468, 7.874236, 12.74942 ],
			"faces": {
				"down": { "uv": [ 3.5, 3.25, 12.625, 12.875 ], "texture": "#metal_plate3" },
				"up": { "uv": [ 3.5, 3.125, 12.625, 12.75 ], "texture": "#metal_plate3" },
				"north": { "uv": [ 3.375, 6, 12.5, 6.875 ], "texture": "#metal_plate3" },
				"south": { "uv": [ 3.5, 6, 12.625, 6.875 ], "texture": "#metal_plate3" },
				"west": { "uv": [ 3.125, 6, 12.75, 6.875 ], "texture": "#metal_plate3" },
				"east": { "uv": [ 3.25, 6, 12.875, 6.875 ], "texture": "#metal_plate3" }
			}
		},
		{
			"__comment": "Box1",
			"from": [ 3.500597, 1.125113, 3.124281 ],
			"to": [ 4.625597, 7.000113, 4.249281 ],
			"faces": {
				"down": { "uv": [ 3.5, 11.75, 4.625, 12.875 ], "texture": "#metal_plate3" },
				"up": { "uv": [ 3.5, 3.125, 4.625, 4.25 ], "texture": "#metal_plate3" },
				"north": { "uv": [ 11.375, 8.5, 12.5, 14.375 ], "texture": "#metal_plate3" },
				"south": { "uv": [ 3.5, 8.5, 4.625, 14.375 ], "texture": "#metal_plate3" },
				"west": { "uv": [ 3.125, 8.5, 4.25, 14.375 ], "texture": "#metal_plate3" },
				"east": { "uv": [ 11.75, 8.5, 12.875, 14.375 ], "texture": "#metal_plate3" }
			}
		},
		{
			"__comment": "Box1",
			"from": [ 11.50021, 1.124532, 3.125277 ],
			"to": [ 12.62521, 6.999532, 4.250277 ],
			"faces": {
				"down": { "uv": [ 11.5, 11.75, 12.625, 12.875 ], "texture": "#metal_plate3" },
				"up": { "uv": [ 11.5, 3.125, 12.625, 4.25 ], "texture": "#metal_plate3" },
				"north": { "uv": [ 3.375, 8.5, 4.5, 14.375 ], "texture": "#metal_plate3" },
				"south": { "uv": [ 11.5, 8.5, 12.625, 14.375 ], "texture": "#metal_plate3" },
				"west": { "uv": [ 3.125, 8.5, 4.25, 14.375 ], "texture": "#metal_plate3" },
				"east": { "uv": [ 11.75, 8.5, 12.875, 14.375 ], "texture": "#metal_plate3" }
			}
		},
		{
			"__comment": "Box1",
			"from": [ 11.50084, 1.124949, 11.62568 ],
			"to": [ 12.62584, 6.999949, 12.75068 ],
			"faces": {
				"down": { "uv": [ 11.5, 3.25, 12.625, 4.375 ], "texture": "#metal_plate3" },
				"up": { "uv": [ 11.5, 11.625, 12.625, 12.75 ], "texture": "#metal_plate3" },
				"north": { "uv": [ 3.375, 8.5, 4.5, 14.375 ], "texture": "#metal_plate3" },
				"south": { "uv": [ 11.5, 8.5, 12.625, 14.375 ], "texture": "#metal_plate3" },
				"west": { "uv": [ 11.625, 8.5, 12.75, 14.375 ], "texture": "#metal_plate3" },
				"east": { "uv": [ 3.25, 8.5, 4.375, 14.375 ], "texture": "#metal_plate3" }
			}
		},
		{
			"__comment": "Box1",
			"from": [ 3.500071, 1.12534, 11.62595 ],
			"to": [ 4.625071, 7.00034, 12.75095 ],
			"faces": {
				"down": { "uv": [ 3.5, 3.25, 4.625, 4.375 ], "texture": "#metal_plate3" },
				"up": { "uv": [ 3.5, 11.625, 4.625, 12.75 ], "texture": "#metal_plate3" },
				"north": { "uv": [ 11.375, 8.5, 12.5, 14.375 ], "texture": "#metal_plate3" },
				"south": { "uv": [ 3.5, 8.5, 4.625, 14.375 ], "texture": "#metal_plate3" },
				"west": { "uv": [ 11.625, 8.5, 12.75, 14.375 ], "texture": "#metal_plate3" },
				"east": { "uv": [ 3.25, 8.5, 4.375, 14.375 ], "texture": "#metal_plate3" }
			}
		},
		{
			"__comment": "Box1",
			"from": [ 5.499154, 7.000256, 12.75085 ],
			"to": [ 6.624154, 7.875256, 15.25085 ],
			"rotation": { "origin": [ 5.5, 7, 12.75 ], "axis": "x", "angle": -45 },
			"faces": {
				"down": { "uv": [ 5.5, 0.75, 6.625, 3.25 ], "texture": "#metal_plate3" },
				"up": { "uv": [ 5.5, 12.75, 6.625, 15.25 ], "texture": "#metal_plate3" },
				"north": { "uv": [ 9.375, 6, 10.5, 6.875 ], "texture": "#metal_plate3" },
				"south": { "uv": [ 5.5, 6, 6.625, 6.875 ], "texture": "#metal_plate3" },
				"west": { "uv": [ 12.75, 6, 15.25, 6.875 ], "texture": "#metal_plate3" },
				"east": { "uv": [ 0.75, 6, 3.25, 6.875 ], "texture": "#metal_plate3" }
			}
		},
		{
			"__comment": "Box1",
			"from": [ 5.499714, 8.749412, 13.62541 ],
			"to": [ 6.624714, 13.12441, 14.50041 ],
			"faces": {
				"down": { "uv": [ 5.5, 1.5, 6.625, 2.375 ], "texture": "#metal_plate3" },
				"up": { "uv": [ 5.5, 13.625, 6.625, 14.5 ], "texture": "#metal_plate3" },
				"north": { "uv": [ 9.375, 2.375, 10.5, 6.75 ], "texture": "#metal_plate3" },
				"south": { "uv": [ 5.5, 2.375, 6.625, 6.75 ], "texture": "#metal_plate3" },
				"west": { "uv": [ 13.625, 2.375, 14.5, 6.75 ], "texture": "#metal_plate3" },
				"east": { "uv": [ 1.5, 2.375, 2.375, 6.75 ], "texture": "#metal_plate3" }
			}
		},
		{
			"__comment": "Box1",
			"from": [ 9.499405, 8.750376, 13.62527 ],
			"to": [ 10.6244, 13.12538, 14.50027 ],
			"faces": {
				"down": { "uv": [ 9.5, 1.5, 10.625, 2.375 ], "texture": "#metal_plate3" },
				"up": { "uv": [ 9.5, 13.625, 10.625, 14.5 ], "texture": "#metal_plate3" },
				"north": { "uv": [ 5.375, 2.375, 6.5, 6.75 ], "texture": "#metal_plate3" },
				"south": { "uv": [ 9.5, 2.375, 10.625, 6.75 ], "texture": "#metal_plate3" },
				"west": { "uv": [ 13.625, 2.375, 14.5, 6.75 ], "texture": "#metal_plate3" },
				"east": { "uv": [ 1.5, 2.375, 2.375, 6.75 ], "texture": "#metal_plate3" }
			}
		},
		{
			"__comment": "Box1",
			"from": [ 9.500306, 7.000382, 12.74911 ],
			"to": [ 10.62531, 7.875382, 15.24911 ],
			"rotation": { "origin": [ 9.5, 7, 12.75 ], "axis": "x", "angle": -45 },
			"faces": {
				"down": { "uv": [ 9.5, 0.75, 10.625, 3.25 ], "texture": "#metal_plate3" },
				"up": { "uv": [ 9.5, 12.75, 10.625, 15.25 ], "texture": "#metal_plate3" },
				"north": { "uv": [ 5.375, 6, 6.5, 6.875 ], "texture": "#metal_plate3" },
				"south": { "uv": [ 9.5, 6, 10.625, 6.875 ], "texture": "#metal_plate3" },
				"west": { "uv": [ 12.75, 6, 15.25, 6.875 ], "texture": "#metal_plate3" },
				"east": { "uv": [ 0.75, 6, 3.25, 6.875 ], "texture": "#metal_plate3" }
			}
		},
		{
			"__comment": "Box1",
			"from": [ 3.499716, 13.12584, 13.62535 ],
			"to": [ 12.62472, 18.50084, 14.50035 ],
			"faces": {
				"down": { "uv": [ 12.5, 7, 3.375, 6.125 ], "texture": "#metal_plate3" },
				"up": { "uv": [ 3.5, 6.125, 12.625, 7 ], "texture": "#metal_plate3" },
				"north": { "uv": [ 12.625, 8.125, 3.5, 2.75 ], "texture": "#metal_plate3" },
				"south": { "uv": [ 3.5, 7.875, 12.625, 13.25 ], "texture": "#metal_plate3" },
				"west": { "uv": [ 2.75, 6.125, 8.125, 7 ], "texture": "#metal_plate3", "rotation": 270 },
				"east": { "uv": [ 7.875, 6.125, 13.25, 7 ], "texture": "#metal_plate3", "rotation": 90 }
			}
		},
		{
			"__comment": "Box1",
			"from": [ 3.499022, 13.12447, 12.74932 ],
			"to": [ 12.62402, 18.49947, 13.62432 ],
			"faces": {
				"down": { "uv": [ 12.5, 6.999996, 3.375, 6.124996 ], "texture": "#seat" },
				"up": { "uv": [ 3.5, 6.124996, 12.625, 6.999996 ], "texture": "#seat" },
				"north": { "uv": [ 12.625, 7.25, 3.5, 1.875 ], "texture": "#seat" },
				"south": { "uv": [ 3.5, 8.75, 12.625, 14.125 ], "texture": "#seat" },
				"west": { "uv": [ 1.875, 6.124996, 7.25, 6.999996 ], "texture": "#seat", "rotation": 270 },
				"east": { "uv": [ 8.75, 6.124996, 14.125, 6.999996 ], "texture": "#seat", "rotation": 90 }
			}
		},
		{
			"__comment": "Box1",
			"from": [ 0.624072, 13.25086, 8.249198 ],
			"to": [ 1.749072, 13.75086, 8.749198 ],
			"faces": {
				"down": { "uv": [ 0.375, 1.5, 1.5, 2 ], "texture": "#metal_plate2" },
				"up": { "uv": [ 0.375, 14, 1.5, 14.5 ], "texture": "#metal_plate2" },
				"north": { "uv": [ 14.5, 3, 15.625, 3.5 ], "texture": "#metal_plate2" },
				"south": { "uv": [ 0.375, 3, 1.5, 3.5 ], "texture": "#metal_plate2" },
				"west": { "uv": [ 14, 3, 14.5, 3.5 ], "texture": "#metal_plate2" },
				"east": { "uv": [ 1.5, 3, 2, 3.5 ], "texture": "#metal_plate2" }
			}
		},
		{
			"__comment": "Box1",
			"from": [ 0.624558, -0.2494904, 6.375893 ],
			"to": [ 1.749558, 0.2505096, 6.875893 ],
			"rotation": { "origin": [ 0.625, -0.25, 6.375 ], "axis": "x", "angle": -22.5 },
			"faces": {
				"down": { "uv": [ 0.375, 1.5, 1.5, 2 ], "texture": "#metal_plate2" },
				"up": { "uv": [ 0.375, 14, 1.5, 14.5 ], "texture": "#metal_plate2" },
				"north": { "uv": [ 14.5, 3, 15.625, 3.5 ], "texture": "#metal_plate2" },
				"south": { "uv": [ 0.375, 3, 1.5, 3.5 ], "texture": "#metal_plate2" },
				"west": { "uv": [ 14, 3, 14.5, 3.5 ], "texture": "#metal_plate2" },
				"east": { "uv": [ 1.5, 3, 2, 3.5 ], "texture": "#metal_plate2" }
			}
		}
	],
	"display": {
		"thirdperson_righthand": {
			"rotation":  [ 75, 45, 0 ],
			"translation":  [ 0, 2.5, 0 ],
			"scale":  [ 0.375, 0.375, 0.375 ]
		},
		"thirdperson_lefthand": {
			"rotation":  [ 75, 45, 0 ],
			"translation":  [ 0, 2.5, 0 ],
			"scale":  [ 0.375, 0.375, 0.375 ]
		},
		"firstperson_righthand": {
			"rotation":  [ 0, 90, -25 ],
			"translation":  [ 1.13, 3.2, 1.13 ],
			"scale":  [ 0.4, 0.4, 0.4 ]
		},
		"firstperson_lefthand": {
			"rotation":  [ 0, 90, -25 ],
			"translation":  [ 1.13, 3.2, 1.13 ],
			"scale":  [ 0.4, 0.4, 0.4 ]
		},
		"gui": {
			"rotation":  [ 30, 225, 0 ],
			"translation":  [ 0, -2.782, 0 ],
			"scale":  [ 0.6, 0.6, 0.6 ]
		},
		"head": {
			"translation":  [ 0, 0.5, 0 ],
			"scale":  [ 1.8, 1.8, 1.8 ]
		},
		"ground": {
			"translation":  [ 0, 0.6956, 0 ],
			"scale":  [ 2.0, 2.0, 2.0 ]
		},
		"fixed": {
			"translation":  [ 0, -2.782, 0 ],
			"scale":  [ 0.5, 0.5, 0.5 ]
		}
	}
}