{
	"__comment": "Designed by Cookiesnom with Cubik Studio - https://cubik.studio",
	"textures": {
		"particle": "blocks/anvil_base",
		"anvil": "blocks/anvil_base",
		"doorbottom": "blocks/door_iron_lower",
		"iron": "blocks/iron_block",
		"coal": "blocks/coal_block",
		"inside": "blocks/cauldron_inner",
		"nether": "blocks/diamond_block"
	},
	"elements": [ 	 
		{
			"__comment": "Box1",
			"from": [ 2, 0, 2 ],
			"to": [ 14, 1, 14 ],
			"faces": {
				"down": { "uv": [ 2, 2, 14, 14 ], "texture": "#doorbottom" },
				"up": { "uv": [ 2, 2, 14, 14 ], "texture": "#iron" },
				"north": { "uv": [ 2, 15, 14, 16 ], "texture": "#doorbottom" },
				"south": { "uv": [ 2, 15, 14, 16 ], "texture": "#doorbottom" },
				"west": { "uv": [ 2, 15, 14, 16 ], "texture": "#doorbottom" },
				"east": { "uv": [ 2, 15, 14, 16 ], "texture": "#doorbottom" }
			}
		},
		{
			"__comment": "Box1",
			"from": [ 2, 1, 2 ],
			"to": [ 3.5, 2.5, 14 ],
			"faces": {
				"down": { "uv": [ 2, 2, 3.5, 14 ], "texture": "#doorbottom" },
				"up": { "uv": [ 2, 2, 3.5, 14 ], "texture": "#iron" },
				"north": { "uv": [ 12.5, 13.5, 14, 15 ], "texture": "#doorbottom" },
				"south": { "uv": [ 2, 13.5, 3.5, 15 ], "texture": "#doorbottom" },
				"west": { "uv": [ 2, 13.5, 14, 15 ], "texture": "#doorbottom" },
				"east": { "uv": [ 2, 13.5, 14, 15 ], "texture": "#coal" }
			}
		},
		{
			"__comment": "Box1",
			"from": [ 12, 1, 2 ],
			"to": [ 14, 2.5, 14 ],
			"faces": {
				"down": { "uv": [ 12, 2, 14, 14 ], "texture": "#doorbottom" },
				"up": { "uv": [ 12, 2, 14, 14 ], "texture": "#iron" },
				"north": { "uv": [ 2, 13.5, 4, 15 ], "texture": "#doorbottom" },
				"south": { "uv": [ 12, 13.5, 14, 15 ], "texture": "#doorbottom" },
				"west": { "uv": [ 2, 13.5, 14, 15 ], "texture": "#coal" },
				"east": { "uv": [ 2, 13.5, 14, 15 ], "texture": "#doorbottom" }
			}
		},
		{
			"__comment": "Box1",
			"from": [ 3.5, 1, 2 ],
			"to": [ 12, 2.5, 4 ],
			"faces": {
				"down": { "uv": [ 3.5, 12, 12, 14 ], "texture": "#doorbottom" },
				"up": { "uv": [ 3.5, 2, 12, 4 ], "texture": "#iron" },
				"north": { "uv": [ 4, 13.5, 12.5, 15 ], "texture": "#doorbottom" },
				"south": { "uv": [ 3.5, 13.5, 12, 15 ], "texture": "#coal" }
			}
		},
		{
			"__comment": "Box1",
			"from": [ 3.5, 1, 12.5 ],
			"to": [ 12, 2.5, 14 ],
			"faces": {
				"down": { "uv": [ 3.5, 2, 12, 3.5 ], "texture": "#doorbottom" },
				"up": { "uv": [ 3.5, 12.5, 12, 14 ], "texture": "#iron" },
				"north": { "uv": [ 4, 13.5, 12.5, 15 ], "texture": "#coal" },
				"south": { "uv": [ 3.5, 13.5, 12, 15 ], "texture": "#doorbottom" }
			}
		},
		{
			"__comment": "Box1",
			"from": [ -0.5, 0, 5.5 ],
			"to": [ 2, 14, 6 ],
			"faces": {
				"down": { "uv": [ 0, 10, 2, 10.5 ], "texture": "#nether" },
				"up": { "uv": [ 0, 5.5, 2, 6 ], "texture": "#nether" },
				"north": { "uv": [ 14, 2, 16, 16 ], "texture": "#nether" },
				"south": { "uv": [ 0, 2, 2, 16 ], "texture": "#nether" },
				"west": { "uv": [ 5.5, 2, 6, 16 ], "texture": "#nether" },
				"east": { "uv": [ 10, 2, 10.5, 16 ], "texture": "#nether" }
			}
		},
		{
			"__comment": "Box1",
			"from": [ -0.5, 0, 10 ],
			"to": [ 2, 14, 10.5 ],
			"faces": {
				"down": { "uv": [ 0, 5.5, 2, 6 ], "texture": "#nether" },
				"up": { "uv": [ 0, 10, 2, 10.5 ], "texture": "#nether" },
				"north": { "uv": [ 14, 2, 16, 16 ], "texture": "#nether" },
				"south": { "uv": [ 0, 2, 2, 16 ], "texture": "#nether" },
				"west": { "uv": [ 10, 2, 10.5, 16 ], "texture": "#nether" },
				"east": { "uv": [ 5.5, 2, 6, 16 ], "texture": "#nether" }
			}
		},
		{
			"__comment": "Box1",
			"from": [ 0.5, 0, 6 ],
			"to": [ 1, 14, 10 ],
			"faces": {
				"down": { "uv": [ 0.5, 6, 1, 10 ], "texture": "#nether" },
				"up": { "uv": [ 0.5, 6, 1, 10 ], "texture": "#nether" },
				"north": { "uv": [ 15, 2, 15.5, 16 ], "texture": "#nether" },
				"south": { "uv": [ 0.5, 2, 1, 16 ], "texture": "#nether" },
				"west": { "uv": [ 6, 2, 10, 16 ], "texture": "#nether" },
				"east": { "uv": [ 6, 2, 10, 16 ], "texture": "#nether" }
			}
		},
		{
			"__comment": "Box1",
			"from": [ 14, 0, 5.5 ],
			"to": [ 16.5, 14, 6 ],
			"faces": {
				"down": { "uv": [ 14, 10, 16, 10.5 ], "texture": "#nether" },
				"up": { "uv": [ 14, 5.5, 16, 6 ], "texture": "#nether" },
				"north": { "uv": [ 0, 2, 2, 16 ], "texture": "#nether" },
				"south": { "uv": [ 14, 2, 16, 16 ], "texture": "#nether" },
				"west": { "uv": [ 5.5, 2, 6, 16 ], "texture": "#nether" },
				"east": { "uv": [ 10, 2, 10.5, 16 ], "texture": "#nether" }
			}
		},
		{
			"__comment": "Box1",
			"from": [ 14, 0, 10 ],
			"to": [ 16.5, 14, 10.5 ],
			"faces": {
				"down": { "uv": [ 14, 5.5, 16, 6 ], "texture": "#nether" },
				"up": { "uv": [ 14, 10, 16, 10.5 ], "texture": "#nether" },
				"north": { "uv": [ 0, 2, 2, 16 ], "texture": "#nether" },
				"south": { "uv": [ 14, 2, 16, 16 ], "texture": "#nether" },
				"west": { "uv": [ 10, 2, 10.5, 16 ], "texture": "#nether" },
				"east": { "uv": [ 5.5, 2, 6, 16 ], "texture": "#nether" }
			}
		},
		{
			"__comment": "Box1",
			"from": [ 15, 0, 6 ],
			"to": [ 15.5, 14, 10 ],
			"faces": {
				"down": { "uv": [ 15, 6, 15.5, 10 ], "texture": "#nether" },
				"up": { "uv": [ 15, 6, 15.5, 10 ], "texture": "#nether" },
				"north": { "uv": [ 0.5, 2, 1, 16 ], "texture": "#nether" },
				"south": { "uv": [ 15, 2, 15.5, 16 ], "texture": "#nether" },
				"west": { "uv": [ 6, 2, 10, 16 ], "texture": "#nether" },
				"east": { "uv": [ 6, 2, 10, 16 ], "texture": "#nether" }
			}
		},
		{
			"__comment": "Box1",
			"from": [ 1, 11, 6.5 ],
			"to": [ 15, 13.5, 9.5 ],
			"faces": {
				"down": { "uv": [ 1, 6.5, 15, 9.5 ], "texture": "#iron" },
				"up": { "uv": [ 1, 6.5, 15, 9.5 ], "texture": "#iron" },
				"north": { "uv": [ 1, 2.5, 15, 5 ], "texture": "#iron" },
				"south": { "uv": [ 1, 2.5, 15, 5 ], "texture": "#iron" },
				"west": { "uv": [ 6.5, 2.5, 9.5, 5 ], "texture": "#iron" },
				"east": { "uv": [ 6.5, 2.5, 9.5, 5 ], "texture": "#iron" }
			}
		},
		{
			"__comment": "Box1",
			"from": [ 7, 13.5, 7 ],
			"to": [ 9, 17.5, 9 ],
			"faces": {
				"down": { "uv": [ 7, 7, 9, 9 ], "texture": "#anvil" },
				"up": { "uv": [ 7, 7, 9, 9 ], "texture": "#anvil" },
				"north": { "uv": [ 7, 0, 9, 2.5 ], "texture": "#anvil" },
				"south": { "uv": [ 7, 0, 9, 2.5 ], "texture": "#anvil" },
				"west": { "uv": [ 7, 0, 9, 2.5 ], "texture": "#anvil" },
				"east": { "uv": [ 7, 0, 9, 2.5 ], "texture": "#anvil" }
			}
		},
		{
			"__comment": "Box1",
			"from": [ 9, 13.5, 7.25 ],
			"to": [ 10.5, 15, 8.75 ],
			"faces": {
				"down": { "uv": [ 9, 7.25, 10.5, 8.75 ], "texture": "#inside" },
				"up": { "uv": [ 9, 7.25, 10.5, 8.75 ], "texture": "#inside" },
				"north": { "uv": [ 5.5, 1, 7, 2.5 ], "texture": "#inside" },
				"south": { "uv": [ 9, 1, 10.5, 2.5 ], "texture": "#inside" },
				"west": { "uv": [ 7.25, 1, 8.75, 2.5 ], "texture": "#inside" },
				"east": { "uv": [ 7.25, 1, 8.75, 2.5 ], "texture": "#inside" }
			}
		},
		{
			"__comment": "Box1",
			"from": [ 9, 15, 7.25 ],
			"to": [ 10.5, 16.0607, 8.31066 ],
			"rotation": { "origin": [ 9, 15, 7.25 ], "axis": "x", "angle": 45 },
			"faces": {
				"down": { "uv": [ 9, 7.68934, 10.5, 8.75 ], "texture": "#inside" },
				"up": { "uv": [ 9, 7.25, 10.5, 8.310659 ], "texture": "#inside" },
				"north": { "uv": [ 5.5, 0, 7, 1 ], "texture": "#inside" },
				"south": { "uv": [ 9, 0, 10.5, 1 ], "texture": "#inside" },
				"west": { "uv": [ 7.25, 0, 8.31066, 1 ], "texture": "#inside" },
				"east": { "uv": [ 7.68934, 0, 8.75, 1 ], "texture": "#inside" }
			}
		},
		{
			"__comment": "Box1",
			"from": [ 11.5, 13.75, 7.6376 ],
			"to": [ 14.4988, 15.5, 8.362473 ],
			"faces": {
				"down": { "uv": [ 11.5, 7.637563, 14.4988, 8.362436 ], "texture": "#inside" },
				"up": { "uv": [ 11.5, 7.637564, 14.4988, 8.362436 ], "texture": "#inside" },
				"north": { "uv": [ 1.5012, 0.5, 4.5, 2.25 ], "texture": "#inside" },
				"south": { "uv": [ 11.5, 0.5, 14.4988, 2.25 ], "texture": "#inside" },
				"west": { "uv": [ 7.637563, 0.5, 8.362437, 2.25 ], "texture": "#inside" },
				"east": { "uv": [ 7.637563, 0.5, 8.362436, 2.25 ], "texture": "#inside" }
			}
		},
		{
			"__comment": "Box1",
			"from": [ 11.5, 13.75, 7.6376 ],
			"to": [ 14.5, 15.5, 8.362473 ],
			"rotation": { "origin": [ 11.5, 14.625, 8 ], "axis": "x", "angle": -45 },
			"faces": {
				"down": { "uv": [ 11.5, 6.912689, 14.5, 7.637563 ], "texture": "#inside" },
				"up": { "uv": [ 11.5, 8.362437, 14.5, 9.087311 ], "texture": "#inside" },
				"north": { "uv": [ 1.5, 0.5, 4.5, 2.25 ], "texture": "#inside" },
				"south": { "uv": [ 11.5, 0.5, 14.5, 2.25 ], "texture": "#inside" },
				"west": { "uv": [ 8.362437, 0.5, 9.087311, 2.25 ], "texture": "#inside" },
				"east": { "uv": [ 6.912689, 0.5, 7.637563, 2.25 ], "texture": "#inside" }
			}
		},
		{
			"__comment": "Box1",
			"from": [ 11.5, 14.2626, 7.125 ],
			"to": [ 14.4994, 14.98747, 8.875 ],
			"faces": {
				"down": { "uv": [ 4.5, 1.737437, 1.5, 0 ], "texture": "#inside" },
				"up": { "uv": [ 11.5, 0, 14.5, 1.737437 ], "texture": "#inside" },
				"north": { "uv": [ 14.5, 9.599874, 11.5, 8.875 ], "texture": "#inside" },
				"south": { "uv": [ 11.5, 6.400126, 14.5, 7.125 ], "texture": "#inside" },
				"west": { "uv": [ 8.875, 0, 9.599874, 1.737437 ], "texture": "#inside", "rotation": 270 },
				"east": { "uv": [ 6.400126, 0, 7.125, 1.737437 ], "texture": "#inside", "rotation": 90 }
			}
		},
		{
			"__comment": "Box1",
			"from": [ 11.5, 13.75, 7.6376 ],
			"to": [ 14.4994, 15.5, 8.362473 ],
			"rotation": { "origin": [ 11.5, 14.625, 8 ], "axis": "x", "angle": 45 },
			"faces": {
				"down": { "uv": [ 11.5, 8.875, 14.5, 9.599874 ], "texture": "#inside" },
				"up": { "uv": [ 11.5, 6.400126, 14.5, 7.125 ], "texture": "#inside" },
				"north": { "uv": [ 14.5, 1.012563, 11.5, 0 ], "texture": "#inside" },
				"south": { "uv": [ 4.5, 1.012563, 1.5, 0 ], "texture": "#inside" },
				"west": { "uv": [ 8.875, 0, 9.599874, 1.012563 ], "texture": "#inside", "rotation": 180 },
				"east": { "uv": [ 6.400126, 0, 7.125, 1.012563 ], "texture": "#inside", "rotation": 180 }
			}
		},
		{
			"__comment": "Box1",
			"from": [ 10.5, 14.25, 7.5 ],
			"to": [ 12, 14.75, 8 ],
			"rotation": { "origin": [ 10.5, 14.25, 8 ], "axis": "x", "angle": 45 },
			"faces": {
				"down": { "uv": [ 10.5, 7.853554, 12, 8.353554 ], "texture": "#doorbottom" },
				"up": { "uv": [ 10.5, 7.646446, 12, 8.146446 ], "texture": "#doorbottom" },
				"north": { "uv": [ 4, 0.8964462, 5.5, 1.396446 ], "texture": "#doorbottom" },
				"south": { "uv": [ 10.5, 0.8964462, 12, 1.396446 ], "texture": "#doorbottom" },
				"west": { "uv": [ 7.646447, 0.8964462, 8.146446, 1.396446 ], "texture": "#doorbottom" },
				"east": { "uv": [ 7.853553, 0.8964462, 8.353554, 1.396446 ], "texture": "#doorbottom" }
			}
		},
		{
			"__comment": "Box1",
			"from": [ 12, 13.5, 6.5 ],
			"to": [ 12.5, 14.5, 7 ],
			"rotation": { "origin": [ 12, 13.5, 6.5 ], "axis": "x", "angle": 45 },
			"faces": {
				"down": { "uv": [ 12, 9, 12.5, 9.5 ], "texture": "#doorbottom" },
				"up": { "uv": [ 12, 6.5, 12.5, 7 ], "texture": "#doorbottom" },
				"north": { "uv": [ 3.5, 1.5, 4, 2.5 ], "texture": "#doorbottom" },
				"south": { "uv": [ 12, 1.5, 12.5, 2.5 ], "texture": "#doorbottom" },
				"west": { "uv": [ 6.5, 1.5, 7, 2.5 ], "texture": "#doorbottom" },
				"east": { "uv": [ 9, 1.5, 9.5, 2.5 ], "texture": "#doorbottom" }
			}
		},
		{
			"__comment": "Box1",
			"from": [ 13.5, 13.5, 6.5 ],
			"to": [ 14, 14.5, 7 ],
			"rotation": { "origin": [ 13.5, 13.5, 6.5 ], "axis": "x", "angle": 45 },
			"faces": {
				"down": { "uv": [ 13.5, 9, 14, 9.5 ], "texture": "#doorbottom" },
				"up": { "uv": [ 13.5, 6.5, 14, 7 ], "texture": "#doorbottom" },
				"north": { "uv": [ 2, 1.5, 2.5, 2.5 ], "texture": "#doorbottom" },
				"south": { "uv": [ 13.5, 1.5, 14, 2.5 ], "texture": "#doorbottom" },
				"west": { "uv": [ 6.5, 1.5, 7, 2.5 ], "texture": "#doorbottom" },
				"east": { "uv": [ 9, 1.5, 9.5, 2.5 ], "texture": "#doorbottom" }
			}
		},
		{
			"__comment": "Box1",
			"from": [ 12, 13.5, 9 ],
			"to": [ 12.5, 14.5, 9.5 ],
			"rotation": { "origin": [ 12, 13.5, 9.5 ], "axis": "x", "angle": -45 },
			"faces": {
				"down": { "uv": [ 12, 6.353554, 12.5, 6.853554 ], "texture": "#doorbottom" },
				"up": { "uv": [ 12, 9.146446, 12.5, 9.646446 ], "texture": "#doorbottom" },
				"north": { "uv": [ 3.5, 1.853554, 4, 2.853554 ], "texture": "#doorbottom" },
				"south": { "uv": [ 12, 1.853554, 12.5, 2.853554 ], "texture": "#doorbottom" },
				"west": { "uv": [ 9.146446, 1.853554, 9.646446, 2.853554 ], "texture": "#doorbottom" },
				"east": { "uv": [ 6.353554, 1.853554, 6.853554, 2.853554 ], "texture": "#doorbottom" }
			}
		},
		{
			"__comment": "Box1",
			"from": [ 13.5, 13.5, 9 ],
			"to": [ 14, 14.5, 9.5 ],
			"rotation": { "origin": [ 12, 13.5, 9.5 ], "axis": "x", "angle": -45 },
			"faces": {
				"down": { "uv": [ 13.5, 6.353554, 14, 6.853554 ], "texture": "#doorbottom" },
				"up": { "uv": [ 13.5, 9.146446, 14, 9.646446 ], "texture": "#doorbottom" },
				"north": { "uv": [ 2, 1.853554, 2.5, 2.853554 ], "texture": "#doorbottom" },
				"south": { "uv": [ 13.5, 1.853554, 14, 2.853554 ], "texture": "#doorbottom" },
				"west": { "uv": [ 9.146446, 1.853554, 9.646446, 2.853554 ], "texture": "#doorbottom" },
				"east": { "uv": [ 6.353554, 1.853554, 6.853554, 2.853554 ], "texture": "#doorbottom" }
			}
		},
		{
			"__comment": "Box1",
			"from": [ 7.3125, 9, 7.3125 ],
			"to": [ 8.6875, 11, 8.6875 ],
			"rotation": { "origin": [ 8, 9, 8 ], "axis": "y", "angle": 45 },
			"faces": {
				"down": { "uv": [ 7.027728, 6.625, 8.402728, 8 ], "texture": "#inside" },
				"up": { "uv": [ 7.027728, 8, 8.402728, 9.375 ], "texture": "#inside" },
				"north": { "uv": [ 7.597272, 5, 8.972272, 7 ], "texture": "#inside" },
				"south": { "uv": [ 7.027728, 5, 8.402728, 7 ], "texture": "#inside" },
				"west": { "uv": [ 8, 5, 9.375, 7 ], "texture": "#inside" },
				"east": { "uv": [ 6.625, 5, 8, 7 ], "texture": "#inside" }
			}
		},
		{
			"__comment": "Box1",
			"from": [ 4, 1, 4 ],
			"to": [ 4.5, 2.5, 12.5 ],
			"faces": {
				"down": { "uv": [ 4, 3.5, 4.5, 12 ], "texture": "#doorbottom" },
				"up": { "uv": [ 4, 4, 4.5, 12.5 ], "texture": "#iron" },
				"north": { "uv": [ 11.5, 13.5, 12, 15 ], "texture": "#coal" },
				"south": { "uv": [ 4, 13.5, 4.5, 15 ], "texture": "#coal" },
				"west": { "uv": [ 4, 13.5, 12.5, 15 ], "texture": "#coal" },
				"east": { "uv": [ 3.5, 13.5, 12, 15 ], "texture": "#coal" }
			}
		},
		{
			"__comment": "Box1",
			"from": [ 5, 1, 4 ],
			"to": [ 5.5, 2.5, 12.5 ],
			"faces": {
				"down": { "uv": [ 5, 3.5, 5.5, 12 ], "texture": "#doorbottom" },
				"up": { "uv": [ 5, 4, 5.5, 12.5 ], "texture": "#iron" },
				"north": { "uv": [ 10.5, 13.5, 11, 15 ], "texture": "#coal" },
				"south": { "uv": [ 5, 13.5, 5.5, 15 ], "texture": "#coal" },
				"west": { "uv": [ 4, 13.5, 12.5, 15 ], "texture": "#coal" },
				"east": { "uv": [ 3.5, 13.5, 12, 15 ], "texture": "#coal" }
			}
		},
		{
			"__comment": "Box1",
			"from": [ 6, 1, 4 ],
			"to": [ 6.5, 2.5, 12.5 ],
			"faces": {
				"down": { "uv": [ 6, 3.5, 6.5, 12 ], "texture": "#doorbottom" },
				"up": { "uv": [ 6, 4, 6.5, 12.5 ], "texture": "#iron" },
				"north": { "uv": [ 9.5, 13.5, 10, 15 ], "texture": "#coal" },
				"south": { "uv": [ 6, 13.5, 6.5, 15 ], "texture": "#coal" },
				"west": { "uv": [ 4, 13.5, 12.5, 15 ], "texture": "#coal" },
				"east": { "uv": [ 3.5, 13.5, 12, 15 ], "texture": "#coal" }
			}
		},
		{
			"__comment": "Box1",
			"from": [ 7, 1, 4 ],
			"to": [ 7.5, 2.5, 12.5 ],
			"faces": {
				"down": { "uv": [ 7, 3.5, 7.5, 12 ], "texture": "#doorbottom" },
				"up": { "uv": [ 7, 4, 7.5, 12.5 ], "texture": "#iron" },
				"north": { "uv": [ 8.5, 13.5, 9, 15 ], "texture": "#coal" },
				"south": { "uv": [ 7, 13.5, 7.5, 15 ], "texture": "#coal" },
				"west": { "uv": [ 4, 13.5, 12.5, 15 ], "texture": "#coal" },
				"east": { "uv": [ 3.5, 13.5, 12, 15 ], "texture": "#coal" }
			}
		},
		{
			"__comment": "Box1",
			"from": [ 8, 1, 4 ],
			"to": [ 8.5, 2.5, 12.5 ],
			"faces": {
				"down": { "uv": [ 8, 3.5, 8.5, 12 ], "texture": "#doorbottom" },
				"up": { "uv": [ 8, 4, 8.5, 12.5 ], "texture": "#iron" },
				"north": { "uv": [ 7.5, 13.5, 8, 15 ], "texture": "#coal" },
				"south": { "uv": [ 8, 13.5, 8.5, 15 ], "texture": "#coal" },
				"west": { "uv": [ 4, 13.5, 12.5, 15 ], "texture": "#coal" },
				"east": { "uv": [ 3.5, 13.5, 12, 15 ], "texture": "#coal" }
			}
		},
		{
			"__comment": "Box1",
			"from": [ 9, 1, 4 ],
			"to": [ 9.5, 2.5, 12.5 ],
			"faces": {
				"down": { "uv": [ 9, 3.5, 9.5, 12 ], "texture": "#doorbottom" },
				"up": { "uv": [ 9, 4, 9.5, 12.5 ], "texture": "#iron" },
				"north": { "uv": [ 6.5, 13.5, 7, 15 ], "texture": "#coal" },
				"south": { "uv": [ 9, 13.5, 9.5, 15 ], "texture": "#coal" },
				"west": { "uv": [ 4, 13.5, 12.5, 15 ], "texture": "#coal" },
				"east": { "uv": [ 3.5, 13.5, 12, 15 ], "texture": "#coal" }
			}
		},
		{
			"__comment": "Box1",
			"from": [ 10, 1, 4 ],
			"to": [ 10.5, 2.5, 12.5 ],
			"faces": {
				"down": { "uv": [ 10, 3.5, 10.5, 12 ], "texture": "#doorbottom" },
				"up": { "uv": [ 10, 4, 10.5, 12.5 ], "texture": "#iron" },
				"north": { "uv": [ 5.5, 13.5, 6, 15 ], "texture": "#coal" },
				"south": { "uv": [ 10, 13.5, 10.5, 15 ], "texture": "#coal" },
				"west": { "uv": [ 4, 13.5, 12.5, 15 ], "texture": "#coal" },
				"east": { "uv": [ 3.5, 13.5, 12, 15 ], "texture": "#coal" }
			}
		},
		{
			"__comment": "Box1",
			"from": [ 11, 1, 4 ],
			"to": [ 11.5, 2.5, 12.5 ],
			"faces": {
				"down": { "uv": [ 11, 3.5, 11.5, 12 ], "texture": "#doorbottom" },
				"up": { "uv": [ 11, 4, 11.5, 12.5 ], "texture": "#iron" },
				"north": { "uv": [ 4.5, 13.5, 5, 15 ], "texture": "#coal" },
				"south": { "uv": [ 11, 13.5, 11.5, 15 ], "texture": "#coal" },
				"west": { "uv": [ 4, 13.5, 12.5, 15 ], "texture": "#coal" },
				"east": { "uv": [ 3.5, 13.5, 12, 15 ], "texture": "#coal" }
			}
		},
		{
			"__comment": "Box1",
			"from": [ 3.5, 1, 4.5 ],
			"to": [ 12, 2.5, 5 ],
			"faces": {
				"down": { "uv": [ 3.5, 11, 12, 11.5 ], "texture": "#doorbottom" },
				"up": { "uv": [ 3.5, 4.5, 12, 5 ], "texture": "#iron" },
				"north": { "uv": [ 4, 13.5, 12.5, 15 ], "texture": "#coal" },
				"south": { "uv": [ 3.5, 13.5, 12, 15 ], "texture": "#coal" },
				"west": { "uv": [ 4.5, 13.5, 5, 15 ], "texture": "#coal" },
				"east": { "uv": [ 11, 13.5, 11.5, 15 ], "texture": "#coal" }
			}
		},
		{
			"__comment": "Box1",
			"from": [ 3.5, 1, 5.5 ],
			"to": [ 12, 2.5, 6 ],
			"faces": {
				"down": { "uv": [ 3.5, 10, 12, 10.5 ], "texture": "#doorbottom" },
				"up": { "uv": [ 3.5, 5.5, 12, 6 ], "texture": "#iron" },
				"north": { "uv": [ 4, 13.5, 12.5, 15 ], "texture": "#coal" },
				"south": { "uv": [ 3.5, 13.5, 12, 15 ], "texture": "#coal" },
				"west": { "uv": [ 5.5, 13.5, 6, 15 ], "texture": "#coal" },
				"east": { "uv": [ 10, 13.5, 10.5, 15 ], "texture": "#coal" }
			}
		},
		{
			"__comment": "Box1",
			"from": [ 3.5, 1, 6.5 ],
			"to": [ 12, 2.5, 7 ],
			"faces": {
				"down": { "uv": [ 3.5, 9, 12, 9.5 ], "texture": "#doorbottom" },
				"up": { "uv": [ 3.5, 6.5, 12, 7 ], "texture": "#iron" },
				"north": { "uv": [ 4, 13.5, 12.5, 15 ], "texture": "#coal" },
				"south": { "uv": [ 3.5, 13.5, 12, 15 ], "texture": "#coal" },
				"west": { "uv": [ 6.5, 13.5, 7, 15 ], "texture": "#coal" },
				"east": { "uv": [ 9, 13.5, 9.5, 15 ], "texture": "#coal" }
			}
		},
		{
			"__comment": "Box1",
			"from": [ 3.5, 1, 7.5 ],
			"to": [ 12, 2.5, 8 ],
			"faces": {
				"down": { "uv": [ 3.5, 8, 12, 8.5 ], "texture": "#doorbottom" },
				"up": { "uv": [ 3.5, 7.5, 12, 8 ], "texture": "#iron" },
				"north": { "uv": [ 4, 13.5, 12.5, 15 ], "texture": "#coal" },
				"south": { "uv": [ 3.5, 13.5, 12, 15 ], "texture": "#coal" },
				"west": { "uv": [ 7.5, 13.5, 8, 15 ], "texture": "#coal" },
				"east": { "uv": [ 8, 13.5, 8.5, 15 ], "texture": "#coal" }
			}
		},
		{
			"__comment": "Box1",
			"from": [ 3.5, 1, 8.5 ],
			"to": [ 12, 2.5, 9 ],
			"faces": {
				"down": { "uv": [ 3.5, 7, 12, 7.5 ], "texture": "#doorbottom" },
				"up": { "uv": [ 3.5, 8.5, 12, 9 ], "texture": "#iron" },
				"north": { "uv": [ 4, 13.5, 12.5, 15 ], "texture": "#coal" },
				"south": { "uv": [ 3.5, 13.5, 12, 15 ], "texture": "#coal" },
				"west": { "uv": [ 8.5, 13.5, 9, 15 ], "texture": "#coal" },
				"east": { "uv": [ 7, 13.5, 7.5, 15 ], "texture": "#coal" }
			}
		},
		{
			"__comment": "Box1",
			"from": [ 3.5, 1, 9.5 ],
			"to": [ 12, 2.5, 10 ],
			"faces": {
				"down": { "uv": [ 3.5, 6, 12, 6.5 ], "texture": "#doorbottom" },
				"up": { "uv": [ 3.5, 9.5, 12, 10 ], "texture": "#iron" },
				"north": { "uv": [ 4, 13.5, 12.5, 15 ], "texture": "#coal" },
				"south": { "uv": [ 3.5, 13.5, 12, 15 ], "texture": "#coal" },
				"west": { "uv": [ 9.5, 13.5, 10, 15 ], "texture": "#coal" },
				"east": { "uv": [ 6, 13.5, 6.5, 15 ], "texture": "#coal" }
			}
		},
		{
			"__comment": "Box1",
			"from": [ 3.5, 1, 10.5 ],
			"to": [ 12, 2.5, 11 ],
			"faces": {
				"down": { "uv": [ 3.5, 5, 12, 5.5 ], "texture": "#doorbottom" },
				"up": { "uv": [ 3.5, 10.5, 12, 11 ], "texture": "#iron" },
				"north": { "uv": [ 4, 13.5, 12.5, 15 ], "texture": "#coal" },
				"south": { "uv": [ 3.5, 13.5, 12, 15 ], "texture": "#coal" },
				"west": { "uv": [ 10.5, 13.5, 11, 15 ], "texture": "#coal" },
				"east": { "uv": [ 5, 13.5, 5.5, 15 ], "texture": "#coal" }
			}
		},
		{
			"__comment": "Box1",
			"from": [ 3.5, 1, 11.5 ],
			"to": [ 12, 2.5, 12 ],
			"faces": {
				"down": { "uv": [ 3.5, 4, 12, 4.5 ], "texture": "#doorbottom" },
				"up": { "uv": [ 3.5, 11.5, 12, 12 ], "texture": "#iron" },
				"north": { "uv": [ 4, 13.5, 12.5, 15 ], "texture": "#coal" },
				"south": { "uv": [ 3.5, 13.5, 12, 15 ], "texture": "#coal" },
				"west": { "uv": [ 11.5, 13.5, 12, 15 ], "texture": "#coal" },
				"east": { "uv": [ 4, 13.5, 4.5, 15 ], "texture": "#coal" }
			}
		},
		{
			"__comment": "Box1",
			"from": [ 4.5, 7.375, 3.5 ],
			"to": [ 11.5, 8, 12.5 ],
			"faces": {
				"down": { "uv": [ 4.5, 3.5, 11.5, 12.5 ], "texture": "#inside" },
				"up": { "uv": [ 4.5, 3.5, 11.5, 12.5 ], "texture": "#inside" },
				"north": { "uv": [ 4.5, 8, 11.5, 8.625 ], "texture": "#inside" },
				"south": { "uv": [ 4.5, 8, 11.5, 8.625 ], "texture": "#inside" },
				"west": { "uv": [ 3.5, 8, 12.5, 8.625 ], "texture": "#inside" },
				"east": { "uv": [ 3.5, 8, 12.5, 8.625 ], "texture": "#inside" }
			}
		},
		{
			"__comment": "Box1",
			"from": [ 4.5, 8, 4.5 ],
			"to": [ 11.5, 9, 11.5 ],
			"faces": {
				"down": { "uv": [ 4.5, 4.5, 11.5, 11.5 ], "texture": "#inside" },
				"up": { "uv": [ 4.5, 4.5, 11.5, 11.5 ], "texture": "#inside" },
				"north": { "uv": [ 4.5, 7, 11.5, 8 ], "texture": "#inside" },
				"south": { "uv": [ 4.5, 7, 11.5, 8 ], "texture": "#inside" },
				"west": { "uv": [ 4.5, 7, 11.5, 8 ], "texture": "#inside" },
				"east": { "uv": [ 4.5, 7, 11.5, 8 ], "texture": "#inside" }
			}
		},
		{
			"__comment": "Box1",
			"from": [ 3.5, 8, 4.5 ],
			"to": [ 4.5, 9.41421, 11.5 ],
			"rotation": { "origin": [ 3.5, 8, 4.5 ], "axis": "z", "angle": -45 },
			"faces": {
				"down": { "uv": [ 3.5, 4.5, 4.5, 11.5 ], "texture": "#anvil" },
				"up": { "uv": [ 3.5, 4.5, 4.5, 11.5 ], "texture": "#anvil" },
				"north": { "uv": [ 11.5, 6.58579, 12.5, 8 ], "texture": "#anvil" },
				"south": { "uv": [ 3.5, 6.58579, 4.5, 8 ], "texture": "#anvil" },
				"west": { "uv": [ 4.5, 6.58579, 11.5, 8 ], "texture": "#anvil" },
				"east": { "uv": [ 4.5, 6.58579, 11.5, 8 ], "texture": "#anvil" }
			}
		},
		{
			"__comment": "Box1",
			"from": [ 11.5, 8, 4.5 ],
			"to": [ 12.91421, 9, 11.5 ],
			"rotation": { "origin": [ 11.5, 9, 4.5 ], "axis": "z", "angle": -45 },
			"faces": {
				"down": { "uv": [ 4.5, 5.58579, 11.5, 7 ], "texture": "#anvil", "rotation": 90 },
				"up": { "uv": [ 11.5, 7, 4.5, 5.58579 ], "texture": "#anvil", "rotation": 270 },
				"north": { "uv": [ 4.5, 7, 3.5, 5.58579 ], "texture": "#anvil", "rotation": 90 },
				"south": { "uv": [ 12.5, 7, 11.5, 5.58579 ], "texture": "#anvil", "rotation": 270 },
				"west": { "uv": [ 12.5, 11.5, 11.5, 4.5 ], "texture": "#anvil", "rotation": 270 },
				"east": { "uv": [ 11.5, 4.5, 12.5, 11.5 ], "texture": "#anvil", "rotation": 90 }
			}
		},
		{
			"__comment": "Box1",
			"from": [ 4.5, 8, 3.5 ],
			"to": [ 11.5, 9.41421, 4.5 ],
			"rotation": { "origin": [ 4.5, 8, 3.5 ], "axis": "x", "angle": 45 },
			"faces": {
				"down": { "uv": [ 4.5, 11.5, 11.5, 12.5 ], "texture": "#anvil" },
				"up": { "uv": [ 4.5, 3.5, 11.5, 4.5 ], "texture": "#anvil" },
				"north": { "uv": [ 4.5, 6.58579, 11.5, 8 ], "texture": "#anvil" },
				"south": { "uv": [ 4.5, 6.58579, 11.5, 8 ], "texture": "#anvil" },
				"west": { "uv": [ 3.5, 6.58579, 4.5, 8 ], "texture": "#anvil" },
				"east": { "uv": [ 11.5, 6.58579, 12.5, 8 ], "texture": "#anvil" }
			}
		},
		{
			"__comment": "Box1",
			"from": [ 4.5, 8, 11.5 ],
			"to": [ 11.5, 9, 12.91421 ],
			"rotation": { "origin": [ 4.5, 9, 11.5 ], "axis": "x", "angle": 45 },
			"faces": {
				"down": { "uv": [ 4.5, 3.792897, 11.5, 5.207108 ], "texture": "#anvil" },
				"up": { "uv": [ 4.5, 10.79289, 11.5, 12.2071 ], "texture": "#anvil" },
				"north": { "uv": [ 4.5, 6.707107, 11.5, 7.707107 ], "texture": "#anvil" },
				"south": { "uv": [ 4.5, 6.707107, 11.5, 7.707107 ], "texture": "#anvil" },
				"west": { "uv": [ 10.79289, 6.707107, 12.2071, 7.707107 ], "texture": "#anvil" },
				"east": { "uv": [ 3.792898, 6.707107, 5.207108, 7.707107 ], "texture": "#anvil" }
			}
		},
		{
			"__comment": "Box1",
			"from": [ 3.5, 7.375, 4.5 ],
			"to": [ 4.5, 8, 11.5 ],
			"faces": {
				"down": { "uv": [ 3.5, 4.5, 4.5, 11.5 ], "texture": "#inside" },
				"up": { "uv": [ 3.5, 4.5, 4.5, 11.5 ], "texture": "#inside" },
				"north": { "uv": [ 11.5, 8, 12.5, 8.625 ], "texture": "#inside" },
				"south": { "uv": [ 3.5, 8, 4.5, 8.625 ], "texture": "#inside" },
				"west": { "uv": [ 4.5, 8, 11.5, 8.625 ], "texture": "#inside" },
				"east": { "uv": [ 4.5, 8, 11.5, 8.625 ], "texture": "#inside" }
			}
		},
		{
			"__comment": "Box1",
			"from": [ 11.5, 7.375, 4.5 ],
			"to": [ 12.5, 8, 11.5 ],
			"faces": {
				"down": { "uv": [ 11.5, 4.5, 12.5, 11.5 ], "texture": "#inside" },
				"up": { "uv": [ 11.5, 4.5, 12.5, 11.5 ], "texture": "#inside" },
				"north": { "uv": [ 3.5, 8, 4.5, 8.625 ], "texture": "#inside" },
				"south": { "uv": [ 11.5, 8, 12.5, 8.625 ], "texture": "#inside" },
				"west": { "uv": [ 4.5, 8, 11.5, 8.625 ], "texture": "#inside" },
				"east": { "uv": [ 4.5, 8, 11.5, 8.625 ], "texture": "#inside" }
			}
		},
		{
			"__comment": "Box1",
			"from": [ 4.5, 7.375, 3.5 ],
			"to": [ 5.5, 8, 4.91421 ],
			"rotation": { "origin": [ 4.5, 7.375, 3.5 ], "axis": "y", "angle": -45 },
			"faces": {
				"down": { "uv": [ 4.5, 11.08579, 5.5, 12.5 ], "texture": "#inside" },
				"up": { "uv": [ 4.5, 3.5, 5.5, 4.91421 ], "texture": "#inside" },
				"north": { "uv": [ 10.5, 8, 11.5, 8.625 ], "texture": "#inside" },
				"south": { "uv": [ 4.5, 8, 5.5, 8.625 ], "texture": "#inside" },
				"west": { "uv": [ 3.5, 8, 4.91421, 8.625 ], "texture": "#inside" },
				"east": { "uv": [ 11.08579, 8, 12.5, 8.625 ], "texture": "#inside" }
			}
		},
		{
			"__comment": "Box1",
			"from": [ 3.5, 7.375, 11.5 ],
			"to": [ 4.5, 8, 12.91421 ],
			"rotation": { "origin": [ 3.5, 7.375, 11.5 ], "axis": "y", "angle": 45 },
			"faces": {
				"down": { "uv": [ 3.5, 3.08579, 4.5, 4.5 ], "texture": "#inside" },
				"up": { "uv": [ 3.5, 11.5, 4.5, 12.91421 ], "texture": "#inside" },
				"north": { "uv": [ 11.5, 8, 12.5, 8.625 ], "texture": "#inside" },
				"south": { "uv": [ 3.5, 8, 4.5, 8.625 ], "texture": "#inside" },
				"west": { "uv": [ 11.5, 8, 12.91421, 8.625 ], "texture": "#inside" },
				"east": { "uv": [ 3.08579, 8, 4.5, 8.625 ], "texture": "#inside" }
			}
		},
		{
			"__comment": "Box1",
			"from": [ 11.5, 7.375, 11.5 ],
			"to": [ 12.91421, 8, 12.5 ],
			"rotation": { "origin": [ 11.5, 7.375, 12.5 ], "axis": "y", "angle": 45 },
			"faces": {
				"down": { "uv": [ 10.79289, 3.207107, 12.2071, 4.207107 ], "texture": "#inside" },
				"up": { "uv": [ 10.79289, 11.79289, 12.2071, 12.79289 ], "texture": "#inside" },
				"north": { "uv": [ 3.792897, 8, 5.207107, 8.625 ], "texture": "#inside" },
				"south": { "uv": [ 10.79289, 8, 12.2071, 8.625 ], "texture": "#inside" },
				"west": { "uv": [ 11.79289, 8, 12.79289, 8.625 ], "texture": "#inside" },
				"east": { "uv": [ 3.207107, 8, 4.207107, 8.625 ], "texture": "#inside" }
			}
		},
		{
			"__comment": "Box1",
			"from": [ 11.5, 7.375, 3.0858 ],
			"to": [ 12.5, 8, 4.50001 ],
			"rotation": { "origin": [ 12.5, 7.375, 4.5 ], "axis": "y", "angle": 45 },
			"faces": {
				"down": { "uv": [ 10.7929, 10.37868, 11.7929, 11.79289 ], "texture": "#inside" },
				"up": { "uv": [ 10.7929, 4.207109, 11.7929, 5.62132 ], "texture": "#inside" },
				"north": { "uv": [ 4.207104, 8, 5.207104, 8.625 ], "texture": "#inside" },
				"south": { "uv": [ 10.7929, 8, 11.7929, 8.625 ], "texture": "#inside" },
				"west": { "uv": [ 4.207109, 8, 5.621319, 8.625 ], "texture": "#inside" },
				"east": { "uv": [ 10.37868, 8, 11.79289, 8.625 ], "texture": "#inside" }
			}
		},
		{
			"__comment": "Box1",
			"from": [ 4.625, 7.25, 3.75 ],
			"to": [ 11.275, 7.375, 12.3 ],
			"faces": {
				"down": { "uv": [ 4.625, 3.7, 11.275, 12.25 ], "texture": "#coal" },
				"up": { "uv": [ 4.625, 3.75, 11.275, 12.3 ], "texture": "#coal" },
				"north": { "uv": [ 4.725, 8.625, 11.375, 8.75 ], "texture": "#coal" },
				"south": { "uv": [ 4.625, 8.625, 11.275, 8.75 ], "texture": "#coal" },
				"west": { "uv": [ 3.75, 8.625, 12.3, 8.75 ], "texture": "#coal" },
				"east": { "uv": [ 3.7, 8.625, 12.25, 8.75 ], "texture": "#coal" }
			}
		},
		{
			"__comment": "Box1",
			"from": [ 11.275, 7.25, 11.35 ],
			"to": [ 12.6185, 7.375, 12.3 ],
			"rotation": { "origin": [ 11.275, 7.25, 12.3 ], "axis": "y", "angle": 45 },
			"faces": {
				"down": { "uv": [ 10.60325, 3.421752, 11.94675, 4.371752 ], "texture": "#coal" },
				"up": { "uv": [ 10.60325, 11.62825, 11.94675, 12.57825 ], "texture": "#coal" },
				"north": { "uv": [ 4.053252, 8.625, 5.396751, 8.75 ], "texture": "#coal" },
				"south": { "uv": [ 10.60325, 8.625, 11.94675, 8.75 ], "texture": "#coal" },
				"west": { "uv": [ 11.62825, 8.625, 12.57825, 8.75 ], "texture": "#coal" },
				"east": { "uv": [ 3.421752, 8.625, 4.371752, 8.75 ], "texture": "#coal" }
			}
		},
		{
			"__comment": "Box1",
			"from": [ 11.275, 7.25, 4.7 ],
			"to": [ 12.225, 7.375, 11.35 ],
			"faces": {
				"down": { "uv": [ 11.275, 4.65, 12.225, 11.3 ], "texture": "#coal" },
				"up": { "uv": [ 11.275, 4.7, 12.225, 11.35 ], "texture": "#coal" },
				"north": { "uv": [ 3.775, 8.625, 4.725, 8.75 ], "texture": "#coal" },
				"south": { "uv": [ 11.275, 8.625, 12.225, 8.75 ], "texture": "#coal" },
				"west": { "uv": [ 4.7, 8.625, 11.35, 8.75 ], "texture": "#coal" },
				"east": { "uv": [ 4.65, 8.625, 11.3, 8.75 ], "texture": "#coal" }
			}
		},
		{
			"__comment": "Box1",
			"from": [ 11.275, 7.25, 3.3565 ],
			"to": [ 12.225, 7.375, 4.699999 ],
			"rotation": { "origin": [ 12.225, 7.25, 4.7 ], "axis": "y", "angle": 45 },
			"faces": {
				"down": { "uv": [ 10.60325, 10.23475, 11.55325, 11.57825 ], "texture": "#coal" },
				"up": { "uv": [ 10.60325, 4.421754, 11.55325, 5.765253 ], "texture": "#coal" },
				"north": { "uv": [ 4.446749, 8.625, 5.396749, 8.75 ], "texture": "#coal" },
				"south": { "uv": [ 10.60325, 8.625, 11.55325, 8.75 ], "texture": "#coal" },
				"west": { "uv": [ 4.421754, 8.625, 5.765253, 8.75 ], "texture": "#coal" },
				"east": { "uv": [ 10.23475, 8.625, 11.57825, 8.75 ], "texture": "#coal" }
			}
		},
		{
			"__comment": "Box1",
			"from": [ 3.675, 7.25, 11.35 ],
			"to": [ 4.625, 7.375, 12.6935 ],
			"rotation": { "origin": [ 3.675, 7.25, 11.35 ], "axis": "y", "angle": 45 },
			"faces": {
				"down": { "uv": [ 3.675, 3.3065, 4.625, 4.65 ], "texture": "#coal" },
				"up": { "uv": [ 3.675, 11.35, 4.625, 12.6935 ], "texture": "#coal" },
				"north": { "uv": [ 11.375, 8.625, 12.325, 8.75 ], "texture": "#coal" },
				"south": { "uv": [ 3.675, 8.625, 4.625, 8.75 ], "texture": "#coal" },
				"west": { "uv": [ 11.35, 8.625, 12.6935, 8.75 ], "texture": "#coal" },
				"east": { "uv": [ 3.3065, 8.625, 4.65, 8.75 ], "texture": "#coal" }
			}
		},
		{
			"__comment": "Box1",
			"from": [ 3.675, 7.25, 4.7 ],
			"to": [ 4.625, 7.375, 11.35 ],
			"faces": {
				"down": { "uv": [ 3.675, 4.65, 4.625, 11.3 ], "texture": "#coal" },
				"up": { "uv": [ 3.675, 4.7, 4.625, 11.35 ], "texture": "#coal" },
				"north": { "uv": [ 11.375, 8.625, 12.325, 8.75 ], "texture": "#coal" },
				"south": { "uv": [ 3.675, 8.625, 4.625, 8.75 ], "texture": "#coal" },
				"west": { "uv": [ 4.7, 8.625, 11.35, 8.75 ], "texture": "#coal" },
				"east": { "uv": [ 4.65, 8.625, 11.3, 8.75 ], "texture": "#coal" }
			}
		},
		{
			"__comment": "Box1",
			"from": [ 4.625, 7.25, 3.75 ],
			"to": [ 5.575, 7.375, 5.093499 ],
			"rotation": { "origin": [ 4.625, 7.25, 3.75 ], "axis": "y", "angle": -45 },
			"faces": {
				"down": { "uv": [ 4.625, 10.9065, 5.575, 12.25 ], "texture": "#coal" },
				"up": { "uv": [ 4.625, 3.75, 5.575, 5.093499 ], "texture": "#coal" },
				"north": { "uv": [ 10.425, 8.625, 11.375, 8.75 ], "texture": "#coal" },
				"south": { "uv": [ 4.625, 8.625, 5.575, 8.75 ], "texture": "#coal" },
				"west": { "uv": [ 3.75, 8.625, 5.093499, 8.75 ], "texture": "#coal" },
				"east": { "uv": [ 10.9065, 8.625, 12.25, 8.75 ], "texture": "#coal" }
			}
		}
	],
	"display": {
		"thirdperson_righthand": {
			"rotation":  [ 75, 45, 0 ],
			"translation":  [ 0, 2.5, 0 ],
			"scale":  [ 0.375, 0.375, 0.375 ]
		},
		"thirdperson_lefthand": {
			"rotation":  [ 75, 45, 0 ],
			"translation":  [ 0, 2.5, 0 ],
			"scale":  [ 0.375, 0.375, 0.375 ]
		},
		"firstperson_righthand": {
			"rotation":  [ 0, 45, 0 ],
			"scale":  [ 0.4, 0.4, 0.4 ]
		},
		"firstperson_lefthand": {
			"rotation":  [ 0, 45, 0 ],
			"scale":  [ 0.4, 0.4, 0.4 ]
		},
		"gui": {
			"rotation":  [ 30, 225, 0 ],
			"scale":  [ 0.625, 0.625, 0.625 ]
		},
		"ground": {
			"translation":  [ 0, 3, 0 ],
			"scale":  [ 0.25, 0.25, 0.25 ]
		}
	}
}