{
"textures": {
    "particle": "#cross",
    "cross": "blocks/sapling_oak",
    "texture": "blocks/sapling_oak"
},
"elements": [ 
{
    "from": [ 0.75, -0.125, 8 ],
    "to": [ 15.25, 29.375, 8.0625 ],
    "shade": false,
    "faces": {
        "north": { "uv": [ 0, 0, 16, 16 ], "texture": "#cross" },
        "south": { "uv": [ 0, 0, 16, 16 ], "texture": "#cross" }
    }
},
{
    "from": [ 8, 0, 0.8125 ],
    "to": [ 8.0625, 29.5, 15.3125 ],
    "shade": false,
    "faces": {
        "west":  { "uv": [ 0, 0, 16, 16 ], "texture": "#cross" },
        "east":  { "uv": [ 0, 0, 16, 16 ], "texture": "#cross" }
    }
}
]
}