{
"textures": {
    "particle": "#cross",
    "cross": "blocks/sapling_oak"
},
"elements": [ 
{
    "from": [ 4.5, 0, 8 ],
    "to": [ 11.5, 4.5, 8.0625 ],
    "shade": false,
    "faces": {
        "north": { "uv": [ 0, 0, 16, 16 ], "texture": "#cross" },
        "south": { "uv": [ 0, 0, 16, 16 ], "texture": "#cross" }
    }
},
{
    "from": [ 8, 0, 4.5 ],
    "to": [ 8.0625, 4.5, 11.5 ],
    "shade": false,
    "faces": {
        "west":  { "uv": [ 0, 0, 16, 16 ], "texture": "#cross" },
        "east":  { "uv": [ 0, 0, 16, 16 ], "texture": "#cross" }
    }
}
]
}