{
"__comment": "Designed by Bob7l with BDcraft Cubik PRO 0.96 Beta - http://bdcraft.net",
"textures": {
    "cross": "blocks/cross",
    "military_green": "blocks/military_green",
    "military_brown": "blocks/itemframe_background",
    "bedrock": "blocks/bedrock"
},
"elements": [ 
{
    "from": [ 2.5625, 1.5625, 1.0625 ],
    "to": [ 12.5, 6.9375, 15 ],
    "faces": {
        "down":  { "uv": [ 13.4375, 15, 3.5, 1.0625 ], "texture": "#military_green" },
        "up":    { "uv": [ 2.5625, 1.0625, 12.5, 15 ], "texture": "#military_green" },
        "north": { "uv": [ 3.5, 9.0625, 13.4375, 14.4375 ], "texture": "#military_green" },
        "south": { "uv": [ 2.5625, 9.0625, 12.5, 14.4375 ], "texture": "#military_green" },
        "west":  { "uv": [ 1.0625, 9.0625, 15, 14.4375 ], "texture": "#military_green" },
        "east":  { "uv": [ 1, 9.0625, 14.9375, 14.4375 ], "texture": "#military_green" }
    }
},
{
    "from": [ 2.3125, 6.6875, 0.8125 ],
    "to": [ 12.8125, 7.6875, 15.3125 ],
    "faces": {
        "down":  { "uv": [ 1.0625, 0.5, 1.5625, 0 ], "texture": "#bedrock" },
        "up":    { "uv": [ 1.125, 0, 1.625, 0.5 ], "texture": "#bedrock" },
        "north": { "uv": [ 1, 0, 1.5, 0.5 ], "texture": "#bedrock" },
        "south": { "uv": [ 1.625, 0, 1.125, 0.5 ], "texture": "#bedrock" },
        "west":  { "uv": [ 1, 0, 1.5, 0.5 ], "texture": "#bedrock" },
        "east":  { "uv": [ 1.6875, 0, 1.1875, 0.5 ], "texture": "#bedrock" }
    }
},
{
    "from": [ 3.25, 2.375, 14.1875 ],
    "to": [ 7.0625, 6.125, 15.1875 ],
    "faces": {
        "down":  { "uv": [ 0, 0, 16, 16 ], "texture": "#military_brown" },
        "up":    { "uv": [ 0, 0, 16, 16 ], "texture": "#military_brown" },
        "north": { "uv": [ 0, 0, 16, 16 ], "texture": "#military_brown" },
        "south": { "uv": [ 0, 0, 16, 16 ], "texture": "#military_brown" },
        "west":  { "uv": [ 0, 0, 16, 16 ], "texture": "#military_brown" },
        "east":  { "uv": [ 0, 0, 16, 16 ], "texture": "#military_brown" }
    }
},
{
    "from": [ 8, 2.375, 14.1875 ],
    "to": [ 11.8125, 6.125, 15.1875 ],
    "faces": {
        "down":  { "uv": [ 0, 0, 16, 16 ], "texture": "#military_brown" },
        "up":    { "uv": [ 0, 0, 16, 16 ], "texture": "#military_brown" },
        "north": { "uv": [ 0, 0, 16, 16 ], "texture": "#military_brown" },
        "south": { "uv": [ 0, 0, 16, 16 ], "texture": "#military_brown" },
        "west":  { "uv": [ 0, 0, 16, 16 ], "texture": "#military_brown" },
        "east":  { "uv": [ 0, 0, 16, 16 ], "texture": "#military_brown" }
    }
},
{
    "from": [ 8, 2.375, 0.875 ],
    "to": [ 11.8125, 6.125, 1.875 ],
    "faces": {
        "down":  { "uv": [ 0, 0, 16, 16 ], "texture": "#military_brown" },
        "up":    { "uv": [ 0, 0, 16, 16 ], "texture": "#military_brown" },
        "north": { "uv": [ 0, 0, 16, 16 ], "texture": "#military_brown" },
        "south": { "uv": [ 0, 0, 16, 16 ], "texture": "#military_brown" },
        "west":  { "uv": [ 0, 0, 16, 16 ], "texture": "#military_brown" },
        "east":  { "uv": [ 0, 0, 16, 16 ], "texture": "#military_brown" }
    }
},
{
    "from": [ 3.25, 2.375, 0.875 ],
    "to": [ 7.0625, 6.125, 1.875 ],
    "faces": {
        "down":  { "uv": [ 0, 0, 16, 16 ], "texture": "#military_brown" },
        "up":    { "uv": [ 0, 0, 16, 16 ], "texture": "#military_brown" },
        "north": { "uv": [ 0, 0, 16, 16 ], "texture": "#military_brown" },
        "south": { "uv": [ 0, 0, 16, 16 ], "texture": "#military_brown" },
        "west":  { "uv": [ 0, 0, 16, 16 ], "texture": "#military_brown" },
        "east":  { "uv": [ 0, 0, 16, 16 ], "texture": "#military_brown" }
    }
},
{
    "from": [ 2.3125, 2.0625, 5.6875 ],
    "to": [ 2.9375, 6.3125, 10.4375 ],
    "faces": {
        "down":  { "uv": [ 13.6875, 14.3125, 13.0625, 1.6875 ], "texture": "#cross" },
        "up":    { "uv": [ 2.3125, 1.6875, 2.9375, 14.3125 ], "texture": "#cross" },
        "north": { "uv": [ 13.0625, 9.625, 13.6875, 13.9375 ], "texture": "#cross" },
        "south": { "uv": [ 2.3125, 9.625, 2.9375, 13.9375 ], "texture": "#cross" },
        "west":  { "uv": [ 2.6875, 2.8125, 13.375, 12.5625 ], "texture": "#cross" },
        "east":  { "uv": [ 1.6875, 9.625, 14.3125, 13.9375 ], "texture": "#cross" }
    }
},
{
    "from": [ 2.3125, 7.5, 0.8125 ],
    "to": [ 7.375, 7.9375, 15.3125 ],
    "faces": {
        "down":  { "uv": [ 13.6875, 15.3125, 8.625, 0.8125 ], "texture": "#military_green" },
        "up":    { "uv": [ 2.3125, 0.8125, 7.375, 15.3125 ], "texture": "#military_green" },
        "north": { "uv": [ 8.625, 8.0625, 13.6875, 8.5 ], "texture": "#military_green" },
        "south": { "uv": [ 2.3125, 8.0625, 7.375, 8.5 ], "texture": "#military_green" },
        "west":  { "uv": [ 0.8125, 8.0625, 15.3125, 8.5 ], "texture": "#military_green" },
        "east":  { "uv": [ 0.6875, 8.0625, 15.1875, 8.5 ], "texture": "#military_green" }
    }
},
{
    "from": [ 7.75, 7.5, 0.8125 ],
    "to": [ 12.8125, 7.9375, 15.3125 ],
    "faces": {
        "down":  { "uv": [ 8.25, 15.3125, 3.1875, 0.8125 ], "texture": "#military_green" },
        "up":    { "uv": [ 7.75, 0.8125, 12.8125, 15.3125 ], "texture": "#military_green" },
        "north": { "uv": [ 3.1875, 8.0625, 8.25, 8.5 ], "texture": "#military_green" },
        "south": { "uv": [ 7.75, 8.0625, 12.8125, 8.5 ], "texture": "#military_green" },
        "west":  { "uv": [ 0.8125, 8.0625, 15.3125, 8.5 ], "texture": "#military_green" },
        "east":  { "uv": [ 0.6875, 8.0625, 15.1875, 8.5 ], "texture": "#military_green" }
    }
},
{
    "from": [ 12.125, 2.0625, 5.6875 ],
    "to": [ 12.75, 6.3125, 10.4375 ],
    "faces": {
        "down":  { "uv": [ 13.6875, 14.3125, 13.0625, 1.6875 ], "texture": "#cross" },
        "up":    { "uv": [ 2.3125, 1.6875, 2.9375, 14.3125 ], "texture": "#cross" },
        "north": { "uv": [ 13.0625, 9.625, 13.6875, 13.9375 ], "texture": "#cross" },
        "south": { "uv": [ 2.3125, 9.625, 2.9375, 13.9375 ], "texture": "#cross" },
        "west":  { "uv": [ 3.0625, 0, 13.75, 4.25 ], "texture": "#cross" },
        "east":  { "uv": [ 2.6875, 2.8125, 13.375, 12.5625 ], "texture": "#cross" }
    }
},
{
    "from": [ 6.4375, 7.5, 7.125 ],
    "to": [ 7.0625, 8.25, 9.0625 ],
    "faces": {
        "down":  { "uv": [ 2.25, 0.5625, 2.875, 0 ], "texture": "#bedrock" },
        "up":    { "uv": [ 6.125, 7.5625, 6.75, 9.5 ], "texture": "#bedrock" },
        "north": { "uv": [ 1.875, 0, 2.5, 0.75 ], "texture": "#bedrock" },
        "south": { "uv": [ 2.5625, 0, 3.1875, 0.75 ], "texture": "#bedrock" },
        "west":  { "uv": [ 2.1875, 0, 4.125, 0.75 ], "texture": "#bedrock" },
        "east":  { "uv": [ 1.4375, 0, 3.375, 0.75 ], "texture": "#bedrock" }
    }
},
{
    "from": [ 8, 7.5, 7.125 ],
    "to": [ 8.625, 8.25, 9.0625 ],
    "faces": {
        "down":  { "uv": [ 2.75, 0.125, 3.625, 0.8125 ], "texture": "#bedrock" },
        "up":    { "uv": [ 6, 7.5, 6.625, 9.4375 ], "texture": "#bedrock" },
        "north": { "uv": [ 2.125, 0.1875, 2.75, 0.9375 ], "texture": "#bedrock" },
        "south": { "uv": [ 2.375, 0.125, 3, 0.875 ], "texture": "#bedrock" },
        "west":  { "uv": [ 1.75, 0.125, 3.6875, 0.875 ], "texture": "#bedrock" },
        "east":  { "uv": [ 1.75, 0.0625, 3.6875, 0.8125 ], "texture": "#bedrock" }
    }
}
],
"display": {
    "thirdperson": {
        "rotation": [ 10, -45, 170 ],
        "translation": [ 0.3, -0.1, -2.8 ],
        "scale": [ 0.9, 0.9, 0.9 ]
    },
    "head": {
        "rotation": [ 0, 0, 0 ],
        "translation": [ 0, 5.8, 0 ],
        "scale": [ 2, 2, 2 ]
    },
    "ground": {
        "rotation": [ 0, 0, 0 ],
        "translation": [ 0, 0, 0 ],
        "scale": [ 3, 3, 3 ]
    },
    "fixed": {
        "rotation": [ 0, 90, 0 ],
        "translation": [ 0, 3.9, 3.5 ],
        "scale": [ 0.28, 2, 2 ]
    },
    "gui": {
        "rotation": [ 0, 45, 25 ],
        "translation": [ 0, 5.1, 0 ],
        "scale": [ 0.19, 2.68, 1.57 ]
    }
}
}