{
"__comment": "Designed by Bob7l with BDcraft Cubik PRO 0.96 Beta - http://bdcraft.net",
"textures": {
    "texture": "blocks/bandage "
},
"elements": [ 
{
    "__comment": "QUAQ134B1250-original x128",
    "from": [ 1.5, 8.625, 7.5 ],
    "to": [ 10.75, 9.5, 8.5 ],
    "faces": {
        "down":  { "uv": [ 1.5, 7.375, 10.75, 7.343 ], "texture": "#texture" },
        "up":    { "uv": [ 10.75, 6.5, 1.5, 6.532 ], "rotation": 180, "texture": "#texture" },
        "north": { "uv": [ 1.5, 7.375, 10.75, 6.5 ], "rotation": 180, "texture": "#texture" },
        "south": { "uv": [ 1.5, 6.5, 10.75, 7.375 ], "texture": "#texture" },
        "west":  { "uv": [ 1.5, 6.5, 1.532, 7.375 ], "texture": "#texture" },
        "east":  { "uv": [ 10.75, 6.5, 10.718, 7.375 ], "texture": "#texture" }
    }
},
{
    "__comment": "QUAQ134B1250-original x128",
    "from": [ 1.625, 9.5, 7.5 ],
    "to": [ 10.25, 9.75, 8.5 ],
    "faces": {
        "up":    { "uv": [ 10.25, 6.25, 1.625, 6.282 ], "rotation": 180, "texture": "#texture" },
        "north": { "uv": [ 1.625, 6.5, 10.25, 6.25 ], "rotation": 180, "texture": "#texture" },
        "south": { "uv": [ 1.625, 6.25, 10.25, 6.5 ], "texture": "#texture" },
        "west":  { "uv": [ 1.625, 6.25, 1.657, 6.5 ], "texture": "#texture" },
        "east":  { "uv": [ 10.25, 6.25, 10.218, 6.5 ], "texture": "#texture" }
    }
},
{
    "__comment": "QUAQ134B1250-original x128",
    "from": [ 1.625, 8.375, 7.5 ],
    "to": [ 12.375, 8.625, 8.5 ],
    "faces": {
        "down":  { "uv": [ 1.625, 7.625, 12.375, 7.593 ], "texture": "#texture" },
        "up":    { "uv": [ 12.375, 7.375, 1.625, 7.407 ], "rotation": 180, "texture": "#texture" },
        "north": { "uv": [ 1.625, 7.625, 12.375, 7.375 ], "rotation": 180, "texture": "#texture" },
        "south": { "uv": [ 1.625, 7.375, 12.375, 7.625 ], "texture": "#texture" },
        "west":  { "uv": [ 1.625, 7.375, 1.657, 7.625 ], "texture": "#texture" },
        "east":  { "uv": [ 12.375, 7.375, 12.343, 7.625 ], "texture": "#texture" }
    }
},
{
    "__comment": "QUAQ134B1250-original x128",
    "from": [ 1.75, 9.75, 7.5 ],
    "to": [ 10, 9.875, 8.5 ],
    "faces": {
        "up":    { "uv": [ 10, 6.125, 1.75, 6.157 ], "rotation": 180, "texture": "#texture" },
        "north": { "uv": [ 1.75, 6.25, 10, 6.125 ], "rotation": 180, "texture": "#texture" },
        "south": { "uv": [ 1.75, 6.125, 10, 6.25 ], "texture": "#texture" },
        "west":  { "uv": [ 1.75, 6.125, 1.782, 6.25 ], "texture": "#texture" },
        "east":  { "uv": [ 10, 6.125, 9.968, 6.25 ], "texture": "#texture" }
    }
},
{
    "__comment": "QUAQ134B1250-original x128",
    "from": [ 1.75, 8.25, 7.5 ],
    "to": [ 12.875, 8.375, 8.5 ],
    "faces": {
        "down":  { "uv": [ 1.75, 7.75, 12.875, 7.718 ], "texture": "#texture" },
        "up":    { "uv": [ 12.875, 7.625, 1.75, 7.657 ], "rotation": 180, "texture": "#texture" },
        "north": { "uv": [ 1.75, 7.75, 12.875, 7.625 ], "rotation": 180, "texture": "#texture" },
        "south": { "uv": [ 1.75, 7.625, 12.875, 7.75 ], "texture": "#texture" },
        "west":  { "uv": [ 1.75, 7.625, 1.782, 7.75 ], "texture": "#texture" },
        "east":  { "uv": [ 12.875, 7.625, 12.843, 7.75 ], "texture": "#texture" }
    }
},
{
    "__comment": "QUAQ134B1250-original x128",
    "from": [ 1.875, 9.875, 7.5 ],
    "to": [ 9.875, 10, 8.5 ],
    "faces": {
        "up":    { "uv": [ 9.875, 6, 1.875, 6.032 ], "rotation": 180, "texture": "#texture" },
        "north": { "uv": [ 1.875, 6.125, 9.875, 6 ], "rotation": 180, "texture": "#texture" },
        "south": { "uv": [ 1.875, 6, 9.875, 6.125 ], "texture": "#texture" },
        "west":  { "uv": [ 1.875, 6, 1.907, 6.125 ], "texture": "#texture" },
        "east":  { "uv": [ 9.875, 6, 9.843, 6.125 ], "texture": "#texture" }
    }
},
{
    "__comment": "QUAQ134B1250-original x128",
    "from": [ 1.875, 8, 7.5 ],
    "to": [ 13.125, 8.25, 8.5 ],
    "faces": {
        "down":  { "uv": [ 1.875, 8, 13.125, 7.968 ], "texture": "#texture" },
        "up":    { "uv": [ 13.125, 7.75, 1.875, 7.782 ], "rotation": 180, "texture": "#texture" },
        "north": { "uv": [ 1.875, 8, 13.125, 7.75 ], "rotation": 180, "texture": "#texture" },
        "south": { "uv": [ 1.875, 7.75, 13.125, 8 ], "texture": "#texture" },
        "west":  { "uv": [ 1.875, 7.75, 1.907, 8 ], "texture": "#texture" },
        "east":  { "uv": [ 13.125, 7.75, 13.093, 8 ], "texture": "#texture" }
    }
},
{
    "__comment": "QUAQ134B1250-original x128",
    "from": [ 2, 10, 7.5 ],
    "to": [ 9.75, 10.125, 8.5 ],
    "faces": {
        "up":    { "uv": [ 9.75, 5.875, 2, 5.907 ], "rotation": 180, "texture": "#texture" },
        "north": { "uv": [ 2, 6, 9.75, 5.875 ], "rotation": 180, "texture": "#texture" },
        "south": { "uv": [ 2, 5.875, 9.75, 6 ], "texture": "#texture" },
        "west":  { "uv": [ 2, 5.875, 2.032, 6 ], "texture": "#texture" },
        "east":  { "uv": [ 9.75, 5.875, 9.718, 6 ], "texture": "#texture" }
    }
},
{
    "__comment": "QUAQ134B1250-original x128",
    "from": [ 2, 7.875, 7.5 ],
    "to": [ 13.75, 8, 8.5 ],
    "faces": {
        "down":  { "uv": [ 2, 8.125, 13.75, 8.093 ], "texture": "#texture" },
        "up":    { "uv": [ 13.75, 8, 2, 8.032 ], "rotation": 180, "texture": "#texture" },
        "north": { "uv": [ 2, 8.125, 13.75, 8 ], "rotation": 180, "texture": "#texture" },
        "south": { "uv": [ 2, 8, 13.75, 8.125 ], "texture": "#texture" },
        "west":  { "uv": [ 2, 8, 2.032, 8.125 ], "texture": "#texture" },
        "east":  { "uv": [ 13.75, 8, 13.718, 8.125 ], "texture": "#texture" }
    }
},
{
    "__comment": "QUAQ134B1250-original x128",
    "from": [ 2.125, 10.125, 7.5 ],
    "to": [ 9.625, 10.25, 8.5 ],
    "faces": {
        "up":    { "uv": [ 9.625, 5.75, 2.125, 5.782 ], "rotation": 180, "texture": "#texture" },
        "north": { "uv": [ 2.125, 5.875, 9.625, 5.75 ], "rotation": 180, "texture": "#texture" },
        "south": { "uv": [ 2.125, 5.75, 9.625, 5.875 ], "texture": "#texture" },
        "west":  { "uv": [ 2.125, 5.75, 2.157, 5.875 ], "texture": "#texture" },
        "east":  { "uv": [ 9.625, 5.75, 9.593, 5.875 ], "texture": "#texture" }
    }
},
{
    "__comment": "QUAQ134B1250-original x128",
    "from": [ 2.125, 7.75, 7.5 ],
    "to": [ 14, 7.875, 8.5 ],
    "faces": {
        "down":  { "uv": [ 2.125, 8.25, 14, 8.218 ], "texture": "#texture" },
        "up":    { "uv": [ 14, 8.125, 2.125, 8.157 ], "rotation": 180, "texture": "#texture" },
        "north": { "uv": [ 2.125, 8.25, 14, 8.125 ], "rotation": 180, "texture": "#texture" },
        "south": { "uv": [ 2.125, 8.125, 14, 8.25 ], "texture": "#texture" },
        "west":  { "uv": [ 2.125, 8.125, 2.157, 8.25 ], "texture": "#texture" },
        "east":  { "uv": [ 14, 8.125, 13.968, 8.25 ], "texture": "#texture" }
    }
},
{
    "__comment": "QUAQ134B1250-original x128",
    "from": [ 2.25, 7.625, 7.5 ],
    "to": [ 14.25, 7.75, 8.5 ],
    "faces": {
        "down":  { "uv": [ 2.25, 8.375, 14.25, 8.343 ], "texture": "#texture" },
        "up":    { "uv": [ 14.25, 8.25, 2.25, 8.282 ], "rotation": 180, "texture": "#texture" },
        "north": { "uv": [ 2.25, 8.375, 14.25, 8.25 ], "rotation": 180, "texture": "#texture" },
        "south": { "uv": [ 2.25, 8.25, 14.25, 8.375 ], "texture": "#texture" },
        "west":  { "uv": [ 2.25, 8.25, 2.282, 8.375 ], "texture": "#texture" },
        "east":  { "uv": [ 14.25, 8.25, 14.218, 8.375 ], "texture": "#texture" }
    }
},
{
    "__comment": "QUAQ134B1250-original x128",
    "from": [ 2.375, 10.25, 7.5 ],
    "to": [ 9.625, 10.375, 8.5 ],
    "faces": {
        "up":    { "uv": [ 9.625, 5.625, 2.375, 5.657 ], "rotation": 180, "texture": "#texture" },
        "north": { "uv": [ 2.375, 5.75, 9.625, 5.625 ], "rotation": 180, "texture": "#texture" },
        "south": { "uv": [ 2.375, 5.625, 9.625, 5.75 ], "texture": "#texture" },
        "west":  { "uv": [ 2.375, 5.625, 2.407, 5.75 ], "texture": "#texture" },
        "east":  { "uv": [ 9.625, 5.625, 9.593, 5.75 ], "texture": "#texture" }
    }
},
{
    "__comment": "QUAQ134B1250-original x128",
    "from": [ 2.5, 10.375, 7.5 ],
    "to": [ 9.5, 10.5, 8.5 ],
    "faces": {
        "up":    { "uv": [ 9.5, 5.5, 2.5, 5.532 ], "rotation": 180, "texture": "#texture" },
        "north": { "uv": [ 2.5, 5.625, 9.5, 5.5 ], "rotation": 180, "texture": "#texture" },
        "south": { "uv": [ 2.5, 5.5, 9.5, 5.625 ], "texture": "#texture" },
        "west":  { "uv": [ 2.5, 5.5, 2.532, 5.625 ], "texture": "#texture" },
        "east":  { "uv": [ 9.5, 5.5, 9.468, 5.625 ], "texture": "#texture" }
    }
},
{
    "__comment": "QUAQ134B1250-original x128",
    "from": [ 2.5, 7.5, 7.5 ],
    "to": [ 14.5, 7.625, 8.5 ],
    "faces": {
        "down":  { "uv": [ 2.5, 8.5, 14.5, 8.468 ], "texture": "#texture" },
        "up":    { "uv": [ 14.5, 8.375, 2.5, 8.407 ], "rotation": 180, "texture": "#texture" },
        "north": { "uv": [ 2.5, 8.5, 14.5, 8.375 ], "rotation": 180, "texture": "#texture" },
        "south": { "uv": [ 2.5, 8.375, 14.5, 8.5 ], "texture": "#texture" },
        "west":  { "uv": [ 2.5, 8.375, 2.532, 8.5 ], "texture": "#texture" },
        "east":  { "uv": [ 14.5, 8.375, 14.468, 8.5 ], "texture": "#texture" }
    }
},
{
    "__comment": "QUAQ134B1250-original x128",
    "from": [ 2.625, 7.375, 7.5 ],
    "to": [ 4.125, 7.5, 8.5 ],
    "faces": {
        "down":  { "uv": [ 2.625, 8.625, 4.125, 8.593 ], "texture": "#texture" },
        "north": { "uv": [ 2.625, 8.625, 4.125, 8.5 ], "rotation": 180, "texture": "#texture" },
        "south": { "uv": [ 2.625, 8.5, 4.125, 8.625 ], "texture": "#texture" },
        "west":  { "uv": [ 2.625, 8.5, 2.657, 8.625 ], "texture": "#texture" },
        "east":  { "uv": [ 4.125, 8.5, 4.093, 8.625 ], "texture": "#texture" }
    }
},
{
    "__comment": "QUAQ134B1250-original x128",
    "from": [ 2.75, 10.5, 7.5 ],
    "to": [ 9.5, 10.625, 8.5 ],
    "faces": {
        "up":    { "uv": [ 9.5, 5.375, 2.75, 5.407 ], "rotation": 180, "texture": "#texture" },
        "north": { "uv": [ 2.75, 5.5, 9.5, 5.375 ], "rotation": 180, "texture": "#texture" },
        "south": { "uv": [ 2.75, 5.375, 9.5, 5.5 ], "texture": "#texture" },
        "west":  { "uv": [ 2.75, 5.375, 2.782, 5.5 ], "texture": "#texture" },
        "east":  { "uv": [ 9.5, 5.375, 9.468, 5.5 ], "texture": "#texture" }
    }
},
{
    "__comment": "QUAQ134B1250-original x128",
    "from": [ 2.875, 10.625, 7.5 ],
    "to": [ 9.375, 10.75, 8.5 ],
    "faces": {
        "up":    { "uv": [ 9.375, 5.25, 2.875, 5.282 ], "rotation": 180, "texture": "#texture" },
        "north": { "uv": [ 2.875, 5.375, 9.375, 5.25 ], "rotation": 180, "texture": "#texture" },
        "south": { "uv": [ 2.875, 5.25, 9.375, 5.375 ], "texture": "#texture" },
        "west":  { "uv": [ 2.875, 5.25, 2.907, 5.375 ], "texture": "#texture" },
        "east":  { "uv": [ 9.375, 5.25, 9.343, 5.375 ], "texture": "#texture" }
    }
},
{
    "__comment": "QUAQ134B1250-original x128",
    "from": [ 2.875, 7.25, 7.5 ],
    "to": [ 3.875, 7.375, 8.5 ],
    "faces": {
        "down":  { "uv": [ 2.875, 8.75, 3.875, 8.718 ], "texture": "#texture" },
        "north": { "uv": [ 2.875, 8.75, 3.875, 8.625 ], "rotation": 180, "texture": "#texture" },
        "south": { "uv": [ 2.875, 8.625, 3.875, 8.75 ], "texture": "#texture" },
        "west":  { "uv": [ 2.875, 8.625, 2.907, 8.75 ], "texture": "#texture" },
        "east":  { "uv": [ 3.875, 8.625, 3.843, 8.75 ], "texture": "#texture" }
    }
},
{
    "__comment": "QUAQ134B1250-original x128",
    "from": [ 3.125, 10.75, 7.5 ],
    "to": [ 9.375, 10.875, 8.5 ],
    "faces": {
        "up":    { "uv": [ 9.375, 5.125, 3.125, 5.157 ], "rotation": 180, "texture": "#texture" },
        "north": { "uv": [ 3.125, 5.25, 9.375, 5.125 ], "rotation": 180, "texture": "#texture" },
        "south": { "uv": [ 3.125, 5.125, 9.375, 5.25 ], "texture": "#texture" },
        "west":  { "uv": [ 3.125, 5.125, 3.157, 5.25 ], "texture": "#texture" },
        "east":  { "uv": [ 9.375, 5.125, 9.343, 5.25 ], "texture": "#texture" }
    }
},
{
    "__comment": "QUAQ134B1250-original x128",
    "from": [ 3.125, 7.125, 7.5 ],
    "to": [ 3.625, 7.25, 8.5 ],
    "faces": {
        "down":  { "uv": [ 3.125, 8.875, 3.625, 8.843 ], "texture": "#texture" },
        "north": { "uv": [ 3.125, 8.875, 3.625, 8.75 ], "rotation": 180, "texture": "#texture" },
        "south": { "uv": [ 3.125, 8.75, 3.625, 8.875 ], "texture": "#texture" },
        "west":  { "uv": [ 3.125, 8.75, 3.157, 8.875 ], "texture": "#texture" },
        "east":  { "uv": [ 3.625, 8.75, 3.593, 8.875 ], "texture": "#texture" }
    }
},
{
    "__comment": "QUAQ134B1250-original x128",
    "from": [ 3.25, 10.875, 7.5 ],
    "to": [ 9.25, 11, 8.5 ],
    "faces": {
        "up":    { "uv": [ 9.25, 5, 3.25, 5.032 ], "rotation": 180, "texture": "#texture" },
        "north": { "uv": [ 3.25, 5.125, 9.25, 5 ], "rotation": 180, "texture": "#texture" },
        "south": { "uv": [ 3.25, 5, 9.25, 5.125 ], "texture": "#texture" },
        "west":  { "uv": [ 3.25, 5, 3.282, 5.125 ], "texture": "#texture" },
        "east":  { "uv": [ 9.25, 5, 9.218, 5.125 ], "texture": "#texture" }
    }
},
{
    "__comment": "QUAQ134B1250-original x128",
    "from": [ 3.5, 11, 7.5 ],
    "to": [ 9.25, 11.125, 8.5 ],
    "faces": {
        "up":    { "uv": [ 9.25, 4.875, 3.5, 4.907 ], "rotation": 180, "texture": "#texture" },
        "north": { "uv": [ 3.5, 5, 9.25, 4.875 ], "rotation": 180, "texture": "#texture" },
        "south": { "uv": [ 3.5, 4.875, 9.25, 5 ], "texture": "#texture" },
        "west":  { "uv": [ 3.5, 4.875, 3.532, 5 ], "texture": "#texture" },
        "east":  { "uv": [ 9.25, 4.875, 9.218, 5 ], "texture": "#texture" }
    }
},
{
    "__comment": "QUAQ134B1250-original x128",
    "from": [ 3.625, 11.125, 7.5 ],
    "to": [ 9.25, 11.25, 8.5 ],
    "faces": {
        "up":    { "uv": [ 9.25, 4.75, 3.625, 4.782 ], "rotation": 180, "texture": "#texture" },
        "north": { "uv": [ 3.625, 4.875, 9.25, 4.75 ], "rotation": 180, "texture": "#texture" },
        "south": { "uv": [ 3.625, 4.75, 9.25, 4.875 ], "texture": "#texture" },
        "west":  { "uv": [ 3.625, 4.75, 3.657, 4.875 ], "texture": "#texture" },
        "east":  { "uv": [ 9.25, 4.75, 9.218, 4.875 ], "texture": "#texture" }
    }
},
{
    "__comment": "QUAQ134B1250-original x128",
    "from": [ 3.875, 11.25, 7.5 ],
    "to": [ 9.125, 11.375, 8.5 ],
    "faces": {
        "up":    { "uv": [ 9.125, 4.625, 3.875, 4.657 ], "rotation": 180, "texture": "#texture" },
        "north": { "uv": [ 3.875, 4.75, 9.125, 4.625 ], "rotation": 180, "texture": "#texture" },
        "south": { "uv": [ 3.875, 4.625, 9.125, 4.75 ], "texture": "#texture" },
        "west":  { "uv": [ 3.875, 4.625, 3.907, 4.75 ], "texture": "#texture" },
        "east":  { "uv": [ 9.125, 4.625, 9.093, 4.75 ], "texture": "#texture" }
    }
},
{
    "__comment": "QUAQ134B1250-original x128",
    "from": [ 4.125, 11.375, 7.5 ],
    "to": [ 9.125, 11.5, 8.5 ],
    "faces": {
        "up":    { "uv": [ 9.125, 4.5, 4.125, 4.532 ], "rotation": 180, "texture": "#texture" },
        "north": { "uv": [ 4.125, 4.625, 9.125, 4.5 ], "rotation": 180, "texture": "#texture" },
        "south": { "uv": [ 4.125, 4.5, 9.125, 4.625 ], "texture": "#texture" },
        "west":  { "uv": [ 4.125, 4.5, 4.157, 4.625 ], "texture": "#texture" },
        "east":  { "uv": [ 9.125, 4.5, 9.093, 4.625 ], "texture": "#texture" }
    }
},
{
    "__comment": "QUAQ134B1250-original x128",
    "from": [ 4.25, 11.5, 7.5 ],
    "to": [ 9, 11.625, 8.5 ],
    "faces": {
        "up":    { "uv": [ 9, 4.375, 4.25, 4.407 ], "rotation": 180, "texture": "#texture" },
        "north": { "uv": [ 4.25, 4.5, 9, 4.375 ], "rotation": 180, "texture": "#texture" },
        "south": { "uv": [ 4.25, 4.375, 9, 4.5 ], "texture": "#texture" },
        "west":  { "uv": [ 4.25, 4.375, 4.282, 4.5 ], "texture": "#texture" },
        "east":  { "uv": [ 9, 4.375, 8.968, 4.5 ], "texture": "#texture" }
    }
},
{
    "__comment": "QUAQ134B1250-original x128",
    "from": [ 4.25, 7.25, 7.5 ],
    "to": [ 14.5, 7.5, 8.5 ],
    "faces": {
        "down":  { "uv": [ 4.25, 8.75, 14.5, 8.718 ], "texture": "#texture" },
        "north": { "uv": [ 4.25, 8.75, 14.5, 8.5 ], "rotation": 180, "texture": "#texture" },
        "south": { "uv": [ 4.25, 8.5, 14.5, 8.75 ], "texture": "#texture" },
        "west":  { "uv": [ 4.25, 8.5, 4.282, 8.75 ], "texture": "#texture" },
        "east":  { "uv": [ 14.5, 8.5, 14.468, 8.75 ], "texture": "#texture" }
    }
},
{
    "__comment": "QUAQ134B1250-original x128",
    "from": [ 4.375, 7, 7.5 ],
    "to": [ 14.25, 7.25, 8.5 ],
    "faces": {
        "down":  { "uv": [ 4.375, 9, 14.25, 8.968 ], "texture": "#texture" },
        "north": { "uv": [ 4.375, 9, 14.25, 8.75 ], "rotation": 180, "texture": "#texture" },
        "south": { "uv": [ 4.375, 8.75, 14.25, 9 ], "texture": "#texture" },
        "west":  { "uv": [ 4.375, 8.75, 4.407, 9 ], "texture": "#texture" },
        "east":  { "uv": [ 14.25, 8.75, 14.218, 9 ], "texture": "#texture" }
    }
},
{
    "__comment": "QUAQ134B1250-original x128",
    "from": [ 4.5, 11.625, 7.5 ],
    "to": [ 9, 11.75, 8.5 ],
    "faces": {
        "up":    { "uv": [ 9, 4.25, 4.5, 4.282 ], "rotation": 180, "texture": "#texture" },
        "north": { "uv": [ 4.5, 4.375, 9, 4.25 ], "rotation": 180, "texture": "#texture" },
        "south": { "uv": [ 4.5, 4.25, 9, 4.375 ], "texture": "#texture" },
        "west":  { "uv": [ 4.5, 4.25, 4.532, 4.375 ], "texture": "#texture" },
        "east":  { "uv": [ 9, 4.25, 8.968, 4.375 ], "texture": "#texture" }
    }
},
{
    "__comment": "QUAQ134B1250-original x128",
    "from": [ 4.5, 6.875, 7.5 ],
    "to": [ 14.125, 7, 8.5 ],
    "faces": {
        "down":  { "uv": [ 4.5, 9.125, 14.125, 9.093 ], "texture": "#texture" },
        "north": { "uv": [ 4.5, 9.125, 14.125, 9 ], "rotation": 180, "texture": "#texture" },
        "south": { "uv": [ 4.5, 9, 14.125, 9.125 ], "texture": "#texture" },
        "west":  { "uv": [ 4.5, 9, 4.532, 9.125 ], "texture": "#texture" },
        "east":  { "uv": [ 14.125, 9, 14.093, 9.125 ], "texture": "#texture" }
    }
},
{
    "__comment": "QUAQ134B1250-original x128",
    "from": [ 4.625, 6.625, 7.5 ],
    "to": [ 13.875, 6.875, 8.5 ],
    "faces": {
        "down":  { "uv": [ 4.625, 9.375, 13.875, 9.343 ], "texture": "#texture" },
        "north": { "uv": [ 4.625, 9.375, 13.875, 9.125 ], "rotation": 180, "texture": "#texture" },
        "south": { "uv": [ 4.625, 9.125, 13.875, 9.375 ], "texture": "#texture" },
        "west":  { "uv": [ 4.625, 9.125, 4.657, 9.375 ], "texture": "#texture" },
        "east":  { "uv": [ 13.875, 9.125, 13.843, 9.375 ], "texture": "#texture" }
    }
},
{
    "__comment": "QUAQ134B1250-original x128",
    "from": [ 4.75, 11.75, 7.5 ],
    "to": [ 8.875, 11.875, 8.5 ],
    "faces": {
        "up":    { "uv": [ 8.875, 4.125, 4.75, 4.157 ], "rotation": 180, "texture": "#texture" },
        "north": { "uv": [ 4.75, 4.25, 8.875, 4.125 ], "rotation": 180, "texture": "#texture" },
        "south": { "uv": [ 4.75, 4.125, 8.875, 4.25 ], "texture": "#texture" },
        "west":  { "uv": [ 4.75, 4.125, 4.782, 4.25 ], "texture": "#texture" },
        "east":  { "uv": [ 8.875, 4.125, 8.843, 4.25 ], "texture": "#texture" }
    }
},
{
    "__comment": "QUAQ134B1250-original x128",
    "from": [ 4.75, 6.375, 7.5 ],
    "to": [ 13.625, 6.625, 8.5 ],
    "faces": {
        "down":  { "uv": [ 4.75, 9.625, 13.625, 9.593 ], "texture": "#texture" },
        "north": { "uv": [ 4.75, 9.625, 13.625, 9.375 ], "rotation": 180, "texture": "#texture" },
        "south": { "uv": [ 4.75, 9.375, 13.625, 9.625 ], "texture": "#texture" },
        "west":  { "uv": [ 4.75, 9.375, 4.782, 9.625 ], "texture": "#texture" },
        "east":  { "uv": [ 13.625, 9.375, 13.593, 9.625 ], "texture": "#texture" }
    }
},
{
    "__comment": "QUAQ134B1250-original x128",
    "from": [ 4.875, 6.25, 7.5 ],
    "to": [ 13.5, 6.375, 8.5 ],
    "faces": {
        "down":  { "uv": [ 4.875, 9.75, 13.5, 9.718 ], "texture": "#texture" },
        "north": { "uv": [ 4.875, 9.75, 13.5, 9.625 ], "rotation": 180, "texture": "#texture" },
        "south": { "uv": [ 4.875, 9.625, 13.5, 9.75 ], "texture": "#texture" },
        "west":  { "uv": [ 4.875, 9.625, 4.907, 9.75 ], "texture": "#texture" },
        "east":  { "uv": [ 13.5, 9.625, 13.468, 9.75 ], "texture": "#texture" }
    }
},
{
    "__comment": "QUAQ134B1250-original x128",
    "from": [ 5, 11.875, 7.5 ],
    "to": [ 8.875, 12, 8.5 ],
    "faces": {
        "up":    { "uv": [ 8.875, 4, 5, 4.032 ], "rotation": 180, "texture": "#texture" },
        "north": { "uv": [ 5, 4.125, 8.875, 4 ], "rotation": 180, "texture": "#texture" },
        "south": { "uv": [ 5, 4, 8.875, 4.125 ], "texture": "#texture" },
        "west":  { "uv": [ 5, 4, 5.032, 4.125 ], "texture": "#texture" },
        "east":  { "uv": [ 8.875, 4, 8.843, 4.125 ], "texture": "#texture" }
    }
},
{
    "__comment": "QUAQ134B1250-original x128",
    "from": [ 5, 6.125, 7.5 ],
    "to": [ 13.375, 6.25, 8.5 ],
    "faces": {
        "down":  { "uv": [ 5, 9.875, 13.375, 9.843 ], "texture": "#texture" },
        "north": { "uv": [ 5, 9.875, 13.375, 9.75 ], "rotation": 180, "texture": "#texture" },
        "south": { "uv": [ 5, 9.75, 13.375, 9.875 ], "texture": "#texture" },
        "west":  { "uv": [ 5, 9.75, 5.032, 9.875 ], "texture": "#texture" },
        "east":  { "uv": [ 13.375, 9.75, 13.343, 9.875 ], "texture": "#texture" }
    }
},
{
    "__comment": "QUAQ134B1250-original x128",
    "from": [ 5.125, 12, 7.5 ],
    "to": [ 8.75, 12.125, 8.5 ],
    "faces": {
        "up":    { "uv": [ 8.75, 3.875, 5.125, 3.907 ], "rotation": 180, "texture": "#texture" },
        "north": { "uv": [ 5.125, 4, 8.75, 3.875 ], "rotation": 180, "texture": "#texture" },
        "south": { "uv": [ 5.125, 3.875, 8.75, 4 ], "texture": "#texture" },
        "west":  { "uv": [ 5.125, 3.875, 5.157, 4 ], "texture": "#texture" },
        "east":  { "uv": [ 8.75, 3.875, 8.718, 4 ], "texture": "#texture" }
    }
},
{
    "__comment": "QUAQ134B1250-original x128",
    "from": [ 5.125, 6, 7.5 ],
    "to": [ 13.25, 6.125, 8.5 ],
    "faces": {
        "down":  { "uv": [ 5.125, 10, 13.25, 9.968 ], "texture": "#texture" },
        "north": { "uv": [ 5.125, 10, 13.25, 9.875 ], "rotation": 180, "texture": "#texture" },
        "south": { "uv": [ 5.125, 9.875, 13.25, 10 ], "texture": "#texture" },
        "west":  { "uv": [ 5.125, 9.875, 5.157, 10 ], "texture": "#texture" },
        "east":  { "uv": [ 13.25, 9.875, 13.218, 10 ], "texture": "#texture" }
    }
},
{
    "__comment": "QUAQ134B1250-original x128",
    "from": [ 5.25, 5.875, 7.5 ],
    "to": [ 13.25, 6, 8.5 ],
    "faces": {
        "down":  { "uv": [ 5.25, 10.125, 13.25, 10.093 ], "texture": "#texture" },
        "north": { "uv": [ 5.25, 10.125, 13.25, 10 ], "rotation": 180, "texture": "#texture" },
        "south": { "uv": [ 5.25, 10, 13.25, 10.125 ], "texture": "#texture" },
        "west":  { "uv": [ 5.25, 10, 5.282, 10.125 ], "texture": "#texture" },
        "east":  { "uv": [ 13.25, 10, 13.218, 10.125 ], "texture": "#texture" }
    }
},
{
    "__comment": "QUAQ134B1250-original x128",
    "from": [ 5.375, 12.125, 7.5 ],
    "to": [ 8.625, 12.25, 8.5 ],
    "faces": {
        "up":    { "uv": [ 8.625, 3.75, 5.375, 3.782 ], "rotation": 180, "texture": "#texture" },
        "north": { "uv": [ 5.375, 3.875, 8.625, 3.75 ], "rotation": 180, "texture": "#texture" },
        "south": { "uv": [ 5.375, 3.75, 8.625, 3.875 ], "texture": "#texture" },
        "west":  { "uv": [ 5.375, 3.75, 5.407, 3.875 ], "texture": "#texture" },
        "east":  { "uv": [ 8.625, 3.75, 8.593, 3.875 ], "texture": "#texture" }
    }
},
{
    "__comment": "QUAQ134B1250-original x128",
    "from": [ 5.375, 5.75, 7.5 ],
    "to": [ 13, 5.875, 8.5 ],
    "faces": {
        "down":  { "uv": [ 5.375, 10.25, 13, 10.218 ], "texture": "#texture" },
        "north": { "uv": [ 5.375, 10.25, 13, 10.125 ], "rotation": 180, "texture": "#texture" },
        "south": { "uv": [ 5.375, 10.125, 13, 10.25 ], "texture": "#texture" },
        "west":  { "uv": [ 5.375, 10.125, 5.407, 10.25 ], "texture": "#texture" },
        "east":  { "uv": [ 13, 10.125, 12.968, 10.25 ], "texture": "#texture" }
    }
},
{
    "__comment": "QUAQ134B1250-original x128",
    "from": [ 5.625, 12.25, 7.5 ],
    "to": [ 8.5, 12.375, 8.5 ],
    "faces": {
        "up":    { "uv": [ 8.5, 3.625, 5.625, 3.657 ], "rotation": 180, "texture": "#texture" },
        "north": { "uv": [ 5.625, 3.75, 8.5, 3.625 ], "rotation": 180, "texture": "#texture" },
        "south": { "uv": [ 5.625, 3.625, 8.5, 3.75 ], "texture": "#texture" },
        "west":  { "uv": [ 5.625, 3.625, 5.657, 3.75 ], "texture": "#texture" },
        "east":  { "uv": [ 8.5, 3.625, 8.468, 3.75 ], "texture": "#texture" }
    }
},
{
    "__comment": "QUAQ134B1250-original x128",
    "from": [ 5.625, 5.625, 7.5 ],
    "to": [ 12.875, 5.75, 8.5 ],
    "faces": {
        "down":  { "uv": [ 5.625, 10.375, 12.875, 10.343 ], "texture": "#texture" },
        "north": { "uv": [ 5.625, 10.375, 12.875, 10.25 ], "rotation": 180, "texture": "#texture" },
        "south": { "uv": [ 5.625, 10.25, 12.875, 10.375 ], "texture": "#texture" },
        "west":  { "uv": [ 5.625, 10.25, 5.657, 10.375 ], "texture": "#texture" },
        "east":  { "uv": [ 12.875, 10.25, 12.843, 10.375 ], "texture": "#texture" }
    }
},
{
    "__comment": "QUAQ134B1250-original x128",
    "from": [ 5.75, 12.375, 7.5 ],
    "to": [ 8.375, 12.5, 8.5 ],
    "faces": {
        "up":    { "uv": [ 8.375, 3.5, 5.75, 3.532 ], "rotation": 180, "texture": "#texture" },
        "north": { "uv": [ 5.75, 3.625, 8.375, 3.5 ], "rotation": 180, "texture": "#texture" },
        "south": { "uv": [ 5.75, 3.5, 8.375, 3.625 ], "texture": "#texture" },
        "west":  { "uv": [ 5.75, 3.5, 5.782, 3.625 ], "texture": "#texture" },
        "east":  { "uv": [ 8.375, 3.5, 8.343, 3.625 ], "texture": "#texture" }
    }
},
{
    "__comment": "QUAQ134B1250-original x128",
    "from": [ 5.75, 5.5, 7.5 ],
    "to": [ 12.625, 5.625, 8.5 ],
    "faces": {
        "down":  { "uv": [ 5.75, 10.5, 12.625, 10.468 ], "texture": "#texture" },
        "north": { "uv": [ 5.75, 10.5, 12.625, 10.375 ], "rotation": 180, "texture": "#texture" },
        "south": { "uv": [ 5.75, 10.375, 12.625, 10.5 ], "texture": "#texture" },
        "west":  { "uv": [ 5.75, 10.375, 5.782, 10.5 ], "texture": "#texture" },
        "east":  { "uv": [ 12.625, 10.375, 12.593, 10.5 ], "texture": "#texture" }
    }
},
{
    "__comment": "QUAQ134B1250-original x128",
    "from": [ 5.875, 5.375, 7.5 ],
    "to": [ 12.25, 5.5, 8.5 ],
    "faces": {
        "down":  { "uv": [ 5.875, 10.625, 12.25, 10.593 ], "texture": "#texture" },
        "north": { "uv": [ 5.875, 10.625, 12.25, 10.5 ], "rotation": 180, "texture": "#texture" },
        "south": { "uv": [ 5.875, 10.5, 12.25, 10.625 ], "texture": "#texture" },
        "west":  { "uv": [ 5.875, 10.5, 5.907, 10.625 ], "texture": "#texture" },
        "east":  { "uv": [ 12.25, 10.5, 12.218, 10.625 ], "texture": "#texture" }
    }
},
{
    "__comment": "QUAQ134B1250-original x128",
    "from": [ 6, 12.5, 7.5 ],
    "to": [ 8.25, 12.625, 8.5 ],
    "faces": {
        "up":    { "uv": [ 8.25, 3.375, 6, 3.407 ], "rotation": 180, "texture": "#texture" },
        "north": { "uv": [ 6, 3.5, 8.25, 3.375 ], "rotation": 180, "texture": "#texture" },
        "south": { "uv": [ 6, 3.375, 8.25, 3.5 ], "texture": "#texture" },
        "west":  { "uv": [ 6, 3.375, 6.032, 3.5 ], "texture": "#texture" },
        "east":  { "uv": [ 8.25, 3.375, 8.218, 3.5 ], "texture": "#texture" }
    }
},
{
    "__comment": "QUAQ134B1250-original x128",
    "from": [ 6, 5.25, 7.5 ],
    "to": [ 12.125, 5.375, 8.5 ],
    "faces": {
        "down":  { "uv": [ 6, 10.75, 12.125, 10.718 ], "texture": "#texture" },
        "north": { "uv": [ 6, 10.75, 12.125, 10.625 ], "rotation": 180, "texture": "#texture" },
        "south": { "uv": [ 6, 10.625, 12.125, 10.75 ], "texture": "#texture" },
        "west":  { "uv": [ 6, 10.625, 6.032, 10.75 ], "texture": "#texture" },
        "east":  { "uv": [ 12.125, 10.625, 12.093, 10.75 ], "texture": "#texture" }
    }
},
{
    "__comment": "QUAQ134B1250-original x128",
    "from": [ 6.25, 12.625, 7.5 ],
    "to": [ 8.125, 12.75, 8.5 ],
    "faces": {
        "up":    { "uv": [ 8.125, 3.25, 6.25, 3.282 ], "rotation": 180, "texture": "#texture" },
        "north": { "uv": [ 6.25, 3.375, 8.125, 3.25 ], "rotation": 180, "texture": "#texture" },
        "south": { "uv": [ 6.25, 3.25, 8.125, 3.375 ], "texture": "#texture" },
        "west":  { "uv": [ 6.25, 3.25, 6.282, 3.375 ], "texture": "#texture" },
        "east":  { "uv": [ 8.125, 3.25, 8.093, 3.375 ], "texture": "#texture" }
    }
},
{
    "__comment": "QUAQ134B1250-original x128",
    "from": [ 6.25, 5.125, 7.5 ],
    "to": [ 12, 5.25, 8.5 ],
    "faces": {
        "down":  { "uv": [ 6.25, 10.875, 12, 10.843 ], "texture": "#texture" },
        "north": { "uv": [ 6.25, 10.875, 12, 10.75 ], "rotation": 180, "texture": "#texture" },
        "south": { "uv": [ 6.25, 10.75, 12, 10.875 ], "texture": "#texture" },
        "west":  { "uv": [ 6.25, 10.75, 6.282, 10.875 ], "texture": "#texture" },
        "east":  { "uv": [ 12, 10.75, 11.968, 10.875 ], "texture": "#texture" }
    }
},
{
    "__comment": "QUAQ134B1250-original x128",
    "from": [ 6.375, 12.75, 7.5 ],
    "to": [ 7.875, 12.875, 8.5 ],
    "faces": {
        "up":    { "uv": [ 7.875, 3.125, 6.375, 3.157 ], "rotation": 180, "texture": "#texture" },
        "north": { "uv": [ 6.375, 3.25, 7.875, 3.125 ], "rotation": 180, "texture": "#texture" },
        "south": { "uv": [ 6.375, 3.125, 7.875, 3.25 ], "texture": "#texture" },
        "west":  { "uv": [ 6.375, 3.125, 6.407, 3.25 ], "texture": "#texture" },
        "east":  { "uv": [ 7.875, 3.125, 7.843, 3.25 ], "texture": "#texture" }
    }
},
{
    "__comment": "QUAQ134B1250-original x128",
    "from": [ 6.375, 5, 7.5 ],
    "to": [ 11.875, 5.125, 8.5 ],
    "faces": {
        "down":  { "uv": [ 6.375, 11, 11.875, 10.968 ], "texture": "#texture" },
        "north": { "uv": [ 6.375, 11, 11.875, 10.875 ], "rotation": 180, "texture": "#texture" },
        "south": { "uv": [ 6.375, 10.875, 11.875, 11 ], "texture": "#texture" },
        "west":  { "uv": [ 6.375, 10.875, 6.407, 11 ], "texture": "#texture" },
        "east":  { "uv": [ 11.875, 10.875, 11.843, 11 ], "texture": "#texture" }
    }
},
{
    "__comment": "QUAQ134B1250-original x128",
    "from": [ 6.5, 4.875, 7.5 ],
    "to": [ 11.75, 5, 8.5 ],
    "faces": {
        "down":  { "uv": [ 6.5, 11.125, 11.75, 11.093 ], "texture": "#texture" },
        "north": { "uv": [ 6.5, 11.125, 11.75, 11 ], "rotation": 180, "texture": "#texture" },
        "south": { "uv": [ 6.5, 11, 11.75, 11.125 ], "texture": "#texture" },
        "west":  { "uv": [ 6.5, 11, 6.532, 11.125 ], "texture": "#texture" },
        "east":  { "uv": [ 11.75, 11, 11.718, 11.125 ], "texture": "#texture" }
    }
},
{
    "__comment": "QUAQ134B1250-original x128",
    "from": [ 6.625, 12.875, 7.5 ],
    "to": [ 7.625, 13, 8.5 ],
    "faces": {
        "up":    { "uv": [ 7.625, 3, 6.625, 3.032 ], "rotation": 180, "texture": "#texture" },
        "north": { "uv": [ 6.625, 3.125, 7.625, 3 ], "rotation": 180, "texture": "#texture" },
        "south": { "uv": [ 6.625, 3, 7.625, 3.125 ], "texture": "#texture" },
        "west":  { "uv": [ 6.625, 3, 6.657, 3.125 ], "texture": "#texture" },
        "east":  { "uv": [ 7.625, 3, 7.593, 3.125 ], "texture": "#texture" }
    }
},
{
    "__comment": "QUAQ134B1250-original x128",
    "from": [ 6.75, 4.75, 7.5 ],
    "to": [ 11.625, 4.875, 8.5 ],
    "faces": {
        "down":  { "uv": [ 6.75, 11.25, 11.625, 11.218 ], "texture": "#texture" },
        "north": { "uv": [ 6.75, 11.25, 11.625, 11.125 ], "rotation": 180, "texture": "#texture" },
        "south": { "uv": [ 6.75, 11.125, 11.625, 11.25 ], "texture": "#texture" },
        "west":  { "uv": [ 6.75, 11.125, 6.782, 11.25 ], "texture": "#texture" },
        "east":  { "uv": [ 11.625, 11.125, 11.593, 11.25 ], "texture": "#texture" }
    }
},
{
    "__comment": "QUAQ134B1250-original x128",
    "from": [ 6.875, 4.625, 7.5 ],
    "to": [ 11.5, 4.75, 8.5 ],
    "faces": {
        "down":  { "uv": [ 6.875, 11.375, 11.5, 11.343 ], "texture": "#texture" },
        "north": { "uv": [ 6.875, 11.375, 11.5, 11.25 ], "rotation": 180, "texture": "#texture" },
        "south": { "uv": [ 6.875, 11.25, 11.5, 11.375 ], "texture": "#texture" },
        "west":  { "uv": [ 6.875, 11.25, 6.907, 11.375 ], "texture": "#texture" },
        "east":  { "uv": [ 11.5, 11.25, 11.468, 11.375 ], "texture": "#texture" }
    }
},
{
    "__comment": "QUAQ134B1250-original x128",
    "from": [ 7.125, 4.5, 7.5 ],
    "to": [ 11.375, 4.625, 8.5 ],
    "faces": {
        "down":  { "uv": [ 7.125, 11.5, 11.375, 11.468 ], "texture": "#texture" },
        "north": { "uv": [ 7.125, 11.5, 11.375, 11.375 ], "rotation": 180, "texture": "#texture" },
        "south": { "uv": [ 7.125, 11.375, 11.375, 11.5 ], "texture": "#texture" },
        "west":  { "uv": [ 7.125, 11.375, 7.157, 11.5 ], "texture": "#texture" },
        "east":  { "uv": [ 11.375, 11.375, 11.343, 11.5 ], "texture": "#texture" }
    }
},
{
    "__comment": "QUAQ134B1250-original x128",
    "from": [ 7.25, 4.375, 7.5 ],
    "to": [ 11.25, 4.5, 8.5 ],
    "faces": {
        "down":  { "uv": [ 7.25, 11.625, 11.25, 11.593 ], "texture": "#texture" },
        "north": { "uv": [ 7.25, 11.625, 11.25, 11.5 ], "rotation": 180, "texture": "#texture" },
        "south": { "uv": [ 7.25, 11.5, 11.25, 11.625 ], "texture": "#texture" },
        "west":  { "uv": [ 7.25, 11.5, 7.282, 11.625 ], "texture": "#texture" },
        "east":  { "uv": [ 11.25, 11.5, 11.218, 11.625 ], "texture": "#texture" }
    }
},
{
    "__comment": "QUAQ134B1250-original x128",
    "from": [ 7.5, 4.25, 7.5 ],
    "to": [ 11.125, 4.375, 8.5 ],
    "faces": {
        "down":  { "uv": [ 7.5, 11.75, 11.125, 11.718 ], "texture": "#texture" },
        "north": { "uv": [ 7.5, 11.75, 11.125, 11.625 ], "rotation": 180, "texture": "#texture" },
        "south": { "uv": [ 7.5, 11.625, 11.125, 11.75 ], "texture": "#texture" },
        "west":  { "uv": [ 7.5, 11.625, 7.532, 11.75 ], "texture": "#texture" },
        "east":  { "uv": [ 11.125, 11.625, 11.093, 11.75 ], "texture": "#texture" }
    }
},
{
    "__comment": "QUAQ134B1250-original x128",
    "from": [ 7.625, 4.125, 7.5 ],
    "to": [ 11, 4.25, 8.5 ],
    "faces": {
        "down":  { "uv": [ 7.625, 11.875, 11, 11.843 ], "texture": "#texture" },
        "north": { "uv": [ 7.625, 11.875, 11, 11.75 ], "rotation": 180, "texture": "#texture" },
        "south": { "uv": [ 7.625, 11.75, 11, 11.875 ], "texture": "#texture" },
        "west":  { "uv": [ 7.625, 11.75, 7.657, 11.875 ], "texture": "#texture" },
        "east":  { "uv": [ 11, 11.75, 10.968, 11.875 ], "texture": "#texture" }
    }
},
{
    "__comment": "QUAQ134B1250-original x128",
    "from": [ 7.875, 4, 7.5 ],
    "to": [ 10.875, 4.125, 8.5 ],
    "faces": {
        "down":  { "uv": [ 7.875, 12, 10.875, 11.968 ], "texture": "#texture" },
        "north": { "uv": [ 7.875, 12, 10.875, 11.875 ], "rotation": 180, "texture": "#texture" },
        "south": { "uv": [ 7.875, 11.875, 10.875, 12 ], "texture": "#texture" },
        "west":  { "uv": [ 7.875, 11.875, 7.907, 12 ], "texture": "#texture" },
        "east":  { "uv": [ 10.875, 11.875, 10.843, 12 ], "texture": "#texture" }
    }
},
{
    "__comment": "QUAQ134B1250-original x128",
    "from": [ 8, 3.875, 7.5 ],
    "to": [ 10.625, 4, 8.5 ],
    "faces": {
        "down":  { "uv": [ 8, 12.125, 10.625, 12.093 ], "texture": "#texture" },
        "north": { "uv": [ 8, 12.125, 10.625, 12 ], "rotation": 180, "texture": "#texture" },
        "south": { "uv": [ 8, 12, 10.625, 12.125 ], "texture": "#texture" },
        "west":  { "uv": [ 8, 12, 8.032, 12.125 ], "texture": "#texture" },
        "east":  { "uv": [ 10.625, 12, 10.593, 12.125 ], "texture": "#texture" }
    }
},
{
    "__comment": "QUAQ134B1250-original x128",
    "from": [ 8.25, 3.75, 7.5 ],
    "to": [ 10.5, 3.875, 8.5 ],
    "faces": {
        "down":  { "uv": [ 8.25, 12.25, 10.5, 12.218 ], "texture": "#texture" },
        "north": { "uv": [ 8.25, 12.25, 10.5, 12.125 ], "rotation": 180, "texture": "#texture" },
        "south": { "uv": [ 8.25, 12.125, 10.5, 12.25 ], "texture": "#texture" },
        "west":  { "uv": [ 8.25, 12.125, 8.282, 12.25 ], "texture": "#texture" },
        "east":  { "uv": [ 10.5, 12.125, 10.468, 12.25 ], "texture": "#texture" }
    }
},
{
    "__comment": "QUAQ134B1250-original x128",
    "from": [ 8.5, 3.625, 7.5 ],
    "to": [ 10.375, 3.75, 8.5 ],
    "faces": {
        "down":  { "uv": [ 8.5, 12.375, 10.375, 12.343 ], "texture": "#texture" },
        "north": { "uv": [ 8.5, 12.375, 10.375, 12.25 ], "rotation": 180, "texture": "#texture" },
        "south": { "uv": [ 8.5, 12.25, 10.375, 12.375 ], "texture": "#texture" },
        "west":  { "uv": [ 8.5, 12.25, 8.532, 12.375 ], "texture": "#texture" },
        "east":  { "uv": [ 10.375, 12.25, 10.343, 12.375 ], "texture": "#texture" }
    }
},
{
    "__comment": "QUAQ134B1250-original x128",
    "from": [ 8.625, 3.5, 7.5 ],
    "to": [ 10.25, 3.625, 8.5 ],
    "faces": {
        "down":  { "uv": [ 8.625, 12.5, 10.25, 12.468 ], "texture": "#texture" },
        "north": { "uv": [ 8.625, 12.5, 10.25, 12.375 ], "rotation": 180, "texture": "#texture" },
        "south": { "uv": [ 8.625, 12.375, 10.25, 12.5 ], "texture": "#texture" },
        "west":  { "uv": [ 8.625, 12.375, 8.657, 12.5 ], "texture": "#texture" },
        "east":  { "uv": [ 10.25, 12.375, 10.218, 12.5 ], "texture": "#texture" }
    }
},
{
    "__comment": "QUAQ134B1250-original x128",
    "from": [ 8.75, 3.375, 7.5 ],
    "to": [ 10.125, 3.5, 8.5 ],
    "faces": {
        "down":  { "uv": [ 8.75, 12.625, 10.125, 12.593 ], "texture": "#texture" },
        "north": { "uv": [ 8.75, 12.625, 10.125, 12.5 ], "rotation": 180, "texture": "#texture" },
        "south": { "uv": [ 8.75, 12.5, 10.125, 12.625 ], "texture": "#texture" },
        "west":  { "uv": [ 8.75, 12.5, 8.782, 12.625 ], "texture": "#texture" },
        "east":  { "uv": [ 10.125, 12.5, 10.093, 12.625 ], "texture": "#texture" }
    }
},
{
    "__comment": "QUAQ134B1250-original x128",
    "from": [ 8.875, 3.25, 7.5 ],
    "to": [ 9.875, 3.375, 8.5 ],
    "faces": {
        "down":  { "uv": [ 8.875, 12.75, 9.875, 12.718 ], "texture": "#texture" },
        "north": { "uv": [ 8.875, 12.75, 9.875, 12.625 ], "rotation": 180, "texture": "#texture" },
        "south": { "uv": [ 8.875, 12.625, 9.875, 12.75 ], "texture": "#texture" },
        "west":  { "uv": [ 8.875, 12.625, 8.907, 12.75 ], "texture": "#texture" },
        "east":  { "uv": [ 9.875, 12.625, 9.843, 12.75 ], "texture": "#texture" }
    }
},
{
    "__comment": "QUAQ134B1250-original x128",
    "from": [ 9, 3.125, 7.5 ],
    "to": [ 9.75, 3.25, 8.5 ],
    "faces": {
        "down":  { "uv": [ 9, 12.875, 9.75, 12.843 ], "texture": "#texture" },
        "north": { "uv": [ 9, 12.875, 9.75, 12.75 ], "rotation": 180, "texture": "#texture" },
        "south": { "uv": [ 9, 12.75, 9.75, 12.875 ], "texture": "#texture" },
        "west":  { "uv": [ 9, 12.75, 9.032, 12.875 ], "texture": "#texture" },
        "east":  { "uv": [ 9.75, 12.75, 9.718, 12.875 ], "texture": "#texture" }
    }
},
{
    "__comment": "QUAQ134B1250-original x128",
    "from": [ 9.25, 3, 7.5 ],
    "to": [ 9.625, 3.125, 8.5 ],
    "faces": {
        "down":  { "uv": [ 9.25, 13, 9.625, 12.968 ], "texture": "#texture" },
        "north": { "uv": [ 9.25, 13, 9.625, 12.875 ], "rotation": 180, "texture": "#texture" },
        "south": { "uv": [ 9.25, 12.875, 9.625, 13 ], "texture": "#texture" },
        "west":  { "uv": [ 9.25, 12.875, 9.282, 13 ], "texture": "#texture" },
        "east":  { "uv": [ 9.625, 12.875, 9.593, 13 ], "texture": "#texture" }
    }
},
{
    "__comment": "QUAQ134B1250-original x128",
    "from": [ 10.25, 9.5, 7.5 ],
    "to": [ 10.5, 9.625, 8.5 ],
    "faces": {
        "up":    { "uv": [ 10.5, 6.375, 10.25, 6.407 ], "rotation": 180, "texture": "#texture" },
        "north": { "uv": [ 10.25, 6.5, 10.5, 6.375 ], "rotation": 180, "texture": "#texture" },
        "south": { "uv": [ 10.25, 6.375, 10.5, 6.5 ], "texture": "#texture" },
        "east":  { "uv": [ 10.5, 6.375, 10.468, 6.5 ], "texture": "#texture" }
    }
},
{
    "__comment": "QUAQ134B1250-original x128",
    "from": [ 10.75, 8.625, 7.5 ],
    "to": [ 10.875, 9.375, 8.5 ],
    "faces": {
        "up":    { "uv": [ 10.875, 6.625, 10.75, 6.657 ], "rotation": 180, "texture": "#texture" },
        "north": { "uv": [ 10.75, 7.375, 10.875, 6.625 ], "rotation": 180, "texture": "#texture" },
        "south": { "uv": [ 10.75, 6.625, 10.875, 7.375 ], "texture": "#texture" },
        "east":  { "uv": [ 10.875, 6.625, 10.843, 7.375 ], "texture": "#texture" }
    }
},
{
    "__comment": "QUAQ134B1250-original x128",
    "from": [ 10.875, 8.625, 7.5 ],
    "to": [ 11.125, 9.25, 8.5 ],
    "faces": {
        "up":    { "uv": [ 11.125, 6.75, 10.875, 6.782 ], "rotation": 180, "texture": "#texture" },
        "north": { "uv": [ 10.875, 7.375, 11.125, 6.75 ], "rotation": 180, "texture": "#texture" },
        "south": { "uv": [ 10.875, 6.75, 11.125, 7.375 ], "texture": "#texture" },
        "east":  { "uv": [ 11.125, 6.75, 11.093, 7.375 ], "texture": "#texture" }
    }
},
{
    "__comment": "QUAQ134B1250-original x128",
    "from": [ 11.125, 8.625, 7.5 ],
    "to": [ 11.25, 9.125, 8.5 ],
    "faces": {
        "up":    { "uv": [ 11.25, 6.875, 11.125, 6.907 ], "rotation": 180, "texture": "#texture" },
        "north": { "uv": [ 11.125, 7.375, 11.25, 6.875 ], "rotation": 180, "texture": "#texture" },
        "south": { "uv": [ 11.125, 6.875, 11.25, 7.375 ], "texture": "#texture" },
        "east":  { "uv": [ 11.25, 6.875, 11.218, 7.375 ], "texture": "#texture" }
    }
},
{
    "__comment": "QUAQ134B1250-original x128",
    "from": [ 11.25, 8.625, 7.5 ],
    "to": [ 11.5, 9, 8.5 ],
    "faces": {
        "up":    { "uv": [ 11.5, 7, 11.25, 7.032 ], "rotation": 180, "texture": "#texture" },
        "north": { "uv": [ 11.25, 7.375, 11.5, 7 ], "rotation": 180, "texture": "#texture" },
        "south": { "uv": [ 11.25, 7, 11.5, 7.375 ], "texture": "#texture" },
        "east":  { "uv": [ 11.5, 7, 11.468, 7.375 ], "texture": "#texture" }
    }
},
{
    "__comment": "QUAQ134B1250-original x128",
    "from": [ 11.5, 8.625, 7.5 ],
    "to": [ 11.75, 8.875, 8.5 ],
    "faces": {
        "up":    { "uv": [ 11.75, 7.125, 11.5, 7.157 ], "rotation": 180, "texture": "#texture" },
        "north": { "uv": [ 11.5, 7.375, 11.75, 7.125 ], "rotation": 180, "texture": "#texture" },
        "south": { "uv": [ 11.5, 7.125, 11.75, 7.375 ], "texture": "#texture" },
        "east":  { "uv": [ 11.75, 7.125, 11.718, 7.375 ], "texture": "#texture" }
    }
},
{
    "__comment": "QUAQ134B1250-original x128",
    "from": [ 11.75, 8.625, 7.5 ],
    "to": [ 12.125, 8.75, 8.5 ],
    "faces": {
        "up":    { "uv": [ 12.125, 7.25, 11.75, 7.282 ], "rotation": 180, "texture": "#texture" },
        "north": { "uv": [ 11.75, 7.375, 12.125, 7.25 ], "rotation": 180, "texture": "#texture" },
        "south": { "uv": [ 11.75, 7.25, 12.125, 7.375 ], "texture": "#texture" },
        "east":  { "uv": [ 12.125, 7.25, 12.093, 7.375 ], "texture": "#texture" }
    }
},
{
    "__comment": "QUAQ134B1250-original x128",
    "from": [ 12.375, 8.375, 7.5 ],
    "to": [ 12.625, 8.5, 8.5 ],
    "faces": {
        "up":    { "uv": [ 12.625, 7.5, 12.375, 7.532 ], "rotation": 180, "texture": "#texture" },
        "north": { "uv": [ 12.375, 7.625, 12.625, 7.5 ], "rotation": 180, "texture": "#texture" },
        "south": { "uv": [ 12.375, 7.5, 12.625, 7.625 ], "texture": "#texture" },
        "east":  { "uv": [ 12.625, 7.5, 12.593, 7.625 ], "texture": "#texture" }
    }
},
{
    "__comment": "QUAQ134B1250-original x128",
    "from": [ 13.125, 8, 7.5 ],
    "to": [ 13.5, 8.125, 8.5 ],
    "faces": {
        "up":    { "uv": [ 13.5, 7.875, 13.125, 7.907 ], "rotation": 180, "texture": "#texture" },
        "north": { "uv": [ 13.125, 8, 13.5, 7.875 ], "rotation": 180, "texture": "#texture" },
        "south": { "uv": [ 13.125, 7.875, 13.5, 8 ], "texture": "#texture" },
        "east":  { "uv": [ 13.5, 7.875, 13.468, 8 ], "texture": "#texture" }
    }
},
{
    "__comment": "QUAQ134B1250-original x128",
    "from": [ 13.625, 6.5, 7.5 ],
    "to": [ 13.75, 6.625, 8.5 ],
    "faces": {
        "down":  { "uv": [ 13.625, 9.5, 13.75, 9.468 ], "texture": "#texture" },
        "north": { "uv": [ 13.625, 9.5, 13.75, 9.375 ], "rotation": 180, "texture": "#texture" },
        "south": { "uv": [ 13.625, 9.375, 13.75, 9.5 ], "texture": "#texture" },
        "east":  { "uv": [ 13.75, 9.375, 13.718, 9.5 ], "texture": "#texture" }
    }
},
{
    "__comment": "QUAQ134B1250-original x128",
    "from": [ 13.875, 6.75, 7.5 ],
    "to": [ 14, 6.875, 8.5 ],
    "faces": {
        "down":  { "uv": [ 13.875, 9.25, 14, 9.218 ], "texture": "#texture" },
        "north": { "uv": [ 13.875, 9.25, 14, 9.125 ], "rotation": 180, "texture": "#texture" },
        "south": { "uv": [ 13.875, 9.125, 14, 9.25 ], "texture": "#texture" },
        "east":  { "uv": [ 14, 9.125, 13.968, 9.25 ], "texture": "#texture" }
    }
},
{
    "__comment": "QUAQ134B1250-original x128",
    "from": [ 14.25, 7.125, 7.5 ],
    "to": [ 14.375, 7.25, 8.5 ],
    "faces": {
        "down":  { "uv": [ 14.25, 8.875, 14.375, 8.843 ], "texture": "#texture" },
        "north": { "uv": [ 14.25, 8.875, 14.375, 8.75 ], "rotation": 180, "texture": "#texture" },
        "south": { "uv": [ 14.25, 8.75, 14.375, 8.875 ], "texture": "#texture" },
        "east":  { "uv": [ 14.375, 8.75, 14.343, 8.875 ], "texture": "#texture" }
    }
},
{
    "__comment": "QUAQ134B1250-original x128",
    "from": [ 14.5, 7.375, 7.5 ],
    "to": [ 14.625, 7.5, 8.5 ],
    "faces": {
        "down":  { "uv": [ 14.5, 8.625, 14.625, 8.593 ], "texture": "#texture" },
        "up":    { "uv": [ 14.625, 8.5, 14.5, 8.532 ], "rotation": 180, "texture": "#texture" },
        "north": { "uv": [ 14.5, 8.625, 14.625, 8.5 ], "rotation": 180, "texture": "#texture" },
        "south": { "uv": [ 14.5, 8.5, 14.625, 8.625 ], "texture": "#texture" },
        "east":  { "uv": [ 14.625, 8.5, 14.593, 8.625 ], "texture": "#texture" }
    }
}
],
"display": {
    "thirdperson": {
        "rotation": [ 98, 65, -35 ],
        "translation": [ 0.38, 1.12, -3.97 ],
        "scale": [ 0.85, 0.85, 0.85 ]
    },
    "ground": {
        "rotation": [ 0, 0, 0 ],
        "translation": [ 0, 0, 0 ],
        "scale": [ 2, 2, 2 ]
    },
    "fixed": {
        "rotation": [ 0, 0, 0 ],
        "translation": [ 0, 0, 0 ],
        "scale": [ 1, 1, 1 ]
    },
    "firstperson": {
        "rotation": [ -37, -44, 156 ],
        "translation": [ 0.94, 0.19, 0.57 ],
        "scale": [ 2, 2, 1 ]
    },
    "gui": {
        "rotation": [ 0, 0, 0 ],
        "translation": [ 0, 0, 0 ],
        "scale": [ 2, 2, 1 ]
    }
}
}