{
"__comment": "Designed by Anomaly Artz. You may not claim, alter, monetize or distribute in any way!",
"textures": {
    "particle": "shotgun"
},
"elements": [ 
{
    "__comment": "Voxels-672B0E",
    "from": [ -1.5, 5.5, 9 ],
    "to": [ -0.25, 8.25, 9.75 ],
    "faces": {
        "down":  { "uv": [ 4.96, 0.96, 7.04, 3.04 ], "texture": "#particle", "cullface": "west" },
        "up":    { "uv": [ 4.9600000381469727, 0.95999997854232788, 7.0399999618530273, 3.0399999618530273 ], "texture": "#particle", "cullface": "west" },
        "north": { "uv": [ 4.9600000381469727, 0.95999997854232788, 7.0399999618530273, 3.0399999618530273 ], "texture": "#particle", "cullface": "west" },
        "south": { "uv": [ 4.9600000381469727, 0.95999997854232788, 7.0399999618530273, 3.0399999618530273 ], "texture": "#particle", "cullface": "west" },
        "west":  { "uv": [ 4.9600000381469727, 0.95999997854232788, 7.0399999618530273, 3.0399999618530273 ], "texture": "#particle", "cullface": "west" },
        "east":  { "uv": [ 4.9600000381469727, 0.95999997854232788, 7.0399999618530273, 3.0399999618530273 ], "texture": "#particle", "cullface": "west" }
    }
},
{
    "__comment": "Voxels-672B0E",
    "from": [ -1.5, 5.75, 8.75 ],
    "to": [ -0.25, 8, 9 ],
    "faces": {
        "down":  { "uv": [ 4.96, 0.96, 7.04, 3.04 ], "texture": "#particle", "cullface": "west" },
        "up":    { "uv": [ 4.9600000381469727, 0.95999997854232788, 7.0399999618530273, 3.0399999618530273 ], "texture": "#particle", "cullface": "west" },
        "north": { "uv": [ 4.9600000381469727, 0.95999997854232788, 7.0399999618530273, 3.0399999618530273 ], "texture": "#particle", "cullface": "west" },
        "west":  { "uv": [ 4.9600000381469727, 0.95999997854232788, 7.0399999618530273, 3.0399999618530273 ], "texture": "#particle", "cullface": "west" },
        "east":  { "uv": [ 4.9600000381469727, 0.95999997854232788, 7.0399999618530273, 3.0399999618530273 ], "texture": "#particle", "cullface": "west" }
    }
},
{
    "__comment": "Voxels-672B0E",
    "from": [ -1.5, 6, 9.75 ],
    "to": [ -0.25, 8, 10 ],
    "faces": {
        "down":  { "uv": [ 4.96, 0.96, 7.04, 3.04 ], "texture": "#particle", "cullface": "west" },
        "up":    { "uv": [ 4.9600000381469727, 0.95999997854232788, 7.0399999618530273, 3.0399999618530273 ], "texture": "#particle", "cullface": "west" },
        "south": { "uv": [ 4.9600000381469727, 0.95999997854232788, 7.0399999618530273, 3.0399999618530273 ], "texture": "#particle", "cullface": "west" },
        "west":  { "uv": [ 4.9600000381469727, 0.95999997854232788, 7.0399999618530273, 3.0399999618530273 ], "texture": "#particle", "cullface": "west" },
        "east":  { "uv": [ 4.9600000381469727, 0.95999997854232788, 7.0399999618530273, 3.0399999618530273 ], "texture": "#particle", "cullface": "west" }
    }
},
{
    "__comment": "Voxels-672B0E",
    "from": [ -0.25, 5.75, 9 ],
    "to": [ 0.25, 8.5, 9.75 ],
    "faces": {
        "down":  { "uv": [ 4.96, 0.96, 7.04, 3.04 ], "texture": "#particle", "cullface": "west" },
        "up":    { "uv": [ 4.9600000381469727, 0.95999997854232788, 7.0399999618530273, 3.0399999618530273 ], "texture": "#particle", "cullface": "west" },
        "north": { "uv": [ 4.9600000381469727, 0.95999997854232788, 7.0399999618530273, 3.0399999618530273 ], "texture": "#particle", "cullface": "west" },
        "south": { "uv": [ 4.9600000381469727, 0.95999997854232788, 7.0399999618530273, 3.0399999618530273 ], "texture": "#particle", "cullface": "west" },
        "west":  { "uv": [ 4.9600000381469727, 0.95999997854232788, 7.0399999618530273, 3.0399999618530273 ], "texture": "#particle", "cullface": "west" },
        "east":  { "uv": [ 4.9600000381469727, 0.95999997854232788, 7.0399999618530273, 3.0399999618530273 ], "texture": "#particle", "cullface": "west" }
    }
},
{
    "__comment": "Voxels-672B0E",
    "from": [ -0.25, 6, 8.75 ],
    "to": [ 0.25, 8.25, 9 ],
    "faces": {
        "down":  { "uv": [ 4.96, 0.96, 7.04, 3.04 ], "texture": "#particle", "cullface": "west" },
        "up":    { "uv": [ 4.9600000381469727, 0.95999997854232788, 7.0399999618530273, 3.0399999618530273 ], "texture": "#particle", "cullface": "west" },
        "north": { "uv": [ 4.9600000381469727, 0.95999997854232788, 7.0399999618530273, 3.0399999618530273 ], "texture": "#particle", "cullface": "west" },
        "west":  { "uv": [ 4.9600000381469727, 0.95999997854232788, 7.0399999618530273, 3.0399999618530273 ], "texture": "#particle", "cullface": "west" },
        "east":  { "uv": [ 4.9600000381469727, 0.95999997854232788, 7.0399999618530273, 3.0399999618530273 ], "texture": "#particle", "cullface": "west" }
    }
},
{
    "__comment": "Voxels-672B0E",
    "from": [ -0.25, 6.25, 9.75 ],
    "to": [ 0.25, 8.25, 10 ],
    "faces": {
        "down":  { "uv": [ 4.96, 0.96, 7.04, 3.04 ], "texture": "#particle", "cullface": "west" },
        "up":    { "uv": [ 4.9600000381469727, 0.95999997854232788, 7.0399999618530273, 3.0399999618530273 ], "texture": "#particle", "cullface": "west" },
        "south": { "uv": [ 4.9600000381469727, 0.95999997854232788, 7.0399999618530273, 3.0399999618530273 ], "texture": "#particle", "cullface": "west" },
        "west":  { "uv": [ 4.9600000381469727, 0.95999997854232788, 7.0399999618530273, 3.0399999618530273 ], "texture": "#particle", "cullface": "west" },
        "east":  { "uv": [ 4.9600000381469727, 0.95999997854232788, 7.0399999618530273, 3.0399999618530273 ], "texture": "#particle", "cullface": "west" }
    }
},
{
    "__comment": "Voxels-672B0E",
    "from": [ 0.25, 6, 9 ],
    "to": [ 1, 8.5, 9.75 ],
    "faces": {
        "down":  { "uv": [ 4.96, 0.96, 7.04, 3.04 ], "texture": "#particle" },
        "up":    { "uv": [ 4.9600000381469727, 0.95999997854232788, 7.0399999618530273, 3.0399999618530273 ], "texture": "#particle" },
        "north": { "uv": [ 4.9600000381469727, 0.95999997854232788, 7.0399999618530273, 3.0399999618530273 ], "texture": "#particle" },
        "south": { "uv": [ 4.9600000381469727, 0.95999997854232788, 7.0399999618530273, 3.0399999618530273 ], "texture": "#particle" },
        "east":  { "uv": [ 4.9600000381469727, 0.95999997854232788, 7.0399999618530273, 3.0399999618530273 ], "texture": "#particle" }
    }
},
{
    "__comment": "Voxels-672B0E",
    "from": [ 0.25, 6.25, 8.75 ],
    "to": [ 1, 8.25, 9 ],
    "faces": {
        "down":  { "uv": [ 4.96, 0.96, 7.04, 3.04 ], "texture": "#particle" },
        "up":    { "uv": [ 4.9600000381469727, 0.95999997854232788, 7.0399999618530273, 3.0399999618530273 ], "texture": "#particle" },
        "north": { "uv": [ 4.9600000381469727, 0.95999997854232788, 7.0399999618530273, 3.0399999618530273 ], "texture": "#particle" },
        "east":  { "uv": [ 4.9600000381469727, 0.95999997854232788, 7.0399999618530273, 3.0399999618530273 ], "texture": "#particle" }
    }
},
{
    "__comment": "Voxels-672B0E",
    "from": [ 0.25, 6.5, 9.75 ],
    "to": [ 1, 8.25, 10 ],
    "faces": {
        "down":  { "uv": [ 4.96, 0.96, 7.04, 3.04 ], "texture": "#particle" },
        "up":    { "uv": [ 4.9600000381469727, 0.95999997854232788, 7.0399999618530273, 3.0399999618530273 ], "texture": "#particle" },
        "south": { "uv": [ 4.9600000381469727, 0.95999997854232788, 7.0399999618530273, 3.0399999618530273 ], "texture": "#particle" },
        "east":  { "uv": [ 4.9600000381469727, 0.95999997854232788, 7.0399999618530273, 3.0399999618530273 ], "texture": "#particle" }
    }
},
{
    "__comment": "Voxels-672B0E",
    "from": [ 1, 6.25, 9 ],
    "to": [ 1.75, 8.5, 9.75 ],
    "faces": {
        "down":  { "uv": [ 4.96, 0.96, 7.04, 3.04 ], "texture": "#particle" },
        "up":    { "uv": [ 4.9600000381469727, 0.95999997854232788, 7.0399999618530273, 3.0399999618530273 ], "texture": "#particle" },
        "north": { "uv": [ 4.9600000381469727, 0.95999997854232788, 7.0399999618530273, 3.0399999618530273 ], "texture": "#particle" },
        "south": { "uv": [ 4.9600000381469727, 0.95999997854232788, 7.0399999618530273, 3.0399999618530273 ], "texture": "#particle" },
        "east":  { "uv": [ 4.9600000381469727, 0.95999997854232788, 7.0399999618530273, 3.0399999618530273 ], "texture": "#particle" }
    }
},
{
    "__comment": "Voxels-672B0E",
    "from": [ 1, 6.5, 8.75 ],
    "to": [ 1.75, 8.25, 9 ],
    "faces": {
        "down":  { "uv": [ 4.96, 0.96, 7.04, 3.04 ], "texture": "#particle" },
        "up":    { "uv": [ 4.9600000381469727, 0.95999997854232788, 7.0399999618530273, 3.0399999618530273 ], "texture": "#particle" },
        "north": { "uv": [ 4.9600000381469727, 0.95999997854232788, 7.0399999618530273, 3.0399999618530273 ], "texture": "#particle" },
        "east":  { "uv": [ 4.9600000381469727, 0.95999997854232788, 7.0399999618530273, 3.0399999618530273 ], "texture": "#particle" }
    }
},
{
    "__comment": "Voxels-672B0E",
    "from": [ 1, 6.75, 9.75 ],
    "to": [ 1.75, 8.25, 10 ],
    "faces": {
        "down":  { "uv": [ 4.96, 0.96, 7.04, 3.04 ], "texture": "#particle" },
        "up":    { "uv": [ 4.9600000381469727, 0.95999997854232788, 7.0399999618530273, 3.0399999618530273 ], "texture": "#particle" },
        "south": { "uv": [ 4.9600000381469727, 0.95999997854232788, 7.0399999618530273, 3.0399999618530273 ], "texture": "#particle" },
        "east":  { "uv": [ 4.9600000381469727, 0.95999997854232788, 7.0399999618530273, 3.0399999618530273 ], "texture": "#particle" }
    }
},
{
    "__comment": "Voxels-672B0E",
    "from": [ 1.75, 6.5, 9 ],
    "to": [ 2.25, 8.5, 9.75 ],
    "faces": {
        "down":  { "uv": [ 4.96, 0.96, 7.04, 3.04 ], "texture": "#particle" },
        "up":    { "uv": [ 4.9600000381469727, 0.95999997854232788, 7.0399999618530273, 3.0399999618530273 ], "texture": "#particle" },
        "north": { "uv": [ 4.9600000381469727, 0.95999997854232788, 7.0399999618530273, 3.0399999618530273 ], "texture": "#particle" },
        "south": { "uv": [ 4.9600000381469727, 0.95999997854232788, 7.0399999618530273, 3.0399999618530273 ], "texture": "#particle" },
        "east":  { "uv": [ 4.9600000381469727, 0.95999997854232788, 7.0399999618530273, 3.0399999618530273 ], "texture": "#particle" }
    }
},
{
    "__comment": "Voxels-672B0E",
    "from": [ 1.75, 6.75, 8.75 ],
    "to": [ 2.25, 8.25, 9 ],
    "faces": {
        "down":  { "uv": [ 4.96, 0.96, 7.04, 3.04 ], "texture": "#particle" },
        "up":    { "uv": [ 4.9600000381469727, 0.95999997854232788, 7.0399999618530273, 3.0399999618530273 ], "texture": "#particle" },
        "north": { "uv": [ 4.9600000381469727, 0.95999997854232788, 7.0399999618530273, 3.0399999618530273 ], "texture": "#particle" },
        "east":  { "uv": [ 4.9600000381469727, 0.95999997854232788, 7.0399999618530273, 3.0399999618530273 ], "texture": "#particle" }
    }
},
{
    "__comment": "Voxels-672B0E",
    "from": [ 1.75, 7, 9.75 ],
    "to": [ 2.25, 8.25, 10 ],
    "faces": {
        "down":  { "uv": [ 4.96, 0.96, 7.04, 3.04 ], "texture": "#particle" },
        "up":    { "uv": [ 4.9600000381469727, 0.95999997854232788, 7.0399999618530273, 3.0399999618530273 ], "texture": "#particle" },
        "south": { "uv": [ 4.9600000381469727, 0.95999997854232788, 7.0399999618530273, 3.0399999618530273 ], "texture": "#particle" },
        "east":  { "uv": [ 4.9600000381469727, 0.95999997854232788, 7.0399999618530273, 3.0399999618530273 ], "texture": "#particle" }
    }
},
{
    "__comment": "Voxels-672B0E",
    "from": [ 2.25, 6.75, 9 ],
    "to": [ 4.25, 8.5, 9.75 ],
    "faces": {
        "down":  { "uv": [ 4.96, 0.96, 7.04, 3.04 ], "texture": "#particle" },
        "up":    { "uv": [ 4.9600000381469727, 0.95999997854232788, 7.0399999618530273, 3.0399999618530273 ], "texture": "#particle" },
        "north": { "uv": [ 4.9600000381469727, 0.95999997854232788, 7.0399999618530273, 3.0399999618530273 ], "texture": "#particle" },
        "south": { "uv": [ 4.9600000381469727, 0.95999997854232788, 7.0399999618530273, 3.0399999618530273 ], "texture": "#particle" },
        "east":  { "uv": [ 4.9600000381469727, 0.95999997854232788, 7.0399999618530273, 3.0399999618530273 ], "texture": "#particle" }
    }
},
{
    "__comment": "Voxels-672B0E",
    "from": [ 2.25, 7, 8.75 ],
    "to": [ 4.25, 8.25, 9 ],
    "faces": {
        "down":  { "uv": [ 4.96, 0.96, 7.04, 3.04 ], "texture": "#particle" },
        "up":    { "uv": [ 4.9600000381469727, 0.95999997854232788, 7.0399999618530273, 3.0399999618530273 ], "texture": "#particle" },
        "north": { "uv": [ 4.9600000381469727, 0.95999997854232788, 7.0399999618530273, 3.0399999618530273 ], "texture": "#particle" },
        "east":  { "uv": [ 4.9600000381469727, 0.95999997854232788, 7.0399999618530273, 3.0399999618530273 ], "texture": "#particle" }
    }
},
{
    "__comment": "Voxels-672B0E",
    "from": [ 2.25, 7.25, 9.75 ],
    "to": [ 4.5, 8.25, 10 ],
    "faces": {
        "down":  { "uv": [ 4.96, 0.96, 7.04, 3.04 ], "texture": "#particle" },
        "up":    { "uv": [ 4.9600000381469727, 0.95999997854232788, 7.0399999618530273, 3.0399999618530273 ], "texture": "#particle" },
        "north": { "uv": [ 4.9600000381469727, 0.95999997854232788, 7.0399999618530273, 3.0399999618530273 ], "texture": "#particle" },
        "south": { "uv": [ 4.9600000381469727, 0.95999997854232788, 7.0399999618530273, 3.0399999618530273 ], "texture": "#particle" },
        "east":  { "uv": [ 4.9600000381469727, 0.95999997854232788, 7.0399999618530273, 3.0399999618530273 ], "texture": "#particle" }
    }
},
{
    "__comment": "Voxels-672B0E",
    "from": [ 2.25, 8.25, 8.75 ],
    "to": [ 3.5, 8.5, 9 ],
    "faces": {
        "up":    { "uv": [ 4.9600000381469727, 0.95999997854232788, 7.0399999618530273, 3.0399999618530273 ], "texture": "#particle" },
        "north": { "uv": [ 4.9600000381469727, 0.95999997854232788, 7.0399999618530273, 3.0399999618530273 ], "texture": "#particle" },
        "west":  { "uv": [ 4.9600000381469727, 0.95999997854232788, 7.0399999618530273, 3.0399999618530273 ], "texture": "#particle" },
        "east":  { "uv": [ 4.9600000381469727, 0.95999997854232788, 7.0399999618530273, 3.0399999618530273 ], "texture": "#particle" }
    }
},
{
    "__comment": "Voxels-672B0E",
    "from": [ 2.25, 8.25, 9.75 ],
    "to": [ 3.5, 8.5, 10 ],
    "faces": {
        "up":    { "uv": [ 4.9600000381469727, 0.95999997854232788, 7.0399999618530273, 3.0399999618530273 ], "texture": "#particle" },
        "south": { "uv": [ 4.9600000381469727, 0.95999997854232788, 7.0399999618530273, 3.0399999618530273 ], "texture": "#particle" },
        "west":  { "uv": [ 4.9600000381469727, 0.95999997854232788, 7.0399999618530273, 3.0399999618530273 ], "texture": "#particle" },
        "east":  { "uv": [ 4.9600000381469727, 0.95999997854232788, 7.0399999618530273, 3.0399999618530273 ], "texture": "#particle" }
    }
},
{
    "__comment": "Voxels-672B0E",
    "from": [ 2.25, 8.5, 9 ],
    "to": [ 3.5, 8.75, 9.75 ],
    "faces": {
        "up":    { "uv": [ 4.9600000381469727, 0.95999997854232788, 7.0399999618530273, 3.0399999618530273 ], "texture": "#particle" },
        "north": { "uv": [ 4.9600000381469727, 0.95999997854232788, 7.0399999618530273, 3.0399999618530273 ], "texture": "#particle" },
        "south": { "uv": [ 4.9600000381469727, 0.95999997854232788, 7.0399999618530273, 3.0399999618530273 ], "texture": "#particle" },
        "west":  { "uv": [ 4.9600000381469727, 0.95999997854232788, 7.0399999618530273, 3.0399999618530273 ], "texture": "#particle" },
        "east":  { "uv": [ 4.9600000381469727, 0.95999997854232788, 7.0399999618530273, 3.0399999618530273 ], "texture": "#particle" }
    }
},
{
    "__comment": "Voxels-672B0E",
    "from": [ 3.25, 6.5, 9 ],
    "to": [ 4, 6.75, 9.75 ],
    "faces": {
        "down":  { "uv": [ 4.96, 0.96, 7.04, 3.04 ], "texture": "#particle" },
        "north": { "uv": [ 4.9600000381469727, 0.95999997854232788, 7.0399999618530273, 3.0399999618530273 ], "texture": "#particle" },
        "south": { "uv": [ 4.9600000381469727, 0.95999997854232788, 7.0399999618530273, 3.0399999618530273 ], "texture": "#particle" },
        "west":  { "uv": [ 4.9600000381469727, 0.95999997854232788, 7.0399999618530273, 3.0399999618530273 ], "texture": "#particle" },
        "east":  { "uv": [ 4.9600000381469727, 0.95999997854232788, 7.0399999618530273, 3.0399999618530273 ], "texture": "#particle" }
    }
},
{
    "__comment": "Voxels-672B0E",
    "from": [ 3.25, 6.75, 8.75 ],
    "to": [ 4, 7, 9 ],
    "faces": {
        "down":  { "uv": [ 4.96, 0.96, 7.04, 3.04 ], "texture": "#particle" },
        "north": { "uv": [ 4.9600000381469727, 0.95999997854232788, 7.0399999618530273, 3.0399999618530273 ], "texture": "#particle" },
        "west":  { "uv": [ 4.9600000381469727, 0.95999997854232788, 7.0399999618530273, 3.0399999618530273 ], "texture": "#particle" },
        "east":  { "uv": [ 4.9600000381469727, 0.95999997854232788, 7.0399999618530273, 3.0399999618530273 ], "texture": "#particle" }
    }
},
{
    "__comment": "Voxels-672B0E",
    "from": [ 3.25, 6.75, 9.75 ],
    "to": [ 4, 7.25, 10 ],
    "faces": {
        "down":  { "uv": [ 4.96, 0.96, 7.04, 3.04 ], "texture": "#particle" },
        "south": { "uv": [ 4.9600000381469727, 0.95999997854232788, 7.0399999618530273, 3.0399999618530273 ], "texture": "#particle" },
        "west":  { "uv": [ 4.9600000381469727, 0.95999997854232788, 7.0399999618530273, 3.0399999618530273 ], "texture": "#particle" },
        "east":  { "uv": [ 4.9600000381469727, 0.95999997854232788, 7.0399999618530273, 3.0399999618530273 ], "texture": "#particle" }
    }
},
{
    "__comment": "Voxels-672B0E",
    "from": [ 4, 7, 9.75 ],
    "to": [ 4.25, 7.25, 10 ],
    "faces": {
        "down":  { "uv": [ 4.96, 0.96, 7.04, 3.04 ], "texture": "#particle" },
        "south": { "uv": [ 4.9600000381469727, 0.95999997854232788, 7.0399999618530273, 3.0399999618530273 ], "texture": "#particle" },
        "east":  { "uv": [ 4.9600000381469727, 0.95999997854232788, 7.0399999618530273, 3.0399999618530273 ], "texture": "#particle" }
    }
},
{
    "__comment": "Voxels-672B0E",
    "from": [ 4, 8.25, 8.75 ],
    "to": [ 5.5, 8.5, 9 ],
    "faces": {
        "down":  { "uv": [ 4.96, 0.96, 7.04, 3.04 ], "texture": "#particle" },
        "up":    { "uv": [ 4.9600000381469727, 0.95999997854232788, 7.0399999618530273, 3.0399999618530273 ], "texture": "#particle" },
        "north": { "uv": [ 4.9600000381469727, 0.95999997854232788, 7.0399999618530273, 3.0399999618530273 ], "texture": "#particle" },
        "south": { "uv": [ 4.9600000381469727, 0.95999997854232788, 7.0399999618530273, 3.0399999618530273 ], "texture": "#particle" },
        "west":  { "uv": [ 4.9600000381469727, 0.95999997854232788, 7.0399999618530273, 3.0399999618530273 ], "texture": "#particle" }
    }
},
{
    "__comment": "Voxels-672B0E",
    "from": [ 4, 8.25, 9.75 ],
    "to": [ 5.5, 8.5, 10 ],
    "faces": {
        "down":  { "uv": [ 4.96, 0.96, 7.04, 3.04 ], "texture": "#particle" },
        "up":    { "uv": [ 4.9600000381469727, 0.95999997854232788, 7.0399999618530273, 3.0399999618530273 ], "texture": "#particle" },
        "north": { "uv": [ 4.9600000381469727, 0.95999997854232788, 7.0399999618530273, 3.0399999618530273 ], "texture": "#particle" },
        "south": { "uv": [ 4.9600000381469727, 0.95999997854232788, 7.0399999618530273, 3.0399999618530273 ], "texture": "#particle" },
        "west":  { "uv": [ 4.9600000381469727, 0.95999997854232788, 7.0399999618530273, 3.0399999618530273 ], "texture": "#particle" }
    }
},
{
    "__comment": "Voxels-672B0E",
    "from": [ 4, 8.5, 9 ],
    "to": [ 16, 8.75, 9.75 ],
    "faces": {
        "down":  { "uv": [ 4.96, 0.96, 7.04, 3.04 ], "texture": "#particle" },
        "up":    { "uv": [ 4.9600000381469727, 0.95999997854232788, 7.0399999618530273, 3.0399999618530273 ], "texture": "#particle" },
        "north": { "uv": [ 4.9600000381469727, 0.95999997854232788, 7.0399999618530273, 3.0399999618530273 ], "texture": "#particle" },
        "south": { "uv": [ 4.9600000381469727, 0.95999997854232788, 7.0399999618530273, 3.0399999618530273 ], "texture": "#particle" },
        "west":  { "uv": [ 4.9600000381469727, 0.95999997854232788, 7.0399999618530273, 3.0399999618530273 ], "texture": "#particle" }
    }
},
{
    "__comment": "Voxels-672B0E",
    "from": [ 4.25, 7, 9 ],
    "to": [ 4.5, 8.5, 9.75 ],
    "faces": {
        "down":  { "uv": [ 4.96, 0.96, 7.04, 3.04 ], "texture": "#particle" },
        "north": { "uv": [ 4.9600000381469727, 0.95999997854232788, 7.0399999618530273, 3.0399999618530273 ], "texture": "#particle" },
        "south": { "uv": [ 4.9600000381469727, 0.95999997854232788, 7.0399999618530273, 3.0399999618530273 ], "texture": "#particle" },
        "east":  { "uv": [ 4.9600000381469727, 0.95999997854232788, 7.0399999618530273, 3.0399999618530273 ], "texture": "#particle" }
    }
},
{
    "__comment": "Voxels-672B0E",
    "from": [ 4.25, 7.25, 8.75 ],
    "to": [ 4.5, 8.25, 9 ],
    "faces": {
        "down":  { "uv": [ 4.96, 0.96, 7.04, 3.04 ], "texture": "#particle" },
        "north": { "uv": [ 4.9600000381469727, 0.95999997854232788, 7.0399999618530273, 3.0399999618530273 ], "texture": "#particle" },
        "east":  { "uv": [ 4.9600000381469727, 0.95999997854232788, 7.0399999618530273, 3.0399999618530273 ], "texture": "#particle" }
    }
},
{
    "__comment": "Voxels-672B0E",
    "from": [ 4.5, 7.25, 9 ],
    "to": [ 4.75, 8.5, 9.75 ],
    "faces": {
        "down":  { "uv": [ 4.96, 0.96, 7.04, 3.04 ], "texture": "#particle" },
        "north": { "uv": [ 4.9600000381469727, 0.95999997854232788, 7.0399999618530273, 3.0399999618530273 ], "texture": "#particle" },
        "south": { "uv": [ 4.9600000381469727, 0.95999997854232788, 7.0399999618530273, 3.0399999618530273 ], "texture": "#particle" },
        "east":  { "uv": [ 4.9600000381469727, 0.95999997854232788, 7.0399999618530273, 3.0399999618530273 ], "texture": "#particle" }
    }
},
{
    "__comment": "Voxels-672B0E",
    "from": [ 4.5, 7.5, 8.75 ],
    "to": [ 4.75, 8.25, 9 ],
    "faces": {
        "down":  { "uv": [ 4.96, 0.96, 7.04, 3.04 ], "texture": "#particle" },
        "north": { "uv": [ 4.9600000381469727, 0.95999997854232788, 7.0399999618530273, 3.0399999618530273 ], "texture": "#particle" },
        "east":  { "uv": [ 4.9600000381469727, 0.95999997854232788, 7.0399999618530273, 3.0399999618530273 ], "texture": "#particle" }
    }
},
{
    "__comment": "Voxels-672B0E",
    "from": [ 4.5, 7.5, 9.75 ],
    "to": [ 4.75, 8.25, 10 ],
    "faces": {
        "down":  { "uv": [ 4.96, 0.96, 7.04, 3.04 ], "texture": "#particle" },
        "south": { "uv": [ 4.9600000381469727, 0.95999997854232788, 7.0399999618530273, 3.0399999618530273 ], "texture": "#particle" },
        "east":  { "uv": [ 4.9600000381469727, 0.95999997854232788, 7.0399999618530273, 3.0399999618530273 ], "texture": "#particle" }
    }
},
{
    "__comment": "Voxels-672B0E",
    "from": [ 4.5, 8.5, 8.75 ],
    "to": [ 5.5, 8.75, 9 ],
    "faces": {
        "up":    { "uv": [ 4.9600000381469727, 0.95999997854232788, 7.0399999618530273, 3.0399999618530273 ], "texture": "#particle" },
        "north": { "uv": [ 4.9600000381469727, 0.95999997854232788, 7.0399999618530273, 3.0399999618530273 ], "texture": "#particle" },
        "west":  { "uv": [ 4.9600000381469727, 0.95999997854232788, 7.0399999618530273, 3.0399999618530273 ], "texture": "#particle" }
    }
},
{
    "__comment": "Voxels-672B0E",
    "from": [ 4.5, 8.5, 9.75 ],
    "to": [ 5.5, 8.75, 10 ],
    "faces": {
        "up":    { "uv": [ 4.9600000381469727, 0.95999997854232788, 7.0399999618530273, 3.0399999618530273 ], "texture": "#particle" },
        "south": { "uv": [ 4.9600000381469727, 0.95999997854232788, 7.0399999618530273, 3.0399999618530273 ], "texture": "#particle" },
        "west":  { "uv": [ 4.9600000381469727, 0.95999997854232788, 7.0399999618530273, 3.0399999618530273 ], "texture": "#particle" }
    }
},
{
    "__comment": "Voxels-672B0E",
    "from": [ 4.5, 8.75, 9 ],
    "to": [ 5.75, 9, 9.75 ],
    "faces": {
        "up":    { "uv": [ 4.9600000381469727, 0.95999997854232788, 7.0399999618530273, 3.0399999618530273 ], "texture": "#particle" },
        "north": { "uv": [ 4.9600000381469727, 0.95999997854232788, 7.0399999618530273, 3.0399999618530273 ], "texture": "#particle" },
        "south": { "uv": [ 4.9600000381469727, 0.95999997854232788, 7.0399999618530273, 3.0399999618530273 ], "texture": "#particle" },
        "west":  { "uv": [ 4.9600000381469727, 0.95999997854232788, 7.0399999618530273, 3.0399999618530273 ], "texture": "#particle" },
        "east":  { "uv": [ 4.9600000381469727, 0.95999997854232788, 7.0399999618530273, 3.0399999618530273 ], "texture": "#particle" }
    }
},
{
    "__comment": "Voxels-672B0E",
    "from": [ 4.75, 7.5, 9 ],
    "to": [ 5.5, 8.5, 9.75 ],
    "faces": {
        "down":  { "uv": [ 4.96, 0.96, 7.04, 3.04 ], "texture": "#particle" },
        "north": { "uv": [ 4.9600000381469727, 0.95999997854232788, 7.0399999618530273, 3.0399999618530273 ], "texture": "#particle" },
        "south": { "uv": [ 4.9600000381469727, 0.95999997854232788, 7.0399999618530273, 3.0399999618530273 ], "texture": "#particle" },
        "east":  { "uv": [ 4.9600000381469727, 0.95999997854232788, 7.0399999618530273, 3.0399999618530273 ], "texture": "#particle" }
    }
},
{
    "__comment": "Voxels-672B0E",
    "from": [ 4.75, 7.75, 8.75 ],
    "to": [ 5.75, 8.25, 9 ],
    "faces": {
        "down":  { "uv": [ 4.96, 0.96, 7.04, 3.04 ], "texture": "#particle" },
        "up":    { "uv": [ 4.9600000381469727, 0.95999997854232788, 7.0399999618530273, 3.0399999618530273 ], "texture": "#particle" },
        "north": { "uv": [ 4.9600000381469727, 0.95999997854232788, 7.0399999618530273, 3.0399999618530273 ], "texture": "#particle" },
        "south": { "uv": [ 4.9600000381469727, 0.95999997854232788, 7.0399999618530273, 3.0399999618530273 ], "texture": "#particle" }
    }
},
{
    "__comment": "Voxels-672B0E",
    "from": [ 4.75, 7.75, 9.75 ],
    "to": [ 5.75, 8.25, 10 ],
    "faces": {
        "down":  { "uv": [ 4.96, 0.96, 7.04, 3.04 ], "texture": "#particle" },
        "up":    { "uv": [ 4.9600000381469727, 0.95999997854232788, 7.0399999618530273, 3.0399999618530273 ], "texture": "#particle" },
        "north": { "uv": [ 4.9600000381469727, 0.95999997854232788, 7.0399999618530273, 3.0399999618530273 ], "texture": "#particle" },
        "south": { "uv": [ 4.9600000381469727, 0.95999997854232788, 7.0399999618530273, 3.0399999618530273 ], "texture": "#particle" }
    }
},
{
    "__comment": "Voxels-672B0E",
    "from": [ 5, 8.75, 8.75 ],
    "to": [ 5.5, 9, 9 ],
    "faces": {
        "up":    { "uv": [ 4.9600000381469727, 0.95999997854232788, 7.0399999618530273, 3.0399999618530273 ], "texture": "#particle" },
        "north": { "uv": [ 4.9600000381469727, 0.95999997854232788, 7.0399999618530273, 3.0399999618530273 ], "texture": "#particle" },
        "west":  { "uv": [ 4.9600000381469727, 0.95999997854232788, 7.0399999618530273, 3.0399999618530273 ], "texture": "#particle" }
    }
},
{
    "__comment": "Voxels-672B0E",
    "from": [ 5, 8.75, 9.75 ],
    "to": [ 5.5, 9, 10 ],
    "faces": {
        "up":    { "uv": [ 4.9600000381469727, 0.95999997854232788, 7.0399999618530273, 3.0399999618530273 ], "texture": "#particle" },
        "south": { "uv": [ 4.9600000381469727, 0.95999997854232788, 7.0399999618530273, 3.0399999618530273 ], "texture": "#particle" },
        "west":  { "uv": [ 4.9600000381469727, 0.95999997854232788, 7.0399999618530273, 3.0399999618530273 ], "texture": "#particle" }
    }
},
{
    "__comment": "Voxels-672B0E",
    "from": [ 5, 9, 9 ],
    "to": [ 9.25, 9.25, 9.75 ],
    "faces": {
        "down":  { "uv": [ 4.96, 0.96, 7.04, 3.04 ], "texture": "#particle" },
        "up":    { "uv": [ 4.9600000381469727, 0.95999997854232788, 7.0399999618530273, 3.0399999618530273 ], "texture": "#particle" },
        "north": { "uv": [ 4.9600000381469727, 0.95999997854232788, 7.0399999618530273, 3.0399999618530273 ], "texture": "#particle" },
        "south": { "uv": [ 4.9600000381469727, 0.95999997854232788, 7.0399999618530273, 3.0399999618530273 ], "texture": "#particle" },
        "west":  { "uv": [ 4.9600000381469727, 0.95999997854232788, 7.0399999618530273, 3.0399999618530273 ], "texture": "#particle" }
    }
},
{
    "__comment": "Voxels-323232",
    "from": [ 5.5, 7.25, 9 ],
    "to": [ 5.75, 7.75, 9.75 ],
    "faces": {
        "down":  { "uv": [ 8.96, 0.96, 11.04, 3.04 ], "texture": "#particle" },
        "north": { "uv": [ 8.9600000381469727, 0.95999997854232788, 11.039999961853027, 3.0399999618530273 ], "texture": "#particle" },
        "south": { "uv": [ 8.9600000381469727, 0.95999997854232788, 11.039999961853027, 3.0399999618530273 ], "texture": "#particle" },
        "west":  { "uv": [ 8.9600000381469727, 0.95999997854232788, 11.039999961853027, 3.0399999618530273 ], "texture": "#particle" },
        "east":  { "uv": [ 8.9600000381469727, 0.95999997854232788, 11.039999961853027, 3.0399999618530273 ], "texture": "#particle" }
    }
},
{
    "__comment": "Voxels-672B0E",
    "from": [ 5.5, 7.75, 9 ],
    "to": [ 14.75, 8.25, 9.75 ],
    "faces": {
        "down":  { "uv": [ 4.96, 0.96, 7.04, 3.04 ], "texture": "#particle" },
        "up":    { "uv": [ 4.9600000381469727, 0.95999997854232788, 7.0399999618530273, 3.0399999618530273 ], "texture": "#particle" },
        "north": { "uv": [ 4.9600000381469727, 0.95999997854232788, 7.0399999618530273, 3.0399999618530273 ], "texture": "#particle" },
        "south": { "uv": [ 4.9600000381469727, 0.95999997854232788, 7.0399999618530273, 3.0399999618530273 ], "texture": "#particle" },
        "east":  { "uv": [ 4.9600000381469727, 0.95999997854232788, 7.0399999618530273, 3.0399999618530273 ], "texture": "#particle" }
    }
},
{
    "__comment": "Voxels-323232",
    "from": [ 5.5, 8.25, 8.75 ],
    "to": [ 12, 8.5, 9 ],
    "faces": {
        "down":  { "uv": [ 8.96, 0.96, 11.04, 3.04 ], "texture": "#particle" },
        "up":    { "uv": [ 8.9600000381469727, 0.95999997854232788, 11.039999961853027, 3.0399999618530273 ], "texture": "#particle" },
        "north": { "uv": [ 8.9600000381469727, 0.95999997854232788, 11.039999961853027, 3.0399999618530273 ], "texture": "#particle" },
        "south": { "uv": [ 8.9600000381469727, 0.95999997854232788, 11.039999961853027, 3.0399999618530273 ], "texture": "#particle" }
    }
},
{
    "__comment": "Voxels-323232",
    "from": [ 5.5, 8.25, 9 ],
    "to": [ 9.25, 8.5, 10 ],
    "faces": {
        "down":  { "uv": [ 8.96, 0.96, 11.04, 3.04 ], "texture": "#particle" },
        "up":    { "uv": [ 8.9600000381469727, 0.95999997854232788, 11.039999961853027, 3.0399999618530273 ], "texture": "#particle" },
        "south": { "uv": [ 8.9600000381469727, 0.95999997854232788, 11.039999961853027, 3.0399999618530273 ], "texture": "#particle" },
        "west":  { "uv": [ 8.9600000381469727, 0.95999997854232788, 11.039999961853027, 3.0399999618530273 ], "texture": "#particle" },
        "east":  { "uv": [ 8.9600000381469727, 0.95999997854232788, 11.039999961853027, 3.0399999618530273 ], "texture": "#particle" }
    }
},
{
    "__comment": "Voxels-323232",
    "from": [ 5.5, 8.5, 8.75 ],
    "to": [ 11, 9, 9 ],
    "faces": {
        "up":    { "uv": [ 8.9600000381469727, 0.95999997854232788, 11.039999961853027, 3.0399999618530273 ], "texture": "#particle" },
        "north": { "uv": [ 8.9600000381469727, 0.95999997854232788, 11.039999961853027, 3.0399999618530273 ], "texture": "#particle" },
        "south": { "uv": [ 8.9600000381469727, 0.95999997854232788, 11.039999961853027, 3.0399999618530273 ], "texture": "#particle" },
        "west":  { "uv": [ 8.9600000381469727, 0.95999997854232788, 11.039999961853027, 3.0399999618530273 ], "texture": "#particle" },
        "east":  { "uv": [ 8.9600000381469727, 0.95999997854232788, 11.039999961853027, 3.0399999618530273 ], "texture": "#particle" }
    }
},
{
    "__comment": "Voxels-323232",
    "from": [ 5.5, 8.5, 9.75 ],
    "to": [ 11, 8.75, 10 ],
    "faces": {
        "down":  { "uv": [ 8.96, 0.96, 11.04, 3.04 ], "texture": "#particle" },
        "up":    { "uv": [ 8.9600000381469727, 0.95999997854232788, 11.039999961853027, 3.0399999618530273 ], "texture": "#particle" },
        "south": { "uv": [ 8.9600000381469727, 0.95999997854232788, 11.039999961853027, 3.0399999618530273 ], "texture": "#particle" }
    }
},
{
    "__comment": "Voxels-323232",
    "from": [ 5.5, 8.75, 9.75 ],
    "to": [ 7.75, 9, 10 ],
    "faces": {
        "up":    { "uv": [ 8.9600000381469727, 0.95999997854232788, 11.039999961853027, 3.0399999618530273 ], "texture": "#particle" },
        "north": { "uv": [ 8.9600000381469727, 0.95999997854232788, 11.039999961853027, 3.0399999618530273 ], "texture": "#particle" },
        "south": { "uv": [ 8.9600000381469727, 0.95999997854232788, 11.039999961853027, 3.0399999618530273 ], "texture": "#particle" },
        "east":  { "uv": [ 8.9600000381469727, 0.95999997854232788, 11.039999961853027, 3.0399999618530273 ], "texture": "#particle" }
    }
},
{
    "__comment": "Voxels-323232",
    "from": [ 5.5, 9.25, 9.25 ],
    "to": [ 9.25, 9.5, 9.5 ],
    "faces": {
        "up":    { "uv": [ 8.9600000381469727, 0.95999997854232788, 11.039999961853027, 3.0399999618530273 ], "texture": "#particle" },
        "north": { "uv": [ 8.9600000381469727, 0.95999997854232788, 11.039999961853027, 3.0399999618530273 ], "texture": "#particle" },
        "south": { "uv": [ 8.9600000381469727, 0.95999997854232788, 11.039999961853027, 3.0399999618530273 ], "texture": "#particle" },
        "west":  { "uv": [ 8.9600000381469727, 0.95999997854232788, 11.039999961853027, 3.0399999618530273 ], "texture": "#particle" },
        "east":  { "uv": [ 8.9600000381469727, 0.95999997854232788, 11.039999961853027, 3.0399999618530273 ], "texture": "#particle" }
    }
},
{
    "__comment": "Voxels-323232",
    "from": [ 5.75, 7, 9 ],
    "to": [ 6.5, 7.25, 9.75 ],
    "faces": {
        "down":  { "uv": [ 8.96, 0.96, 11.04, 3.04 ], "texture": "#particle" },
        "up":    { "uv": [ 8.9600000381469727, 0.95999997854232788, 11.039999961853027, 3.0399999618530273 ], "texture": "#particle" },
        "north": { "uv": [ 8.9600000381469727, 0.95999997854232788, 11.039999961853027, 3.0399999618530273 ], "texture": "#particle" },
        "south": { "uv": [ 8.9600000381469727, 0.95999997854232788, 11.039999961853027, 3.0399999618530273 ], "texture": "#particle" },
        "west":  { "uv": [ 8.9600000381469727, 0.95999997854232788, 11.039999961853027, 3.0399999618530273 ], "texture": "#particle" },
        "east":  { "uv": [ 8.9600000381469727, 0.95999997854232788, 11.039999961853027, 3.0399999618530273 ], "texture": "#particle" }
    }
},
{
    "__comment": "Voxels-323232",
    "from": [ 5.75, 7.5, 8.75 ],
    "to": [ 9.25, 8.25, 9 ],
    "faces": {
        "down":  { "uv": [ 8.96, 0.96, 11.04, 3.04 ], "texture": "#particle" },
        "north": { "uv": [ 8.9600000381469727, 0.95999997854232788, 11.039999961853027, 3.0399999618530273 ], "texture": "#particle" },
        "south": { "uv": [ 8.9600000381469727, 0.95999997854232788, 11.039999961853027, 3.0399999618530273 ], "texture": "#particle" },
        "west":  { "uv": [ 8.9600000381469727, 0.95999997854232788, 11.039999961853027, 3.0399999618530273 ], "texture": "#particle" },
        "east":  { "uv": [ 8.9600000381469727, 0.95999997854232788, 11.039999961853027, 3.0399999618530273 ], "texture": "#particle" }
    }
},
{
    "__comment": "Voxels-323232",
    "from": [ 5.75, 7.5, 9 ],
    "to": [ 9.25, 7.75, 10 ],
    "faces": {
        "down":  { "uv": [ 8.96, 0.96, 11.04, 3.04 ], "texture": "#particle" },
        "up":    { "uv": [ 8.9600000381469727, 0.95999997854232788, 11.039999961853027, 3.0399999618530273 ], "texture": "#particle" },
        "south": { "uv": [ 8.9600000381469727, 0.95999997854232788, 11.039999961853027, 3.0399999618530273 ], "texture": "#particle" },
        "west":  { "uv": [ 8.9600000381469727, 0.95999997854232788, 11.039999961853027, 3.0399999618530273 ], "texture": "#particle" },
        "east":  { "uv": [ 8.9600000381469727, 0.95999997854232788, 11.039999961853027, 3.0399999618530273 ], "texture": "#particle" }
    }
},
{
    "__comment": "Voxels-323232",
    "from": [ 5.75, 7.75, 9.75 ],
    "to": [ 9.25, 8.25, 10 ],
    "faces": {
        "south": { "uv": [ 8.9600000381469727, 0.95999997854232788, 11.039999961853027, 3.0399999618530273 ], "texture": "#particle" }
    }
},
{
    "__comment": "Voxels-323232",
    "from": [ 5.75, 8.75, 9 ],
    "to": [ 16, 9, 9.5 ],
    "faces": {
        "up":    { "uv": [ 8.9600000381469727, 0.95999997854232788, 11.039999961853027, 3.0399999618530273 ], "texture": "#particle" },
        "north": { "uv": [ 8.9600000381469727, 0.95999997854232788, 11.039999961853027, 3.0399999618530273 ], "texture": "#particle" },
        "south": { "uv": [ 8.9600000381469727, 0.95999997854232788, 11.039999961853027, 3.0399999618530273 ], "texture": "#particle" }
    }
},
{
    "__comment": "Voxels-323232",
    "from": [ 5.75, 9, 8.75 ],
    "to": [ 9.25, 9.25, 9 ],
    "faces": {
        "up":    { "uv": [ 8.9600000381469727, 0.95999997854232788, 11.039999961853027, 3.0399999618530273 ], "texture": "#particle" },
        "north": { "uv": [ 8.9600000381469727, 0.95999997854232788, 11.039999961853027, 3.0399999618530273 ], "texture": "#particle" },
        "west":  { "uv": [ 8.9600000381469727, 0.95999997854232788, 11.039999961853027, 3.0399999618530273 ], "texture": "#particle" },
        "east":  { "uv": [ 8.9600000381469727, 0.95999997854232788, 11.039999961853027, 3.0399999618530273 ], "texture": "#particle" }
    }
},
{
    "__comment": "Voxels-323232",
    "from": [ 5.75, 9, 9.75 ],
    "to": [ 9.25, 9.25, 10 ],
    "faces": {
        "down":  { "uv": [ 8.96, 0.96, 11.04, 3.04 ], "texture": "#particle" },
        "up":    { "uv": [ 8.9600000381469727, 0.95999997854232788, 11.039999961853027, 3.0399999618530273 ], "texture": "#particle" },
        "south": { "uv": [ 8.9600000381469727, 0.95999997854232788, 11.039999961853027, 3.0399999618530273 ], "texture": "#particle" },
        "west":  { "uv": [ 8.9600000381469727, 0.95999997854232788, 11.039999961853027, 3.0399999618530273 ], "texture": "#particle" },
        "east":  { "uv": [ 8.9600000381469727, 0.95999997854232788, 11.039999961853027, 3.0399999618530273 ], "texture": "#particle" }
    }
},
{
    "__comment": "Voxels-323232",
    "from": [ 5.75, 9.25, 9 ],
    "to": [ 9.25, 9.5, 9.25 ],
    "faces": {
        "up":    { "uv": [ 8.9600000381469727, 0.95999997854232788, 11.039999961853027, 3.0399999618530273 ], "texture": "#particle" },
        "north": { "uv": [ 8.9600000381469727, 0.95999997854232788, 11.039999961853027, 3.0399999618530273 ], "texture": "#particle" },
        "west":  { "uv": [ 8.9600000381469727, 0.95999997854232788, 11.039999961853027, 3.0399999618530273 ], "texture": "#particle" },
        "east":  { "uv": [ 8.9600000381469727, 0.95999997854232788, 11.039999961853027, 3.0399999618530273 ], "texture": "#particle" }
    }
},
{
    "__comment": "Voxels-323232",
    "from": [ 5.75, 9.25, 9.5 ],
    "to": [ 9.25, 9.5, 9.75 ],
    "faces": {
        "up":    { "uv": [ 8.9600000381469727, 0.95999997854232788, 11.039999961853027, 3.0399999618530273 ], "texture": "#particle" },
        "south": { "uv": [ 8.9600000381469727, 0.95999997854232788, 11.039999961853027, 3.0399999618530273 ], "texture": "#particle" },
        "west":  { "uv": [ 8.9600000381469727, 0.95999997854232788, 11.039999961853027, 3.0399999618530273 ], "texture": "#particle" },
        "east":  { "uv": [ 8.9600000381469727, 0.95999997854232788, 11.039999961853027, 3.0399999618530273 ], "texture": "#particle" }
    }
},
{
    "__comment": "Voxels-323232",
    "from": [ 6, 7.25, 9.25 ],
    "to": [ 6.25, 7.5, 9.5 ],
    "faces": {
        "north": { "uv": [ 8.9600000381469727, 0.95999997854232788, 11.039999961853027, 3.0399999618530273 ], "texture": "#particle" },
        "south": { "uv": [ 8.9600000381469727, 0.95999997854232788, 11.039999961853027, 3.0399999618530273 ], "texture": "#particle" },
        "west":  { "uv": [ 8.9600000381469727, 0.95999997854232788, 11.039999961853027, 3.0399999618530273 ], "texture": "#particle" },
        "east":  { "uv": [ 8.9600000381469727, 0.95999997854232788, 11.039999961853027, 3.0399999618530273 ], "texture": "#particle" }
    }
},
{
    "__comment": "Voxels-323232",
    "from": [ 6.5, 7.25, 9 ],
    "to": [ 6.75, 7.5, 9.75 ],
    "faces": {
        "down":  { "uv": [ 8.96, 0.96, 11.04, 3.04 ], "texture": "#particle" },
        "north": { "uv": [ 8.9600000381469727, 0.95999997854232788, 11.039999961853027, 3.0399999618530273 ], "texture": "#particle" },
        "south": { "uv": [ 8.9600000381469727, 0.95999997854232788, 11.039999961853027, 3.0399999618530273 ], "texture": "#particle" },
        "west":  { "uv": [ 8.9600000381469727, 0.95999997854232788, 11.039999961853027, 3.0399999618530273 ], "texture": "#particle" },
        "east":  { "uv": [ 8.9600000381469727, 0.95999997854232788, 11.039999961853027, 3.0399999618530273 ], "texture": "#particle" }
    }
},
{
    "__comment": "Voxels-3C3C3C",
    "from": [ 7.75, 8.75, 9.5 ],
    "to": [ 8.75, 9, 9.75 ],
    "faces": {
        "south": { "uv": [ 12.960000038146973, 0.95999997854232788, 15.039999961853027, 3.0399999618530273 ], "texture": "#particle" }
    }
},
{
    "__comment": "Voxels-323232",
    "from": [ 8.75, 8.75, 9.5 ],
    "to": [ 16, 9, 10 ],
    "faces": {
        "down":  { "uv": [ 8.96, 0.96, 11.04, 3.04 ], "texture": "#particle" },
        "up":    { "uv": [ 8.9600000381469727, 0.95999997854232788, 11.039999961853027, 3.0399999618530273 ], "texture": "#particle" },
        "south": { "uv": [ 8.9600000381469727, 0.95999997854232788, 11.039999961853027, 3.0399999618530273 ], "texture": "#particle" },
        "west":  { "uv": [ 8.9600000381469727, 0.95999997854232788, 11.039999961853027, 3.0399999618530273 ], "texture": "#particle" },
        "east":  { "uv": [ 8.9600000381469727, 0.95999997854232788, 11.039999961853027, 3.0399999618530273 ], "texture": "#particle", "cullface": "east" }
    }
},
{
    "__comment": "Voxels-672B0E",
    "from": [ 9.25, 7.5, 8.75 ],
    "to": [ 14.25, 8, 9 ],
    "faces": {
        "down":  { "uv": [ 4.96, 0.96, 7.04, 3.04 ], "texture": "#particle" },
        "up":    { "uv": [ 4.9600000381469727, 0.95999997854232788, 7.0399999618530273, 3.0399999618530273 ], "texture": "#particle" },
        "north": { "uv": [ 4.9600000381469727, 0.95999997854232788, 7.0399999618530273, 3.0399999618530273 ], "texture": "#particle" },
        "south": { "uv": [ 4.9600000381469727, 0.95999997854232788, 7.0399999618530273, 3.0399999618530273 ], "texture": "#particle" },
        "east":  { "uv": [ 4.9600000381469727, 0.95999997854232788, 7.0399999618530273, 3.0399999618530273 ], "texture": "#particle" }
    }
},
{
    "__comment": "Voxels-672B0E",
    "from": [ 9.25, 7.5, 9 ],
    "to": [ 14.5, 7.75, 9.75 ],
    "faces": {
        "down":  { "uv": [ 4.96, 0.96, 7.04, 3.04 ], "texture": "#particle" },
        "north": { "uv": [ 4.9600000381469727, 0.95999997854232788, 7.0399999618530273, 3.0399999618530273 ], "texture": "#particle" },
        "south": { "uv": [ 4.9600000381469727, 0.95999997854232788, 7.0399999618530273, 3.0399999618530273 ], "texture": "#particle" },
        "east":  { "uv": [ 4.9600000381469727, 0.95999997854232788, 7.0399999618530273, 3.0399999618530273 ], "texture": "#particle" }
    }
},
{
    "__comment": "Voxels-672B0E",
    "from": [ 9.25, 7.5, 9.75 ],
    "to": [ 14.25, 8.5, 10 ],
    "faces": {
        "down":  { "uv": [ 4.96, 0.96, 7.04, 3.04 ], "texture": "#particle" },
        "up":    { "uv": [ 4.9600000381469727, 0.95999997854232788, 7.0399999618530273, 3.0399999618530273 ], "texture": "#particle" },
        "north": { "uv": [ 4.9600000381469727, 0.95999997854232788, 7.0399999618530273, 3.0399999618530273 ], "texture": "#particle" },
        "south": { "uv": [ 4.9600000381469727, 0.95999997854232788, 7.0399999618530273, 3.0399999618530273 ], "texture": "#particle" },
        "west":  { "uv": [ 4.9600000381469727, 0.95999997854232788, 7.0399999618530273, 3.0399999618530273 ], "texture": "#particle" },
        "east":  { "uv": [ 4.9600000381469727, 0.95999997854232788, 7.0399999618530273, 3.0399999618530273 ], "texture": "#particle" }
    }
},
{
    "__comment": "Voxels-672B0E",
    "from": [ 9.25, 7.75, 8.5 ],
    "to": [ 14.25, 8.5, 8.75 ],
    "faces": {
        "down":  { "uv": [ 4.96, 0.96, 7.04, 3.04 ], "texture": "#particle" },
        "up":    { "uv": [ 4.9600000381469727, 0.95999997854232788, 7.0399999618530273, 3.0399999618530273 ], "texture": "#particle" },
        "north": { "uv": [ 4.9600000381469727, 0.95999997854232788, 7.0399999618530273, 3.0399999618530273 ], "texture": "#particle" },
        "south": { "uv": [ 4.9600000381469727, 0.95999997854232788, 7.0399999618530273, 3.0399999618530273 ], "texture": "#particle" },
        "west":  { "uv": [ 4.9600000381469727, 0.95999997854232788, 7.0399999618530273, 3.0399999618530273 ], "texture": "#particle" },
        "east":  { "uv": [ 4.9600000381469727, 0.95999997854232788, 7.0399999618530273, 3.0399999618530273 ], "texture": "#particle" }
    }
},
{
    "__comment": "Voxels-672B0E",
    "from": [ 9.25, 7.75, 10 ],
    "to": [ 14.25, 8.75, 10.25 ],
    "faces": {
        "down":  { "uv": [ 4.96, 0.96, 7.04, 3.04 ], "texture": "#particle" },
        "up":    { "uv": [ 4.9600000381469727, 0.95999997854232788, 7.0399999618530273, 3.0399999618530273 ], "texture": "#particle" },
        "north": { "uv": [ 4.9600000381469727, 0.95999997854232788, 7.0399999618530273, 3.0399999618530273 ], "texture": "#particle" },
        "south": { "uv": [ 4.9600000381469727, 0.95999997854232788, 7.0399999618530273, 3.0399999618530273 ], "texture": "#particle" },
        "west":  { "uv": [ 4.9600000381469727, 0.95999997854232788, 7.0399999618530273, 3.0399999618530273 ], "texture": "#particle" },
        "east":  { "uv": [ 4.9600000381469727, 0.95999997854232788, 7.0399999618530273, 3.0399999618530273 ], "texture": "#particle" }
    }
},
{
    "__comment": "Voxels-672B0E",
    "from": [ 9.25, 8, 8.75 ],
    "to": [ 12, 8.25, 9 ],
    "faces": {
        "east":  { "uv": [ 4.9600000381469727, 0.95999997854232788, 7.0399999618530273, 3.0399999618530273 ], "texture": "#particle" }
    }
},
{
    "__comment": "Voxels-672B0E",
    "from": [ 9.25, 8.25, 9 ],
    "to": [ 14.75, 8.5, 9.75 ],
    "faces": {
        "north": { "uv": [ 4.9600000381469727, 0.95999997854232788, 7.0399999618530273, 3.0399999618530273 ], "texture": "#particle" },
        "south": { "uv": [ 4.9600000381469727, 0.95999997854232788, 7.0399999618530273, 3.0399999618530273 ], "texture": "#particle" }
    }
},
{
    "__comment": "Voxels-672B0E",
    "from": [ 9.25, 8.5, 8.5 ],
    "to": [ 9.75, 8.75, 8.75 ],
    "faces": {
        "up":    { "uv": [ 4.9600000381469727, 0.95999997854232788, 7.0399999618530273, 3.0399999618530273 ], "texture": "#particle" },
        "north": { "uv": [ 4.9600000381469727, 0.95999997854232788, 7.0399999618530273, 3.0399999618530273 ], "texture": "#particle" },
        "west":  { "uv": [ 4.9600000381469727, 0.95999997854232788, 7.0399999618530273, 3.0399999618530273 ], "texture": "#particle" }
    }
},
{
    "__comment": "Voxels-323232",
    "from": [ 9.25, 9, 9 ],
    "to": [ 19.5, 9.25, 9.75 ],
    "faces": {
        "down":  { "uv": [ 8.96, 0.96, 11.04, 3.04 ], "texture": "#particle", "cullface": "east" },
        "up":    { "uv": [ 8.9600000381469727, 0.95999997854232788, 11.039999961853027, 3.0399999618530273 ], "texture": "#particle", "cullface": "east" },
        "north": { "uv": [ 8.9600000381469727, 0.95999997854232788, 11.039999961853027, 3.0399999618530273 ], "texture": "#particle", "cullface": "east" },
        "south": { "uv": [ 8.9600000381469727, 0.95999997854232788, 11.039999961853027, 3.0399999618530273 ], "texture": "#particle", "cullface": "east" },
        "east":  { "uv": [ 8.9600000381469727, 0.95999997854232788, 11.039999961853027, 3.0399999618530273 ], "texture": "#particle", "cullface": "east" }
    }
},
{
    "__comment": "Voxels-733212",
    "from": [ 9.75, 8.5, 8.5 ],
    "to": [ 10, 8.75, 8.75 ],
    "faces": {
        "up":    { "uv": [ 0.95999997854232788, 4.9600000381469727, 3.0399999618530273, 7.0399999618530273 ], "texture": "#particle" },
        "north": { "uv": [ 0.95999997854232788, 4.9600000381469727, 3.0399999618530273, 7.0399999618530273 ], "texture": "#particle" }
    }
},
{
    "__comment": "Voxels-672B0E",
    "from": [ 10, 8.5, 8.5 ],
    "to": [ 14.75, 8.75, 8.75 ],
    "faces": {
        "down":  { "uv": [ 4.96, 0.96, 7.04, 3.04 ], "texture": "#particle" },
        "up":    { "uv": [ 4.9600000381469727, 0.95999997854232788, 7.0399999618530273, 3.0399999618530273 ], "texture": "#particle" },
        "north": { "uv": [ 4.9600000381469727, 0.95999997854232788, 7.0399999618530273, 3.0399999618530273 ], "texture": "#particle" },
        "south": { "uv": [ 4.9600000381469727, 0.95999997854232788, 7.0399999618530273, 3.0399999618530273 ], "texture": "#particle" },
        "east":  { "uv": [ 4.9600000381469727, 0.95999997854232788, 7.0399999618530273, 3.0399999618530273 ], "texture": "#particle" }
    }
},
{
    "__comment": "Voxels-672B0E",
    "from": [ 11, 8.5, 8.75 ],
    "to": [ 14.75, 8.75, 9 ],
    "faces": {
        "down":  { "uv": [ 4.96, 0.96, 7.04, 3.04 ], "texture": "#particle" }
    }
},
{
    "__comment": "Voxels-672B0E",
    "from": [ 11, 8.5, 9.75 ],
    "to": [ 14.75, 8.75, 10 ],
    "faces": {
        "down":  { "uv": [ 4.96, 0.96, 7.04, 3.04 ], "texture": "#particle" },
        "south": { "uv": [ 4.9600000381469727, 0.95999997854232788, 7.0399999618530273, 3.0399999618530273 ], "texture": "#particle" }
    }
},
{
    "__comment": "Voxels-323232",
    "from": [ 11, 8.75, 8.75 ],
    "to": [ 19.5, 9, 9 ],
    "faces": {
        "down":  { "uv": [ 8.96, 0.96, 11.04, 3.04 ], "texture": "#particle", "cullface": "east" },
        "up":    { "uv": [ 8.9600000381469727, 0.95999997854232788, 11.039999961853027, 3.0399999618530273 ], "texture": "#particle", "cullface": "east" },
        "north": { "uv": [ 8.9600000381469727, 0.95999997854232788, 11.039999961853027, 3.0399999618530273 ], "texture": "#particle", "cullface": "east" },
        "south": { "uv": [ 8.9600000381469727, 0.95999997854232788, 11.039999961853027, 3.0399999618530273 ], "texture": "#particle", "cullface": "east" },
        "east":  { "uv": [ 8.9600000381469727, 0.95999997854232788, 11.039999961853027, 3.0399999618530273 ], "texture": "#particle", "cullface": "east" }
    }
},
{
    "__comment": "Voxels-672B0E",
    "from": [ 12, 8.25, 8.75 ],
    "to": [ 14.75, 8.5, 9 ],
    "faces": {
        "down":  { "uv": [ 4.96, 0.96, 7.04, 3.04 ], "texture": "#particle" },
        "north": { "uv": [ 4.9600000381469727, 0.95999997854232788, 7.0399999618530273, 3.0399999618530273 ], "texture": "#particle" },
        "east":  { "uv": [ 4.9600000381469727, 0.95999997854232788, 7.0399999618530273, 3.0399999618530273 ], "texture": "#particle" }
    }
},
{
    "__comment": "Voxels-672B0E",
    "from": [ 12.25, 8, 8.75 ],
    "to": [ 14.75, 8.25, 9 ],
    "faces": {
        "down":  { "uv": [ 4.96, 0.96, 7.04, 3.04 ], "texture": "#particle" },
        "north": { "uv": [ 4.9600000381469727, 0.95999997854232788, 7.0399999618530273, 3.0399999618530273 ], "texture": "#particle" },
        "west":  { "uv": [ 4.9600000381469727, 0.95999997854232788, 7.0399999618530273, 3.0399999618530273 ], "texture": "#particle" },
        "east":  { "uv": [ 4.9600000381469727, 0.95999997854232788, 7.0399999618530273, 3.0399999618530273 ], "texture": "#particle" }
    }
},
{
    "__comment": "Voxels-A57D5E",
    "from": [ 13.25, 7.25, 8.75 ],
    "to": [ 13.75, 7.5, 9 ],
    "faces": {
        "down":  { "uv": [ 4.96, 4.96, 7.04, 7.04 ], "texture": "#particle" },
        "north": { "uv": [ 4.9600000381469727, 4.9600000381469727, 7.0399999618530273, 7.0399999618530273 ], "texture": "#particle" },
        "south": { "uv": [ 4.9600000381469727, 4.9600000381469727, 7.0399999618530273, 7.0399999618530273 ], "texture": "#particle" },
        "west":  { "uv": [ 4.9600000381469727, 4.9600000381469727, 7.0399999618530273, 7.0399999618530273 ], "texture": "#particle" }
    }
},
{
    "__comment": "Voxels-A57D5E",
    "from": [ 13.25, 7.25, 9 ],
    "to": [ 13.5, 7.5, 10 ],
    "faces": {
        "down":  { "uv": [ 4.96, 4.96, 7.04, 7.04 ], "texture": "#particle" },
        "up":    { "uv": [ 4.9600000381469727, 4.9600000381469727, 7.0399999618530273, 7.0399999618530273 ], "texture": "#particle" },
        "south": { "uv": [ 4.9600000381469727, 4.9600000381469727, 7.0399999618530273, 7.0399999618530273 ], "texture": "#particle" },
        "west":  { "uv": [ 4.9600000381469727, 4.9600000381469727, 7.0399999618530273, 7.0399999618530273 ], "texture": "#particle" },
        "east":  { "uv": [ 4.9600000381469727, 4.9600000381469727, 7.0399999618530273, 7.0399999618530273 ], "texture": "#particle" }
    }
},
{
    "__comment": "Voxels-A57D5E",
    "from": [ 13.25, 7.5, 8.5 ],
    "to": [ 13.75, 7.75, 8.75 ],
    "faces": {
        "down":  { "uv": [ 4.96, 4.96, 7.04, 7.04 ], "texture": "#particle" },
        "north": { "uv": [ 4.9600000381469727, 4.9600000381469727, 7.0399999618530273, 7.0399999618530273 ], "texture": "#particle" },
        "west":  { "uv": [ 4.9600000381469727, 4.9600000381469727, 7.0399999618530273, 7.0399999618530273 ], "texture": "#particle" }
    }
},
{
    "__comment": "Voxels-A57D5E",
    "from": [ 13.25, 7.5, 10 ],
    "to": [ 13.5, 7.75, 10.25 ],
    "faces": {
        "down":  { "uv": [ 4.96, 4.96, 7.04, 7.04 ], "texture": "#particle" },
        "south": { "uv": [ 4.9600000381469727, 4.9600000381469727, 7.0399999618530273, 7.0399999618530273 ], "texture": "#particle" },
        "west":  { "uv": [ 4.9600000381469727, 4.9600000381469727, 7.0399999618530273, 7.0399999618530273 ], "texture": "#particle" }
    }
},
{
    "__comment": "Voxels-A57D5E",
    "from": [ 13.25, 7.75, 8.25 ],
    "to": [ 13.5, 8.75, 8.5 ],
    "faces": {
        "down":  { "uv": [ 4.96, 4.96, 7.04, 7.04 ], "texture": "#particle" },
        "up":    { "uv": [ 4.9600000381469727, 4.9600000381469727, 7.0399999618530273, 7.0399999618530273 ], "texture": "#particle" },
        "north": { "uv": [ 4.9600000381469727, 4.9600000381469727, 7.0399999618530273, 7.0399999618530273 ], "texture": "#particle" },
        "south": { "uv": [ 4.9600000381469727, 4.9600000381469727, 7.0399999618530273, 7.0399999618530273 ], "texture": "#particle" },
        "west":  { "uv": [ 4.9600000381469727, 4.9600000381469727, 7.0399999618530273, 7.0399999618530273 ], "texture": "#particle" }
    }
},
{
    "__comment": "Voxels-A57D5E",
    "from": [ 13.25, 7.75, 10.25 ],
    "to": [ 13.5, 8.5, 10.5 ],
    "faces": {
        "down":  { "uv": [ 4.96, 4.96, 7.04, 7.04 ], "texture": "#particle" },
        "south": { "uv": [ 4.9600000381469727, 4.9600000381469727, 7.0399999618530273, 7.0399999618530273 ], "texture": "#particle" },
        "west":  { "uv": [ 4.9600000381469727, 4.9600000381469727, 7.0399999618530273, 7.0399999618530273 ], "texture": "#particle" }
    }
},
{
    "__comment": "Voxels-8E694C",
    "from": [ 13.25, 8.5, 10.25 ],
    "to": [ 13.75, 8.75, 10.5 ],
    "faces": {
        "down":  { "uv": [ 8.96, 4.96, 11.04, 7.04 ], "texture": "#particle" },
        "up":    { "uv": [ 8.9600000381469727, 4.9600000381469727, 11.039999961853027, 7.0399999618530273 ], "texture": "#particle" },
        "south": { "uv": [ 8.9600000381469727, 4.9600000381469727, 11.039999961853027, 7.0399999618530273 ], "texture": "#particle" },
        "west":  { "uv": [ 8.9600000381469727, 4.9600000381469727, 11.039999961853027, 7.0399999618530273 ], "texture": "#particle" }
    }
},
{
    "__comment": "Voxels-A57D5E",
    "from": [ 13.25, 8.75, 8.5 ],
    "to": [ 13.5, 9, 8.75 ],
    "faces": {
        "up":    { "uv": [ 4.9600000381469727, 4.9600000381469727, 7.0399999618530273, 7.0399999618530273 ], "texture": "#particle" },
        "north": { "uv": [ 4.9600000381469727, 4.9600000381469727, 7.0399999618530273, 7.0399999618530273 ], "texture": "#particle" },
        "west":  { "uv": [ 4.9600000381469727, 4.9600000381469727, 7.0399999618530273, 7.0399999618530273 ], "texture": "#particle" }
    }
},
{
    "__comment": "Voxels-8E694C",
    "from": [ 13.25, 8.75, 10 ],
    "to": [ 13.5, 9, 10.25 ],
    "faces": {
        "up":    { "uv": [ 8.9600000381469727, 4.9600000381469727, 11.039999961853027, 7.0399999618530273 ], "texture": "#particle" },
        "south": { "uv": [ 8.9600000381469727, 4.9600000381469727, 11.039999961853027, 7.0399999618530273 ], "texture": "#particle" },
        "west":  { "uv": [ 8.9600000381469727, 4.9600000381469727, 11.039999961853027, 7.0399999618530273 ], "texture": "#particle" }
    }
},
{
    "__comment": "Voxels-A57D5E",
    "from": [ 13.25, 9, 8.75 ],
    "to": [ 13.5, 9.25, 9 ],
    "faces": {
        "up":    { "uv": [ 4.9600000381469727, 4.9600000381469727, 7.0399999618530273, 7.0399999618530273 ], "texture": "#particle" },
        "north": { "uv": [ 4.9600000381469727, 4.9600000381469727, 7.0399999618530273, 7.0399999618530273 ], "texture": "#particle" },
        "west":  { "uv": [ 4.9600000381469727, 4.9600000381469727, 7.0399999618530273, 7.0399999618530273 ], "texture": "#particle" }
    }
},
{
    "__comment": "Voxels-8E694C",
    "from": [ 13.25, 9, 9.75 ],
    "to": [ 13.75, 9.25, 10 ],
    "faces": {
        "up":    { "uv": [ 8.9600000381469727, 4.9600000381469727, 11.039999961853027, 7.0399999618530273 ], "texture": "#particle" },
        "south": { "uv": [ 8.9600000381469727, 4.9600000381469727, 11.039999961853027, 7.0399999618530273 ], "texture": "#particle" },
        "west":  { "uv": [ 8.9600000381469727, 4.9600000381469727, 11.039999961853027, 7.0399999618530273 ], "texture": "#particle" }
    }
},
{
    "__comment": "Voxels-A57D5E",
    "from": [ 13.25, 9.25, 9 ],
    "to": [ 13.5, 9.5, 9.75 ],
    "faces": {
        "up":    { "uv": [ 4.9600000381469727, 4.9600000381469727, 7.0399999618530273, 7.0399999618530273 ], "texture": "#particle" },
        "north": { "uv": [ 4.9600000381469727, 4.9600000381469727, 7.0399999618530273, 7.0399999618530273 ], "texture": "#particle" },
        "south": { "uv": [ 4.9600000381469727, 4.9600000381469727, 7.0399999618530273, 7.0399999618530273 ], "texture": "#particle" },
        "west":  { "uv": [ 4.9600000381469727, 4.9600000381469727, 7.0399999618530273, 7.0399999618530273 ], "texture": "#particle" },
        "east":  { "uv": [ 4.9600000381469727, 4.9600000381469727, 7.0399999618530273, 7.0399999618530273 ], "texture": "#particle" }
    }
},
{
    "__comment": "Voxels-8E694C",
    "from": [ 13.5, 7.25, 9 ],
    "to": [ 14, 7.5, 9.25 ],
    "faces": {
        "down":  { "uv": [ 8.96, 4.96, 11.04, 7.04 ], "texture": "#particle" },
        "north": { "uv": [ 8.9600000381469727, 4.9600000381469727, 11.039999961853027, 7.0399999618530273 ], "texture": "#particle" },
        "south": { "uv": [ 8.9600000381469727, 4.9600000381469727, 11.039999961853027, 7.0399999618530273 ], "texture": "#particle" },
        "east":  { "uv": [ 8.9600000381469727, 4.9600000381469727, 11.039999961853027, 7.0399999618530273 ], "texture": "#particle" }
    }
},
{
    "__comment": "Voxels-8E694C",
    "from": [ 13.5, 7.25, 9.25 ],
    "to": [ 13.75, 7.5, 10 ],
    "faces": {
        "down":  { "uv": [ 8.96, 4.96, 11.04, 7.04 ], "texture": "#particle" },
        "up":    { "uv": [ 8.9600000381469727, 4.9600000381469727, 11.039999961853027, 7.0399999618530273 ], "texture": "#particle" },
        "south": { "uv": [ 8.9600000381469727, 4.9600000381469727, 11.039999961853027, 7.0399999618530273 ], "texture": "#particle" },
        "east":  { "uv": [ 8.9600000381469727, 4.9600000381469727, 11.039999961853027, 7.0399999618530273 ], "texture": "#particle" }
    }
},
{
    "__comment": "Voxels-8E694C",
    "from": [ 13.5, 7.5, 10 ],
    "to": [ 14, 7.75, 10.25 ],
    "faces": {
        "down":  { "uv": [ 8.96, 4.96, 11.04, 7.04 ], "texture": "#particle" },
        "south": { "uv": [ 8.9600000381469727, 4.9600000381469727, 11.039999961853027, 7.0399999618530273 ], "texture": "#particle" },
        "east":  { "uv": [ 8.9600000381469727, 4.9600000381469727, 11.039999961853027, 7.0399999618530273 ], "texture": "#particle" }
    }
},
{
    "__comment": "Voxels-8E694C",
    "from": [ 13.5, 7.75, 8.25 ],
    "to": [ 13.75, 8.75, 8.5 ],
    "faces": {
        "down":  { "uv": [ 8.96, 4.96, 11.04, 7.04 ], "texture": "#particle" },
        "up":    { "uv": [ 8.9600000381469727, 4.9600000381469727, 11.039999961853027, 7.0399999618530273 ], "texture": "#particle" },
        "north": { "uv": [ 8.9600000381469727, 4.9600000381469727, 11.039999961853027, 7.0399999618530273 ], "texture": "#particle" },
        "south": { "uv": [ 8.9600000381469727, 4.9600000381469727, 11.039999961853027, 7.0399999618530273 ], "texture": "#particle" }
    }
},
{
    "__comment": "Voxels-8E694C",
    "from": [ 13.5, 7.75, 10.25 ],
    "to": [ 13.75, 8.5, 10.5 ],
    "faces": {
        "down":  { "uv": [ 8.96, 4.96, 11.04, 7.04 ], "texture": "#particle" },
        "south": { "uv": [ 8.9600000381469727, 4.9600000381469727, 11.039999961853027, 7.0399999618530273 ], "texture": "#particle" }
    }
},
{
    "__comment": "Voxels-8E694C",
    "from": [ 13.5, 8.75, 8.5 ],
    "to": [ 13.75, 9, 8.75 ],
    "faces": {
        "up":    { "uv": [ 8.9600000381469727, 4.9600000381469727, 11.039999961853027, 7.0399999618530273 ], "texture": "#particle" },
        "north": { "uv": [ 8.9600000381469727, 4.9600000381469727, 11.039999961853027, 7.0399999618530273 ], "texture": "#particle" }
    }
},
{
    "__comment": "Voxels-A57D5E",
    "from": [ 13.5, 8.75, 10 ],
    "to": [ 14, 9, 10.25 ],
    "faces": {
        "up":    { "uv": [ 4.9600000381469727, 4.9600000381469727, 7.0399999618530273, 7.0399999618530273 ], "texture": "#particle" },
        "south": { "uv": [ 4.9600000381469727, 4.9600000381469727, 7.0399999618530273, 7.0399999618530273 ], "texture": "#particle" },
        "east":  { "uv": [ 4.9600000381469727, 4.9600000381469727, 7.0399999618530273, 7.0399999618530273 ], "texture": "#particle" }
    }
},
{
    "__comment": "Voxels-8E694C",
    "from": [ 13.5, 9, 8.75 ],
    "to": [ 13.75, 9.25, 9 ],
    "faces": {
        "up":    { "uv": [ 8.9600000381469727, 4.9600000381469727, 11.039999961853027, 7.0399999618530273 ], "texture": "#particle" },
        "north": { "uv": [ 8.9600000381469727, 4.9600000381469727, 11.039999961853027, 7.0399999618530273 ], "texture": "#particle" }
    }
},
{
    "__comment": "Voxels-8E694C",
    "from": [ 13.5, 9.25, 9 ],
    "to": [ 14, 9.5, 9.25 ],
    "faces": {
        "up":    { "uv": [ 8.9600000381469727, 4.9600000381469727, 11.039999961853027, 7.0399999618530273 ], "texture": "#particle" },
        "north": { "uv": [ 8.9600000381469727, 4.9600000381469727, 11.039999961853027, 7.0399999618530273 ], "texture": "#particle" },
        "east":  { "uv": [ 8.9600000381469727, 4.9600000381469727, 11.039999961853027, 7.0399999618530273 ], "texture": "#particle" }
    }
},
{
    "__comment": "Voxels-A57D5E",
    "from": [ 13.5, 9.25, 9.25 ],
    "to": [ 14, 9.5, 9.5 ],
    "faces": {
        "up":    { "uv": [ 4.9600000381469727, 4.9600000381469727, 7.0399999618530273, 7.0399999618530273 ], "texture": "#particle" },
        "south": { "uv": [ 4.9600000381469727, 4.9600000381469727, 7.0399999618530273, 7.0399999618530273 ], "texture": "#particle" },
        "east":  { "uv": [ 4.9600000381469727, 4.9600000381469727, 7.0399999618530273, 7.0399999618530273 ], "texture": "#particle" }
    }
},
{
    "__comment": "Voxels-8E694C",
    "from": [ 13.5, 9.25, 9.5 ],
    "to": [ 13.75, 9.5, 9.75 ],
    "faces": {
        "up":    { "uv": [ 8.9600000381469727, 4.9600000381469727, 11.039999961853027, 7.0399999618530273 ], "texture": "#particle" },
        "south": { "uv": [ 8.9600000381469727, 4.9600000381469727, 11.039999961853027, 7.0399999618530273 ], "texture": "#particle" }
    }
},
{
    "__comment": "Voxels-8E694C",
    "from": [ 13.75, 7.25, 8.75 ],
    "to": [ 14, 7.5, 9 ],
    "faces": {
        "down":  { "uv": [ 8.96, 4.96, 11.04, 7.04 ], "texture": "#particle" },
        "north": { "uv": [ 8.9600000381469727, 4.9600000381469727, 11.039999961853027, 7.0399999618530273 ], "texture": "#particle" },
        "east":  { "uv": [ 8.9600000381469727, 4.9600000381469727, 11.039999961853027, 7.0399999618530273 ], "texture": "#particle" }
    }
},
{
    "__comment": "Voxels-A57D5E",
    "from": [ 13.75, 7.25, 9.25 ],
    "to": [ 14, 7.5, 9.75 ],
    "faces": {
        "down":  { "uv": [ 4.96, 4.96, 7.04, 7.04 ], "texture": "#particle" },
        "east":  { "uv": [ 4.9600000381469727, 4.9600000381469727, 7.0399999618530273, 7.0399999618530273 ], "texture": "#particle" }
    }
},
{
    "__comment": "Voxels-8E694C",
    "from": [ 13.75, 7.25, 9.75 ],
    "to": [ 14, 7.5, 10 ],
    "faces": {
        "down":  { "uv": [ 8.96, 4.96, 11.04, 7.04 ], "texture": "#particle" },
        "south": { "uv": [ 8.9600000381469727, 4.9600000381469727, 11.039999961853027, 7.0399999618530273 ], "texture": "#particle" },
        "east":  { "uv": [ 8.9600000381469727, 4.9600000381469727, 11.039999961853027, 7.0399999618530273 ], "texture": "#particle" }
    }
},
{
    "__comment": "Voxels-8E694C",
    "from": [ 13.75, 7.5, 8.5 ],
    "to": [ 14, 7.75, 8.75 ],
    "faces": {
        "down":  { "uv": [ 8.96, 4.96, 11.04, 7.04 ], "texture": "#particle" },
        "north": { "uv": [ 8.9600000381469727, 4.9600000381469727, 11.039999961853027, 7.0399999618530273 ], "texture": "#particle" },
        "east":  { "uv": [ 8.9600000381469727, 4.9600000381469727, 11.039999961853027, 7.0399999618530273 ], "texture": "#particle" }
    }
},
{
    "__comment": "Voxels-A57D5E",
    "from": [ 13.75, 7.75, 8.25 ],
    "to": [ 14, 8.75, 8.5 ],
    "faces": {
        "down":  { "uv": [ 4.96, 4.96, 7.04, 7.04 ], "texture": "#particle" },
        "up":    { "uv": [ 4.9600000381469727, 4.9600000381469727, 7.0399999618530273, 7.0399999618530273 ], "texture": "#particle" },
        "north": { "uv": [ 4.9600000381469727, 4.9600000381469727, 7.0399999618530273, 7.0399999618530273 ], "texture": "#particle" },
        "south": { "uv": [ 4.9600000381469727, 4.9600000381469727, 7.0399999618530273, 7.0399999618530273 ], "texture": "#particle" },
        "east":  { "uv": [ 4.9600000381469727, 4.9600000381469727, 7.0399999618530273, 7.0399999618530273 ], "texture": "#particle" }
    }
},
{
    "__comment": "Voxels-A57D5E",
    "from": [ 13.75, 7.75, 10.25 ],
    "to": [ 14, 8.75, 10.5 ],
    "faces": {
        "down":  { "uv": [ 4.96, 4.96, 7.04, 7.04 ], "texture": "#particle" },
        "up":    { "uv": [ 4.9600000381469727, 4.9600000381469727, 7.0399999618530273, 7.0399999618530273 ], "texture": "#particle" },
        "south": { "uv": [ 4.9600000381469727, 4.9600000381469727, 7.0399999618530273, 7.0399999618530273 ], "texture": "#particle" },
        "west":  { "uv": [ 4.9600000381469727, 4.9600000381469727, 7.0399999618530273, 7.0399999618530273 ], "texture": "#particle" },
        "east":  { "uv": [ 4.9600000381469727, 4.9600000381469727, 7.0399999618530273, 7.0399999618530273 ], "texture": "#particle" }
    }
},
{
    "__comment": "Voxels-A57D5E",
    "from": [ 13.75, 8.75, 8.5 ],
    "to": [ 14, 9, 8.75 ],
    "faces": {
        "up":    { "uv": [ 4.9600000381469727, 4.9600000381469727, 7.0399999618530273, 7.0399999618530273 ], "texture": "#particle" },
        "north": { "uv": [ 4.9600000381469727, 4.9600000381469727, 7.0399999618530273, 7.0399999618530273 ], "texture": "#particle" },
        "east":  { "uv": [ 4.9600000381469727, 4.9600000381469727, 7.0399999618530273, 7.0399999618530273 ], "texture": "#particle" }
    }
},
{
    "__comment": "Voxels-A57D5E",
    "from": [ 13.75, 9, 8.75 ],
    "to": [ 14, 9.25, 9 ],
    "faces": {
        "up":    { "uv": [ 4.9600000381469727, 4.9600000381469727, 7.0399999618530273, 7.0399999618530273 ], "texture": "#particle" },
        "north": { "uv": [ 4.9600000381469727, 4.9600000381469727, 7.0399999618530273, 7.0399999618530273 ], "texture": "#particle" },
        "east":  { "uv": [ 4.9600000381469727, 4.9600000381469727, 7.0399999618530273, 7.0399999618530273 ], "texture": "#particle" }
    }
},
{
    "__comment": "Voxels-A57D5E",
    "from": [ 13.75, 9, 9.75 ],
    "to": [ 14, 9.25, 10 ],
    "faces": {
        "up":    { "uv": [ 4.9600000381469727, 4.9600000381469727, 7.0399999618530273, 7.0399999618530273 ], "texture": "#particle" },
        "south": { "uv": [ 4.9600000381469727, 4.9600000381469727, 7.0399999618530273, 7.0399999618530273 ], "texture": "#particle" },
        "east":  { "uv": [ 4.9600000381469727, 4.9600000381469727, 7.0399999618530273, 7.0399999618530273 ], "texture": "#particle" }
    }
},
{
    "__comment": "Voxels-A57D5E",
    "from": [ 13.75, 9.25, 9.5 ],
    "to": [ 14, 9.5, 9.75 ],
    "faces": {
        "up":    { "uv": [ 4.9600000381469727, 4.9600000381469727, 7.0399999618530273, 7.0399999618530273 ], "texture": "#particle" },
        "south": { "uv": [ 4.9600000381469727, 4.9600000381469727, 7.0399999618530273, 7.0399999618530273 ], "texture": "#particle" },
        "east":  { "uv": [ 4.9600000381469727, 4.9600000381469727, 7.0399999618530273, 7.0399999618530273 ], "texture": "#particle" }
    }
},
{
    "__comment": "Voxels-672B0E",
    "from": [ 14.25, 7.75, 8.75 ],
    "to": [ 14.5, 8, 9 ],
    "faces": {
        "down":  { "uv": [ 4.96, 0.96, 7.04, 3.04 ], "texture": "#particle" },
        "north": { "uv": [ 4.9600000381469727, 0.95999997854232788, 7.0399999618530273, 3.0399999618530273 ], "texture": "#particle" },
        "east":  { "uv": [ 4.9600000381469727, 0.95999997854232788, 7.0399999618530273, 3.0399999618530273 ], "texture": "#particle" }
    }
},
{
    "__comment": "Voxels-672B0E",
    "from": [ 14.25, 7.75, 9.75 ],
    "to": [ 14.5, 8.5, 10 ],
    "faces": {
        "down":  { "uv": [ 4.96, 0.96, 7.04, 3.04 ], "texture": "#particle" },
        "north": { "uv": [ 4.9600000381469727, 0.95999997854232788, 7.0399999618530273, 3.0399999618530273 ], "texture": "#particle" },
        "south": { "uv": [ 4.9600000381469727, 0.95999997854232788, 7.0399999618530273, 3.0399999618530273 ], "texture": "#particle" },
        "east":  { "uv": [ 4.9600000381469727, 0.95999997854232788, 7.0399999618530273, 3.0399999618530273 ], "texture": "#particle" }
    }
},
{
    "__comment": "Voxels-672B0E",
    "from": [ 14.25, 8, 8.5 ],
    "to": [ 14.5, 8.5, 8.75 ],
    "faces": {
        "down":  { "uv": [ 4.96, 0.96, 7.04, 3.04 ], "texture": "#particle" },
        "north": { "uv": [ 4.9600000381469727, 0.95999997854232788, 7.0399999618530273, 3.0399999618530273 ], "texture": "#particle" },
        "south": { "uv": [ 4.9600000381469727, 0.95999997854232788, 7.0399999618530273, 3.0399999618530273 ], "texture": "#particle" },
        "east":  { "uv": [ 4.9600000381469727, 0.95999997854232788, 7.0399999618530273, 3.0399999618530273 ], "texture": "#particle" }
    }
},
{
    "__comment": "Voxels-672B0E",
    "from": [ 14.25, 8, 10 ],
    "to": [ 14.5, 8.75, 10.25 ],
    "faces": {
        "down":  { "uv": [ 4.96, 0.96, 7.04, 3.04 ], "texture": "#particle" },
        "up":    { "uv": [ 4.9600000381469727, 0.95999997854232788, 7.0399999618530273, 3.0399999618530273 ], "texture": "#particle" },
        "north": { "uv": [ 4.9600000381469727, 0.95999997854232788, 7.0399999618530273, 3.0399999618530273 ], "texture": "#particle" },
        "south": { "uv": [ 4.9600000381469727, 0.95999997854232788, 7.0399999618530273, 3.0399999618530273 ], "texture": "#particle" },
        "east":  { "uv": [ 4.9600000381469727, 0.95999997854232788, 7.0399999618530273, 3.0399999618530273 ], "texture": "#particle" }
    }
},
{
    "__comment": "Voxels-672B0E",
    "from": [ 14.5, 8, 9.75 ],
    "to": [ 14.75, 8.5, 10 ],
    "faces": {
        "down":  { "uv": [ 4.96, 0.96, 7.04, 3.04 ], "texture": "#particle" },
        "north": { "uv": [ 4.9600000381469727, 0.95999997854232788, 7.0399999618530273, 3.0399999618530273 ], "texture": "#particle" },
        "south": { "uv": [ 4.9600000381469727, 0.95999997854232788, 7.0399999618530273, 3.0399999618530273 ], "texture": "#particle" },
        "east":  { "uv": [ 4.9600000381469727, 0.95999997854232788, 7.0399999618530273, 3.0399999618530273 ], "texture": "#particle" }
    }
},
{
    "__comment": "Voxels-672B0E",
    "from": [ 14.5, 8.25, 8.5 ],
    "to": [ 14.75, 8.5, 8.75 ],
    "faces": {
        "down":  { "uv": [ 4.96, 0.96, 7.04, 3.04 ], "texture": "#particle" },
        "north": { "uv": [ 4.9600000381469727, 0.95999997854232788, 7.0399999618530273, 3.0399999618530273 ], "texture": "#particle" },
        "east":  { "uv": [ 4.9600000381469727, 0.95999997854232788, 7.0399999618530273, 3.0399999618530273 ], "texture": "#particle" }
    }
},
{
    "__comment": "Voxels-672B0E",
    "from": [ 14.5, 8.25, 10 ],
    "to": [ 14.75, 8.75, 10.25 ],
    "faces": {
        "down":  { "uv": [ 4.96, 0.96, 7.04, 3.04 ], "texture": "#particle" },
        "up":    { "uv": [ 4.9600000381469727, 0.95999997854232788, 7.0399999618530273, 3.0399999618530273 ], "texture": "#particle" },
        "north": { "uv": [ 4.9600000381469727, 0.95999997854232788, 7.0399999618530273, 3.0399999618530273 ], "texture": "#particle" },
        "south": { "uv": [ 4.9600000381469727, 0.95999997854232788, 7.0399999618530273, 3.0399999618530273 ], "texture": "#particle" },
        "east":  { "uv": [ 4.9600000381469727, 0.95999997854232788, 7.0399999618530273, 3.0399999618530273 ], "texture": "#particle" }
    }
},
{
    "__comment": "Voxels-323232",
    "from": [ 14.75, 8.25, 9 ],
    "to": [ 19.5, 8.5, 9.75 ],
    "faces": {
        "down":  { "uv": [ 8.96, 0.96, 11.04, 3.04 ], "texture": "#particle", "cullface": "east" },
        "up":    { "uv": [ 8.9600000381469727, 0.95999997854232788, 11.039999961853027, 3.0399999618530273 ], "texture": "#particle", "cullface": "east" },
        "north": { "uv": [ 8.9600000381469727, 0.95999997854232788, 11.039999961853027, 3.0399999618530273 ], "texture": "#particle", "cullface": "east" },
        "south": { "uv": [ 8.9600000381469727, 0.95999997854232788, 11.039999961853027, 3.0399999618530273 ], "texture": "#particle", "cullface": "east" },
        "east":  { "uv": [ 8.9600000381469727, 0.95999997854232788, 11.039999961853027, 3.0399999618530273 ], "texture": "#particle", "cullface": "east" }
    }
},
{
    "__comment": "Voxels-323232",
    "from": [ 14.75, 8.5, 8.75 ],
    "to": [ 19.5, 8.75, 9 ],
    "faces": {
        "down":  { "uv": [ 8.96, 0.96, 11.04, 3.04 ], "texture": "#particle", "cullface": "east" },
        "north": { "uv": [ 8.9600000381469727, 0.95999997854232788, 11.039999961853027, 3.0399999618530273 ], "texture": "#particle", "cullface": "east" },
        "south": { "uv": [ 8.9600000381469727, 0.95999997854232788, 11.039999961853027, 3.0399999618530273 ], "texture": "#particle", "cullface": "east" },
        "east":  { "uv": [ 8.9600000381469727, 0.95999997854232788, 11.039999961853027, 3.0399999618530273 ], "texture": "#particle", "cullface": "east" }
    }
},
{
    "__comment": "Voxels-323232",
    "from": [ 14.75, 8.5, 9.75 ],
    "to": [ 19.5, 8.75, 10 ],
    "faces": {
        "down":  { "uv": [ 8.96, 0.96, 11.04, 3.04 ], "texture": "#particle", "cullface": "east" },
        "up":    { "uv": [ 8.9600000381469727, 0.95999997854232788, 11.039999961853027, 3.0399999618530273 ], "texture": "#particle", "cullface": "east" },
        "north": { "uv": [ 8.9600000381469727, 0.95999997854232788, 11.039999961853027, 3.0399999618530273 ], "texture": "#particle", "cullface": "east" },
        "south": { "uv": [ 8.9600000381469727, 0.95999997854232788, 11.039999961853027, 3.0399999618530273 ], "texture": "#particle", "cullface": "east" },
        "east":  { "uv": [ 8.9600000381469727, 0.95999997854232788, 11.039999961853027, 3.0399999618530273 ], "texture": "#particle", "cullface": "east" }
    }
},
{
    "__comment": "Voxels-000000",
    "from": [ 16, 8.5, 9 ],
    "to": [ 16.25, 9, 9.75 ],
    "faces": {
        "north": { "uv": [ 12.960000038146973, 4.9600000381469727, 15.039999961853027, 7.0399999618530273 ], "texture": "#particle", "cullface": "east" },
        "south": { "uv": [ 12.960000038146973, 4.9600000381469727, 15.039999961853027, 7.0399999618530273 ], "texture": "#particle", "cullface": "east" },
        "west":  { "uv": [ 12.960000038146973, 4.9600000381469727, 15.039999961853027, 7.0399999618530273 ], "texture": "#particle", "cullface": "east" },
        "east":  { "uv": [ 12.960000038146973, 4.9600000381469727, 15.039999961853027, 7.0399999618530273 ], "texture": "#particle", "cullface": "east" }
    }
},
{
    "__comment": "Voxels-323232",
    "from": [ 16, 8.75, 9.75 ],
    "to": [ 19.5, 9, 10 ],
    "faces": {
        "up":    { "uv": [ 8.9600000381469727, 0.95999997854232788, 11.039999961853027, 3.0399999618530273 ], "texture": "#particle", "cullface": "east" },
        "north": { "uv": [ 8.9600000381469727, 0.95999997854232788, 11.039999961853027, 3.0399999618530273 ], "texture": "#particle", "cullface": "east" },
        "south": { "uv": [ 8.9600000381469727, 0.95999997854232788, 11.039999961853027, 3.0399999618530273 ], "texture": "#particle", "cullface": "east" },
        "east":  { "uv": [ 8.9600000381469727, 0.95999997854232788, 11.039999961853027, 3.0399999618530273 ], "texture": "#particle", "cullface": "east" }
    }
}
],
"display": {
    "thirdperson": {
        "rotation": [ -180, 91, -91 ],
        "translation": [ 0.7, 1.2, -2.4 ],
        "scale": [ 1.12, 1, 1 ]
    },
    "head": {
        "rotation": [ 0, 98, -34 ],
        "translation": [ -1.4, -15, -2.7 ],
        "scale": [ 0.63, 1.92, 2.05 ]
    },
    "ground": {
        "rotation": [ 0, 0, 0 ],
        "translation": [ 0, 0, 0 ],
        "scale": [ 4, 4, 4 ]
    },
    "firstperson": {
        "rotation": [ 0, 45, 0 ],
        "translation": [ -6.5, 6.4, -0.8 ],
        "scale": [ 2, 2, 2 ]
    },
    "gui": {
        "rotation": [ -30, 135, 41 ],
        "translation": [ 0, 0, 0 ],
        "scale": [ 1.51, 1.6, 1.6 ]
    }
}
}