{
"__comment": "Model generated using MrCrayfish's Model Creator (http://mrcrayfish.com/modelcreator/)",
"textures": {
    "0": "blocks/wool_colored_gray",
    "4": "blocks/hardened_clay_stained_green"
},
"elements": [ 
{
    "from": [ 6.75, 5.75, 2.75 ],
    "to": [ 7, 6.25, 3 ],
    "faces": {
        "down":  { "uv": [ 9.25, 3, 9, 2.75 ], "texture": "#0" },
        "up":    { "uv": [ 6.75, 2.75, 7, 3 ], "texture": "#0" },
        "north": { "uv": [ 9, 9.75, 9.25, 10.25 ], "texture": "#0" },
        "south": { "uv": [ 6.75, 9.75, 7, 10.25 ], "texture": "#0" },
        "west":  { "uv": [ 2.75, 9.75, 3, 10.25 ], "texture": "#0" },
        "east":  { "uv": [ 13, 9.75, 13.25, 10.25 ], "texture": "#0" }
    }
},
{
    "from": [ 6.875, 6.25, 2.75 ],
    "to": [ 7.25, 6.5, 3 ],
    "faces": {
        "down":  { "uv": [ 9.125, 3, 8.75, 2.75 ], "texture": "#0" },
        "up":    { "uv": [ 6.875, 2.75, 7.25, 3 ], "texture": "#0" },
        "north": { "uv": [ 8.75, 9.5, 9.125, 9.75 ], "texture": "#0" },
        "south": { "uv": [ 6.875, 9.5, 7.25, 9.75 ], "texture": "#0" },
        "west":  { "uv": [ 2.75, 9.5, 3, 9.75 ], "texture": "#0" },
        "east":  { "uv": [ 13, 9.5, 13.25, 9.75 ], "texture": "#0" }
    }
},
{
    "from": [ 7, 5.875, 2.75 ],
    "to": [ 7.125, 6.25, 3 ],
    "faces": {
        "down":  { "uv": [ 9, 3, 8.875, 2.75 ], "texture": "#0" },
        "up":    { "uv": [ 7, 2.75, 7.125, 3 ], "texture": "#0" },
        "north": { "uv": [ 8.875, 9.75, 9, 10.125 ], "texture": "#0" },
        "south": { "uv": [ 7, 9.75, 7.125, 10.125 ], "texture": "#0" },
        "west":  { "uv": [ 2.75, 9.75, 3, 10.125 ], "texture": "#0" },
        "east":  { "uv": [ 13, 9.75, 13.25, 10.125 ], "texture": "#0" }
    }
},
{
    "from": [ 7, 6.5, 2.75 ],
    "to": [ 7.375, 6.875, 3 ],
    "faces": {
        "down":  { "uv": [ 9, 3, 8.625, 2.75 ], "texture": "#0" },
        "up":    { "uv": [ 7, 2.75, 7.375, 3 ], "texture": "#0" },
        "north": { "uv": [ 8.625, 9.125, 9, 9.5 ], "texture": "#0" },
        "south": { "uv": [ 7, 9.125, 7.375, 9.5 ], "texture": "#0" },
        "west":  { "uv": [ 2.75, 9.125, 3, 9.5 ], "texture": "#0" },
        "east":  { "uv": [ 13, 9.125, 13.25, 9.5 ], "texture": "#0" }
    }
},
{
    "from": [ 7.125, 6.125, 2.75 ],
    "to": [ 7.25, 6.25, 3 ],
    "faces": {
        "down":  { "uv": [ 8.875, 3, 8.75, 2.75 ], "texture": "#0" },
        "up":    { "uv": [ 7.125, 2.75, 7.25, 3 ], "texture": "#0" },
        "north": { "uv": [ 8.75, 9.75, 8.875, 9.875 ], "texture": "#0" },
        "south": { "uv": [ 7.125, 9.75, 7.25, 9.875 ], "texture": "#0" },
        "west":  { "uv": [ 2.75, 9.75, 3, 9.875 ], "texture": "#0" },
        "east":  { "uv": [ 13, 9.75, 13.25, 9.875 ], "texture": "#0" }
    }
},
{
    "from": [ 7.125, 6.875, 2.75 ],
    "to": [ 7.5, 7.125, 3 ],
    "faces": {
        "down":  { "uv": [ 8.875, 3, 8.5, 2.75 ], "texture": "#0" },
        "up":    { "uv": [ 7.125, 2.75, 7.5, 3 ], "texture": "#0" },
        "north": { "uv": [ 8.5, 8.875, 8.875, 9.125 ], "texture": "#0" },
        "south": { "uv": [ 7.125, 8.875, 7.5, 9.125 ], "texture": "#0" },
        "west":  { "uv": [ 2.75, 8.875, 3, 9.125 ], "texture": "#0" },
        "east":  { "uv": [ 13, 8.875, 13.25, 9.125 ], "texture": "#0" }
    }
},
{
    "from": [ 7.25, 7.125, 2.75 ],
    "to": [ 7.625, 7.375, 3 ],
    "faces": {
        "down":  { "uv": [ 8.75, 3, 8.375, 2.75 ], "texture": "#0" },
        "up":    { "uv": [ 7.25, 2.75, 7.625, 3 ], "texture": "#0" },
        "north": { "uv": [ 8.375, 8.625, 8.75, 8.875 ], "texture": "#0" },
        "south": { "uv": [ 7.25, 8.625, 7.625, 8.875 ], "texture": "#0" },
        "west":  { "uv": [ 2.75, 8.625, 3, 8.875 ], "texture": "#0" },
        "east":  { "uv": [ 13, 8.625, 13.25, 8.875 ], "texture": "#0" }
    }
},
{
    "from": [ 7.375, 6.75, 2.75 ],
    "to": [ 7.5, 6.875, 3 ],
    "faces": {
        "down":  { "uv": [ 8.625, 3, 8.5, 2.75 ], "texture": "#0" },
        "up":    { "uv": [ 7.375, 2.75, 7.5, 3 ], "texture": "#0" },
        "north": { "uv": [ 8.5, 9.125, 8.625, 9.25 ], "texture": "#0" },
        "south": { "uv": [ 7.375, 9.125, 7.5, 9.25 ], "texture": "#0" },
        "west":  { "uv": [ 2.75, 9.125, 3, 9.25 ], "texture": "#0" },
        "east":  { "uv": [ 13, 9.125, 13.25, 9.25 ], "texture": "#0" }
    }
},
{
    "from": [ 7.375, 7.375, 2.75 ],
    "to": [ 7.75, 7.75, 3 ],
    "faces": {
        "down":  { "uv": [ 8.625, 3, 8.25, 2.75 ], "texture": "#0" },
        "up":    { "uv": [ 7.375, 2.75, 7.75, 3 ], "texture": "#0" },
        "north": { "uv": [ 8.25, 8.25, 8.625, 8.625 ], "texture": "#0" },
        "south": { "uv": [ 7.375, 8.25, 7.75, 8.625 ], "texture": "#0" },
        "west":  { "uv": [ 2.75, 8.25, 3, 8.625 ], "texture": "#0" },
        "east":  { "uv": [ 13, 8.25, 13.25, 8.625 ], "texture": "#0" }
    }
},
{
    "from": [ 7.5, 7, 2.75 ],
    "to": [ 7.625, 7.125, 3 ],
    "faces": {
        "down":  { "uv": [ 8.5, 3, 8.375, 2.75 ], "texture": "#0" },
        "up":    { "uv": [ 7.5, 2.75, 7.625, 3 ], "texture": "#0" },
        "north": { "uv": [ 8.375, 8.875, 8.5, 9 ], "texture": "#0" },
        "south": { "uv": [ 7.5, 8.875, 7.625, 9 ], "texture": "#0" },
        "west":  { "uv": [ 2.75, 8.875, 3, 9 ], "texture": "#0" },
        "east":  { "uv": [ 13, 8.875, 13.25, 9 ], "texture": "#0" }
    }
},
{
    "from": [ 7.5, 7.75, 2.75 ],
    "to": [ 7.875, 8, 3 ],
    "faces": {
        "down":  { "uv": [ 8.5, 3, 8.125, 2.75 ], "texture": "#0" },
        "up":    { "uv": [ 7.5, 2.75, 7.875, 3 ], "texture": "#0" },
        "north": { "uv": [ 8.125, 8, 8.5, 8.25 ], "texture": "#0" },
        "south": { "uv": [ 7.5, 8, 7.875, 8.25 ], "texture": "#0" },
        "west":  { "uv": [ 2.75, 8, 3, 8.25 ], "texture": "#0" },
        "east":  { "uv": [ 13, 8, 13.25, 8.25 ], "texture": "#0" }
    }
},
{
    "from": [ 6.75, 6.9375, 8 ],
    "to": [ 9.25, 8.9375, 9.5 ],
    "faces": {
        "down":  { "uv": [ 9.25, 9.5, 6.75, 8 ], "texture": "#4" },
        "up":    { "uv": [ 6.75, 8, 9.25, 9.5 ], "texture": "#4" },
        "north": { "uv": [ 6.75, 7, 9.25, 9 ], "texture": "#4" },
        "south": { "uv": [ 6.75, 7, 9.25, 9 ], "texture": "#4" },
        "west":  { "uv": [ 8, 7, 9.5, 9 ], "texture": "#4" },
        "east":  { "uv": [ 6.5, 7, 8, 9 ], "texture": "#4" }
    }
},
{
    "from": [ 7.625, 8, 2.75 ],
    "to": [ 8.375, 8.375, 3 ],
    "faces": {
        "down":  { "uv": [ 8.375, 3, 7.625, 2.75 ], "texture": "#0" },
        "up":    { "uv": [ 7.625, 2.75, 8.375, 3 ], "texture": "#0" },
        "north": { "uv": [ 7.625, 7.625, 8.375, 8 ], "texture": "#0" },
        "south": { "uv": [ 7.625, 7.625, 8.375, 8 ], "texture": "#0" },
        "west":  { "uv": [ 2.75, 7.625, 3, 8 ], "texture": "#0" },
        "east":  { "uv": [ 13, 7.625, 13.25, 8 ], "texture": "#0" }
    }
},
{
    "from": [ 7.625, 8.125, 5.625 ],
    "to": [ 8.375, 9, 7.25 ],
    "faces": {
        "down":  { "uv": [ 8.375, 7.25, 7.625, 5.625 ], "texture": "#0" },
        "up":    { "uv": [ 7.625, 5.625, 8.375, 7.25 ], "texture": "#0" },
        "north": { "uv": [ 7.625, 7, 8.375, 7.875 ], "texture": "#0" },
        "south": { "uv": [ 7.625, 7, 8.375, 7.875 ], "texture": "#0" },
        "west":  { "uv": [ 5.625, 7, 7.25, 7.875 ], "texture": "#0" },
        "east":  { "uv": [ 8.75, 7, 10.375, 7.875 ], "texture": "#0" }
    }
},
{
    "from": [ 7.625, 8, 6.75 ],
    "to": [ 8.375, 8.125, 7.125 ],
    "faces": {
        "down":  { "uv": [ 8.375, 7.125, 7.625, 6.75 ], "texture": "#0" },
        "up":    { "uv": [ 7.625, 6.75, 8.375, 7.125 ], "texture": "#0" },
        "north": { "uv": [ 7.625, 7.875, 8.375, 8 ], "texture": "#0" },
        "south": { "uv": [ 7.625, 7.875, 8.375, 8 ], "texture": "#0" },
        "west":  { "uv": [ 6.75, 7.875, 7.125, 8 ], "texture": "#0" },
        "east":  { "uv": [ 8.875, 7.875, 9.25, 8 ], "texture": "#0" }
    }
},
{
    "from": [ 7.625, 7.875, 6.875 ],
    "to": [ 8.375, 8, 7 ],
    "faces": {
        "down":  { "uv": [ 8.375, 7, 7.625, 6.875 ], "texture": "#0" },
        "up":    { "uv": [ 7.625, 6.875, 8.375, 7 ], "texture": "#0" },
        "north": { "uv": [ 7.625, 8, 8.375, 8.125 ], "texture": "#0" },
        "south": { "uv": [ 7.625, 8, 8.375, 8.125 ], "texture": "#0" },
        "west":  { "uv": [ 6.875, 8, 7, 8.125 ], "texture": "#0" },
        "east":  { "uv": [ 9, 8, 9.125, 8.125 ], "texture": "#0" }
    }
},
{
    "from": [ 7.625, 8.25, 7.25 ],
    "to": [ 8.375, 9.75, 8 ],
    "faces": {
        "down":  { "uv": [ 8.375, 8, 7.625, 7.25 ], "texture": "#0" },
        "up":    { "uv": [ 7.625, 7.25, 8.375, 8 ], "texture": "#0" },
        "north": { "uv": [ 7.625, 6.25, 8.375, 7.75 ], "texture": "#0" },
        "south": { "uv": [ 7.625, 6.25, 8.375, 7.75 ], "texture": "#0" },
        "west":  { "uv": [ 7.25, 6.25, 8, 7.75 ], "texture": "#0" },
        "east":  { "uv": [ 8, 6.25, 8.75, 7.75 ], "texture": "#0" }
    }
},
{

    "from": [ 7.625, 8.875, 8 ],
    "to": [ 8.375, 9, 15.875 ],
    "faces": {
        "down":  { "uv": [ 8.375, 15.875, 7.625, 8 ], "texture": "#0" },
        "up":    { "uv": [ 7.625, 8, 8.375, 15.875 ], "texture": "#0" },
        "north": { "uv": [ 7.625, 7, 8.375, 7.125 ], "texture": "#0" },
        "south": { "uv": [ 7.625, 7, 8.375, 7.125 ], "texture": "#0" },
        "west":  { "uv": [ 8, 7, 15.875, 7.125 ], "texture": "#0" },
        "east":  { "uv": [ 0.125, 7, 8, 7.125 ], "texture": "#0" }
    }
},
{

    "from": [ 7.625, 9.375, 8 ],
    "to": [ 8.375, 9.5, 13.125 ],
    "faces": {
        "down":  { "uv": [ 8.375, 13.125, 7.625, 8 ], "texture": "#0" },
        "up":    { "uv": [ 7.625, 8, 8.375, 13.125 ], "texture": "#0" },
        "north": { "uv": [ 7.625, 6.5, 8.375, 6.625 ], "texture": "#0" },
        "south": { "uv": [ 7.625, 6.5, 8.375, 6.625 ], "texture": "#0" },
        "west":  { "uv": [ 8, 6.5, 13.125, 6.625 ], "texture": "#0" },
        "east":  { "uv": [ 2.875, 6.5, 8, 6.625 ], "texture": "#0" }
    }
},
{

    "from": [ 7.625, 9.5, 8 ],
    "to": [ 8.375, 9.625, 12.875 ],
    "faces": {
        "down":  { "uv": [ 8.375, 12.875, 7.625, 8 ], "texture": "#0" },
        "up":    { "uv": [ 7.625, 8, 8.375, 12.875 ], "texture": "#0" },
        "north": { "uv": [ 7.625, 6.375, 8.375, 6.5 ], "texture": "#0" },
        "south": { "uv": [ 7.625, 6.375, 8.375, 6.5 ], "texture": "#0" },
        "west":  { "uv": [ 8, 6.375, 12.875, 6.5 ], "texture": "#0" },
        "east":  { "uv": [ 3.125, 6.375, 8, 6.5 ], "texture": "#0" }
    }
},
{

    "from": [ 7.625, 9.625, 8 ],
    "to": [ 8.375, 9.75, 12.5 ],
    "faces": {
        "down":  { "uv": [ 8.375, 12.5, 7.625, 8 ], "texture": "#0" },
        "up":    { "uv": [ 7.625, 8, 8.375, 12.5 ], "texture": "#0" },
        "north": { "uv": [ 7.625, 6.25, 8.375, 6.375 ], "texture": "#0" },
        "south": { "uv": [ 7.625, 6.25, 8.375, 6.375 ], "texture": "#0" },
        "west":  { "uv": [ 8, 6.25, 12.5, 6.375 ], "texture": "#0" },
        "east":  { "uv": [ 3.5, 6.25, 8, 6.375 ], "texture": "#0" }
    }
},
{

    "from": [ 7.625, 9.75, 8.875 ],
    "to": [ 8.375, 9.875, 12.25 ],
    "faces": {
        "down":  { "uv": [ 8.375, 12.25, 7.625, 8.875 ], "texture": "#0" },
        "up":    { "uv": [ 7.625, 8.875, 8.375, 12.25 ], "texture": "#0" },
        "north": { "uv": [ 7.625, 6.125, 8.375, 6.25 ], "texture": "#0" },
        "south": { "uv": [ 7.625, 6.125, 8.375, 6.25 ], "texture": "#0" },
        "west":  { "uv": [ 8.875, 6.125, 12.25, 6.25 ], "texture": "#0" },
        "east":  { "uv": [ 3.75, 6.125, 7.125, 6.25 ], "texture": "#0" }
    }
},
{

    "from": [ 7.625, 9.875, 8.875 ],
    "to": [ 8.375, 10, 11.125 ],
    "faces": {
        "down":  { "uv": [ 8.375, 11.125, 7.625, 8.875 ], "texture": "#0" },
        "up":    { "uv": [ 7.625, 8.875, 8.375, 11.125 ], "texture": "#0" },
        "north": { "uv": [ 7.625, 6, 8.375, 6.125 ], "texture": "#0" },
        "south": { "uv": [ 7.625, 6, 8.375, 6.125 ], "texture": "#0" },
        "west":  { "uv": [ 8.875, 6, 11.125, 6.125 ], "texture": "#0" },
        "east":  { "uv": [ 4.875, 6, 7.125, 6.125 ], "texture": "#0" }
    }
},
{

    "from": [ 7.625, 8.375, 9.5 ],
    "to": [ 8.375, 8.875, 15.875 ],
    "faces": {
        "down":  { "uv": [ 8.375, 15.875, 7.625, 9.5 ], "texture": "#0" },
        "up":    { "uv": [ 7.625, 9.5, 8.375, 15.875 ], "texture": "#0" },
        "north": { "uv": [ 7.625, 7.125, 8.375, 7.625 ], "texture": "#0" },
        "south": { "uv": [ 7.625, 7.125, 8.375, 7.625 ], "texture": "#0" },
        "west":  { "uv": [ 9.5, 7.125, 15.875, 7.625 ], "texture": "#0" },
        "east":  { "uv": [ 0.125, 7.125, 6.5, 7.625 ], "texture": "#0" }
    }
},
{

    "from": [ 7.625, 9, 9.5 ],
    "to": [ 8.375, 9.375, 15.875 ],
    "faces": {
        "down":  { "uv": [ 8.375, 15.875, 7.625, 9.5 ], "texture": "#0" },
        "up":    { "uv": [ 7.625, 9.5, 8.375, 15.875 ], "texture": "#0" },
        "north": { "uv": [ 7.625, 6.625, 8.375, 7 ], "texture": "#0" },
        "south": { "uv": [ 7.625, 6.625, 8.375, 7 ], "texture": "#0" },
        "west":  { "uv": [ 9.5, 6.625, 15.875, 7 ], "texture": "#0" },
        "east":  { "uv": [ 0.125, 6.625, 6.5, 7 ], "texture": "#0" }
    }
},
{

    "from": [ 7.625, 8.25, 13.375 ],
    "to": [ 8.375, 8.375, 15.875 ],
    "faces": {
        "down":  { "uv": [ 8.375, 15.875, 7.625, 13.375 ], "texture": "#0" },
        "up":    { "uv": [ 7.625, 13.375, 8.375, 15.875 ], "texture": "#0" },
        "north": { "uv": [ 7.625, 7.625, 8.375, 7.75 ], "texture": "#0" },
        "south": { "uv": [ 7.625, 7.625, 8.375, 7.75 ], "texture": "#0" },
        "west":  { "uv": [ 13.375, 7.625, 15.875, 7.75 ], "texture": "#0" },
        "east":  { "uv": [ 0.125, 7.625, 2.625, 7.75 ], "texture": "#0" }
    }
},
{

    "from": [ 7.625, 8.125, 13.5 ],
    "to": [ 8.375, 8.25, 15.875 ],
    "faces": {
        "down":  { "uv": [ 8.375, 15.875, 7.625, 13.5 ], "texture": "#0" },
        "up":    { "uv": [ 7.625, 13.5, 8.375, 15.875 ], "texture": "#0" },
        "north": { "uv": [ 7.625, 7.75, 8.375, 7.875 ], "texture": "#0" },
        "south": { "uv": [ 7.625, 7.75, 8.375, 7.875 ], "texture": "#0" },
        "west":  { "uv": [ 13.5, 7.75, 15.875, 7.875 ], "texture": "#0" },
        "east":  { "uv": [ 0.125, 7.75, 2.5, 7.875 ], "texture": "#0" }
    }
},
{

    "from": [ 7.625, 7.875, 13.625 ],
    "to": [ 8.375, 8.125, 15.875 ],
    "faces": {
        "down":  { "uv": [ 8.375, 15.875, 7.625, 13.625 ], "texture": "#0" },
        "up":    { "uv": [ 7.625, 13.625, 8.375, 15.875 ], "texture": "#0" },
        "north": { "uv": [ 7.625, 7.875, 8.375, 8.125 ], "texture": "#0" },
        "south": { "uv": [ 7.625, 7.875, 8.375, 8.125 ], "texture": "#0" },
        "west":  { "uv": [ 13.625, 7.875, 15.875, 8.125 ], "texture": "#0" },
        "east":  { "uv": [ 0.125, 7.875, 2.375, 8.125 ], "texture": "#0" }
    }
},
{

    "from": [ 7.625, 9.375, 14.25 ],
    "to": [ 8.375, 9.5, 15.875 ],
    "faces": {
        "down":  { "uv": [ 8.375, 15.875, 7.625, 14.25 ], "texture": "#0" },
        "up":    { "uv": [ 7.625, 14.25, 8.375, 15.875 ], "texture": "#0" },
        "north": { "uv": [ 7.625, 6.5, 8.375, 6.625 ], "texture": "#0" },
        "south": { "uv": [ 7.625, 6.5, 8.375, 6.625 ], "texture": "#0" },
        "west":  { "uv": [ 14.25, 6.5, 15.875, 6.625 ], "texture": "#0" },
        "east":  { "uv": [ 0.125, 6.5, 1.75, 6.625 ], "texture": "#0" }
    }
},
{

    "from": [ 7.625, 9.5, 14.625 ],
    "to": [ 8.375, 9.625, 15.875 ],
    "faces": {
        "down":  { "uv": [ 8.375, 15.875, 7.625, 14.625 ], "texture": "#0" },
        "up":    { "uv": [ 7.625, 14.625, 8.375, 15.875 ], "texture": "#0" },
        "north": { "uv": [ 7.625, 6.375, 8.375, 6.5 ], "texture": "#0" },
        "south": { "uv": [ 7.625, 6.375, 8.375, 6.5 ], "texture": "#0" },
        "west":  { "uv": [ 14.625, 6.375, 15.875, 6.5 ], "texture": "#0" },
        "east":  { "uv": [ 0.125, 6.375, 1.375, 6.5 ], "texture": "#0" }
    }
},
{

    "from": [ 7.625, 9.625, 14.875 ],
    "to": [ 8.375, 9.75, 15.875 ],
    "faces": {
        "down":  { "uv": [ 8.375, 15.875, 7.625, 14.875 ], "texture": "#0" },
        "up":    { "uv": [ 7.625, 14.875, 8.375, 15.875 ], "texture": "#0" },
        "north": { "uv": [ 7.625, 6.25, 8.375, 6.375 ], "texture": "#0" },
        "south": { "uv": [ 7.625, 6.25, 8.375, 6.375 ], "texture": "#0" },
        "west":  { "uv": [ 14.875, 6.25, 15.875, 6.375 ], "texture": "#0" },
        "east":  { "uv": [ 0.125, 6.25, 1.125, 6.375 ], "texture": "#0" }
    }
},
{

    "from": [ 7.625, 9.75, 15.625 ],
    "to": [ 8.375, 10.125, 15.875 ],
    "faces": {
        "down":  { "uv": [ 8.375, 15.875, 7.625, 15.625 ], "texture": "#0" },
        "up":    { "uv": [ 7.625, 15.625, 8.375, 15.875 ], "texture": "#0" },
        "north": { "uv": [ 7.625, 5.875, 8.375, 6.25 ], "texture": "#0" },
        "south": { "uv": [ 7.625, 5.875, 8.375, 6.25 ], "texture": "#0" },
        "west":  { "uv": [ 15.625, 5.875, 15.875, 6.25 ], "texture": "#0" },
        "east":  { "uv": [ 0.125, 5.875, 0.375, 6.25 ], "texture": "#0" }
    }
},
{

    "from": [ 7.625, 9.875, 15.875 ],
    "to": [ 8.375, 10.125, 16 ],
    "faces": {
        "down":  { "uv": [ 8.375, 16, 7.625, 15.875 ], "texture": "#0" },
        "up":    { "uv": [ 7.625, 15.875, 8.375, 16 ], "texture": "#0" },
        "north": { "uv": [ 7.625, 5.875, 8.375, 6.125 ], "texture": "#0" },
        "south": { "uv": [ 7.625, 5.875, 8.375, 6.125 ], "texture": "#0" },
        "west":  { "uv": [ 15.875, 5.875, 16, 6.125 ], "texture": "#0" },
        "east":  { "uv": [ 0, 5.875, 0.125, 6.125 ], "texture": "#0" }
    }
},
{

    "from": [ 7.75, 9, 2.125 ],
    "to": [ 8.25, 9.375, 3 ],
    "faces": {
        "down":  { "uv": [ 8.25, 3, 7.75, 2.125 ], "texture": "#0" },
        "up":    { "uv": [ 7.75, 2.125, 8.25, 3 ], "texture": "#0" },
        "north": { "uv": [ 7.75, 6.625, 8.25, 7 ], "texture": "#0" },
        "south": { "uv": [ 7.75, 6.625, 8.25, 7 ], "texture": "#0" },
        "west":  { "uv": [ 2.125, 6.625, 3, 7 ], "texture": "#0" },
        "east":  { "uv": [ 13, 6.625, 13.875, 7 ], "texture": "#0" }
    }
},
{

    "from": [ 7.75, 8.375, 2.5 ],
    "to": [ 8.25, 8.75, 3.375 ],
    "faces": {
        "down":  { "uv": [ 8.25, 3.375, 7.75, 2.5 ], "texture": "#0" },
        "up":    { "uv": [ 7.75, 2.5, 8.25, 3.375 ], "texture": "#0" },
        "north": { "uv": [ 7.75, 7.25, 8.25, 7.625 ], "texture": "#0" },
        "south": { "uv": [ 7.75, 7.25, 8.25, 7.625 ], "texture": "#0" },
        "west":  { "uv": [ 2.5, 7.25, 3.375, 7.625 ], "texture": "#0" },
        "east":  { "uv": [ 12.625, 7.25, 13.5, 7.625 ], "texture": "#0" }
    }
},
{

    "from": [ 7.75, 7.625, 2.75 ],
    "to": [ 7.875, 7.75, 3 ],
    "faces": {
        "down":  { "uv": [ 8.25, 3, 8.125, 2.75 ], "texture": "#0" },
        "up":    { "uv": [ 7.75, 2.75, 7.875, 3 ], "texture": "#0" },
        "north": { "uv": [ 8.125, 8.25, 8.25, 8.375 ], "texture": "#0" },
        "south": { "uv": [ 7.75, 8.25, 7.875, 8.375 ], "texture": "#0" },
        "west":  { "uv": [ 2.75, 8.25, 3, 8.375 ], "texture": "#0" },
        "east":  { "uv": [ 13, 8.25, 13.25, 8.375 ], "texture": "#0" }
    }
},
{

    "from": [ 7.75, 8.25, 5.125 ],
    "to": [ 8.25, 8.875, 5.625 ],
    "faces": {
        "down":  { "uv": [ 8.25, 5.625, 7.75, 5.125 ], "texture": "#0" },
        "up":    { "uv": [ 7.75, 5.125, 8.25, 5.625 ], "texture": "#0" },
        "north": { "uv": [ 7.75, 7.125, 8.25, 7.75 ], "texture": "#0" },
        "south": { "uv": [ 7.75, 7.125, 8.25, 7.75 ], "texture": "#0" },
        "west":  { "uv": [ 5.125, 7.125, 5.625, 7.75 ], "texture": "#0" },
        "east":  { "uv": [ 10.375, 7.125, 10.875, 7.75 ], "texture": "#0" }
    }
},
{

    "from": [ 7.75, 9, 6.375 ],
    "to": [ 8.25, 9.5, 7.25 ],
    "faces": {
        "down":  { "uv": [ 8.25, 7.25, 7.75, 6.375 ], "texture": "#0" },
        "up":    { "uv": [ 7.75, 6.375, 8.25, 7.25 ], "texture": "#0" },
        "north": { "uv": [ 7.75, 6.5, 8.25, 7 ], "texture": "#0" },
        "south": { "uv": [ 7.75, 6.5, 8.25, 7 ], "texture": "#0" },
        "west":  { "uv": [ 6.375, 6.5, 7.25, 7 ], "texture": "#0" },
        "east":  { "uv": [ 8.75, 6.5, 9.625, 7 ], "texture": "#0" }
    }
},
{

    "from": [ 7.75, 9.5, 6.75 ],
    "to": [ 8.25, 9.75, 6.875 ],
    "faces": {
        "down":  { "uv": [ 8.25, 6.875, 7.75, 6.75 ], "texture": "#0" },
        "up":    { "uv": [ 7.75, 6.75, 8.25, 6.875 ], "texture": "#0" },
        "north": { "uv": [ 7.75, 6.25, 8.25, 6.5 ], "texture": "#0" },
        "south": { "uv": [ 7.75, 6.25, 8.25, 6.5 ], "texture": "#0" },
        "west":  { "uv": [ 6.75, 6.25, 6.875, 6.5 ], "texture": "#0" },
        "east":  { "uv": [ 9.125, 6.25, 9.25, 6.5 ], "texture": "#0" }
    }
},
{

    "from": [ 7.75, 9.625, 6.875 ],
    "to": [ 8.25, 9.75, 7.125 ],
    "faces": {
        "down":  { "uv": [ 8.25, 7.125, 7.75, 6.875 ], "texture": "#0" },
        "up":    { "uv": [ 7.75, 6.875, 8.25, 7.125 ], "texture": "#0" },
        "north": { "uv": [ 7.75, 6.25, 8.25, 6.375 ], "texture": "#0" },
        "south": { "uv": [ 7.75, 6.25, 8.25, 6.375 ], "texture": "#0" },
        "west":  { "uv": [ 6.875, 6.25, 7.125, 6.375 ], "texture": "#0" },
        "east":  { "uv": [ 8.875, 6.25, 9.125, 6.375 ], "texture": "#0" }
    }
},
{

    "from": [ 7.75, 9, 8.125 ],
    "to": [ 8.25, 9.375, 9.375 ],
    "faces": {
        "down":  { "uv": [ 8.25, 9.375, 7.75, 8.125 ], "texture": "#0" },
        "up":    { "uv": [ 7.75, 8.125, 8.25, 9.375 ], "texture": "#0" },
        "north": { "uv": [ 7.75, 6.625, 8.25, 7 ], "texture": "#0" },
        "south": { "uv": [ 7.75, 6.625, 8.25, 7 ], "texture": "#0" },
        "west":  { "uv": [ 8.125, 6.625, 9.375, 7 ], "texture": "#0" },
        "east":  { "uv": [ 6.625, 6.625, 7.875, 7 ], "texture": "#0" }
    }
},
{

    "from": [ 7.875, 9, 0 ],
    "to": [ 8.125, 9.375, 2.125 ],
    "faces": {
        "down":  { "uv": [ 8.125, 2.125, 7.875, 0 ], "texture": "#0" },
        "up":    { "uv": [ 7.875, 0, 8.125, 2.125 ], "texture": "#0" },
        "north": { "uv": [ 7.875, 6.625, 8.125, 7 ], "texture": "#0" },
        "south": { "uv": [ 7.875, 6.625, 8.125, 7 ], "texture": "#0" },
        "west":  { "uv": [ 0, 6.625, 2.125, 7 ], "texture": "#0" },
        "east":  { "uv": [ 13.875, 6.625, 16, 7 ], "texture": "#0" }
    }
},
{

    "from": [ 7.875, 8.375, 2.125 ],
    "to": [ 8.125, 8.75, 2.5 ],
    "faces": {
        "down":  { "uv": [ 8.125, 2.5, 7.875, 2.125 ], "texture": "#0" },
        "up":    { "uv": [ 7.875, 2.125, 8.125, 2.5 ], "texture": "#0" },
        "north": { "uv": [ 7.875, 7.25, 8.125, 7.625 ], "texture": "#0" },
        "south": { "uv": [ 7.875, 7.25, 8.125, 7.625 ], "texture": "#0" },
        "west":  { "uv": [ 2.125, 7.25, 2.5, 7.625 ], "texture": "#0" },
        "east":  { "uv": [ 13.5, 7.25, 13.875, 7.625 ], "texture": "#0" }
    }
},
{

    "from": [ 7.875, 8.75, 2.5 ],
    "to": [ 8.125, 9, 2.75 ],
    "faces": {
        "down":  { "uv": [ 8.125, 2.75, 7.875, 2.5 ], "texture": "#0" },
        "up":    { "uv": [ 7.875, 2.5, 8.125, 2.75 ], "texture": "#0" },
        "north": { "uv": [ 7.875, 7, 8.125, 7.25 ], "texture": "#0" },
        "south": { "uv": [ 7.875, 7, 8.125, 7.25 ], "texture": "#0" },
        "west":  { "uv": [ 2.5, 7, 2.75, 7.25 ], "texture": "#0" },
        "east":  { "uv": [ 13.25, 7, 13.5, 7.25 ], "texture": "#0" }
    }
},
{

    "from": [ 7.875, 8.75, 3 ],
    "to": [ 8.125, 9.375, 3.375 ],
    "faces": {
        "down":  { "uv": [ 8.125, 3.375, 7.875, 3 ], "texture": "#0" },
        "up":    { "uv": [ 7.875, 3, 8.125, 3.375 ], "texture": "#0" },
        "north": { "uv": [ 7.875, 6.625, 8.125, 7.25 ], "texture": "#0" },
        "south": { "uv": [ 7.875, 6.625, 8.125, 7.25 ], "texture": "#0" },
        "west":  { "uv": [ 3, 6.625, 3.375, 7.25 ], "texture": "#0" },
        "east":  { "uv": [ 12.625, 6.625, 13, 7.25 ], "texture": "#0" }
    }
},
{

    "from": [ 7.875, 8.375, 3.375 ],
    "to": [ 8.125, 8.75, 5.125 ],
    "faces": {
        "down":  { "uv": [ 8.125, 5.125, 7.875, 3.375 ], "texture": "#0" },
        "up":    { "uv": [ 7.875, 3.375, 8.125, 5.125 ], "texture": "#0" },
        "north": { "uv": [ 7.875, 7.25, 8.125, 7.625 ], "texture": "#0" },
        "south": { "uv": [ 7.875, 7.25, 8.125, 7.625 ], "texture": "#0" },
        "west":  { "uv": [ 3.375, 7.25, 5.125, 7.625 ], "texture": "#0" },
        "east":  { "uv": [ 10.875, 7.25, 12.625, 7.625 ], "texture": "#0" }
    }
},
{

    "from": [ 7.875, 9, 3.375 ],
    "to": [ 8.125, 9.375, 6.375 ],
    "faces": {
        "down":  { "uv": [ 8.125, 6.375, 7.875, 3.375 ], "texture": "#0" },
        "up":    { "uv": [ 7.875, 3.375, 8.125, 6.375 ], "texture": "#0" },
        "north": { "uv": [ 7.875, 6.625, 8.125, 7 ], "texture": "#0" },
        "south": { "uv": [ 7.875, 6.625, 8.125, 7 ], "texture": "#0" },
        "west":  { "uv": [ 3.375, 6.625, 6.375, 7 ], "texture": "#0" },
        "east":  { "uv": [ 9.625, 6.625, 12.625, 7 ], "texture": "#0" }
    }
},
{

    "from": [ 7.875, 7.625, 10.25 ],
    "to": [ 8.125, 8.375, 10.375 ],
    "faces": {
        "down":  { "uv": [ 8.125, 10.375, 7.875, 10.25 ], "texture": "#0" },
        "up":    { "uv": [ 7.875, 10.25, 8.125, 10.375 ], "texture": "#0" },
        "north": { "uv": [ 7.875, 7.625, 8.125, 8.375 ], "texture": "#0" },
        "south": { "uv": [ 7.875, 7.625, 8.125, 8.375 ], "texture": "#0" },
        "west":  { "uv": [ 10.25, 7.625, 10.375, 8.375 ], "texture": "#0" },
        "east":  { "uv": [ 5.625, 7.625, 5.75, 8.375 ], "texture": "#0" }
    }
},
{

    "from": [ 7.875, 7.5, 10.375 ],
    "to": [ 8.125, 7.625, 11.75 ],
    "faces": {
        "down":  { "uv": [ 8.125, 11.75, 7.875, 10.375 ], "texture": "#0" },
        "up":    { "uv": [ 7.875, 10.375, 8.125, 11.75 ], "texture": "#0" },
        "north": { "uv": [ 7.875, 8.375, 8.125, 8.5 ], "texture": "#0" },
        "south": { "uv": [ 7.875, 8.375, 8.125, 8.5 ], "texture": "#0" },
        "west":  { "uv": [ 10.375, 8.375, 11.75, 8.5 ], "texture": "#0" },
        "east":  { "uv": [ 4.25, 8.375, 5.625, 8.5 ], "texture": "#0" }
    }
},
{

    "from": [ 7.875, 8.125, 10.375 ],
    "to": [ 8.125, 8.375, 11.875 ],
    "faces": {
        "down":  { "uv": [ 8.125, 11.875, 7.875, 10.375 ], "texture": "#0" },
        "up":    { "uv": [ 7.875, 10.375, 8.125, 11.875 ], "texture": "#0" },
        "north": { "uv": [ 7.875, 7.625, 8.125, 7.875 ], "texture": "#0" },
        "south": { "uv": [ 7.875, 7.625, 8.125, 7.875 ], "texture": "#0" },
        "west":  { "uv": [ 10.375, 7.625, 11.875, 7.875 ], "texture": "#0" },
        "east":  { "uv": [ 4.125, 7.625, 5.625, 7.875 ], "texture": "#0" }
    }
},
{

    "from": [ 7.875, 7.75, 10.75 ],
    "to": [ 8.125, 8.125, 10.875 ],
    "faces": {
        "down":  { "uv": [ 8.125, 10.875, 7.875, 10.75 ], "texture": "#0" },
        "up":    { "uv": [ 7.875, 10.75, 8.125, 10.875 ], "texture": "#0" },
        "north": { "uv": [ 7.875, 7.875, 8.125, 8.25 ], "texture": "#0" },
        "south": { "uv": [ 7.875, 7.875, 8.125, 8.25 ], "texture": "#0" },
        "west":  { "uv": [ 10.75, 7.875, 10.875, 8.25 ], "texture": "#0" },
        "east":  { "uv": [ 5.125, 7.875, 5.25, 8.25 ], "texture": "#0" }
    }
},
{

    "from": [ 7.875, 7.625, 11 ],
    "to": [ 8.125, 8.125, 11.625 ],
    "faces": {
        "down":  { "uv": [ 8.125, 11.625, 7.875, 11 ], "texture": "#0" },
        "up":    { "uv": [ 7.875, 11, 8.125, 11.625 ], "texture": "#0" },
        "north": { "uv": [ 7.875, 7.875, 8.125, 8.375 ], "texture": "#0" },
        "south": { "uv": [ 7.875, 7.875, 8.125, 8.375 ], "texture": "#0" },
        "west":  { "uv": [ 11, 7.875, 11.625, 8.375 ], "texture": "#0" },
        "east":  { "uv": [ 4.375, 7.875, 5, 8.375 ], "texture": "#0" }
    }
},
{

    "from": [ 7.875, 7.375, 11.125 ],
    "to": [ 8.125, 7.5, 11.875 ],
    "faces": {
        "down":  { "uv": [ 8.125, 11.875, 7.875, 11.125 ], "texture": "#0" },
        "up":    { "uv": [ 7.875, 11.125, 8.125, 11.875 ], "texture": "#0" },
        "north": { "uv": [ 7.875, 8.5, 8.125, 8.625 ], "texture": "#0" },
        "south": { "uv": [ 7.875, 8.5, 8.125, 8.625 ], "texture": "#0" },
        "west":  { "uv": [ 11.125, 8.5, 11.875, 8.625 ], "texture": "#0" },
        "east":  { "uv": [ 4.125, 8.5, 4.875, 8.625 ], "texture": "#0" }
    }
},
{

    "from": [ 7.875, 7.25, 11.25 ],
    "to": [ 8.125, 7.375, 12 ],
    "faces": {
        "down":  { "uv": [ 8.125, 12, 7.875, 11.25 ], "texture": "#0" },
        "up":    { "uv": [ 7.875, 11.25, 8.125, 12 ], "texture": "#0" },
        "north": { "uv": [ 7.875, 8.625, 8.125, 8.75 ], "texture": "#0" },
        "south": { "uv": [ 7.875, 8.625, 8.125, 8.75 ], "texture": "#0" },
        "west":  { "uv": [ 11.25, 8.625, 12, 8.75 ], "texture": "#0" },
        "east":  { "uv": [ 4, 8.625, 4.75, 8.75 ], "texture": "#0" }
    }
},
{

    "from": [ 7.875, 6.75, 11.375 ],
    "to": [ 8.125, 6.875, 11.625 ],
    "faces": {
        "down":  { "uv": [ 8.125, 11.625, 7.875, 11.375 ], "texture": "#0" },
        "up":    { "uv": [ 7.875, 11.375, 8.125, 11.625 ], "texture": "#0" },
        "north": { "uv": [ 7.875, 9.125, 8.125, 9.25 ], "texture": "#0" },
        "south": { "uv": [ 7.875, 9.125, 8.125, 9.25 ], "texture": "#0" },
        "west":  { "uv": [ 11.375, 9.125, 11.625, 9.25 ], "texture": "#0" },
        "east":  { "uv": [ 4.375, 9.125, 4.625, 9.25 ], "texture": "#0" }
    }
},
{

    "from": [ 7.875, 7.125, 11.375 ],
    "to": [ 8.125, 7.25, 12.125 ],
    "faces": {
        "down":  { "uv": [ 8.125, 12.125, 7.875, 11.375 ], "texture": "#0" },
        "up":    { "uv": [ 7.875, 11.375, 8.125, 12.125 ], "texture": "#0" },
        "north": { "uv": [ 7.875, 8.75, 8.125, 8.875 ], "texture": "#0" },
        "south": { "uv": [ 7.875, 8.75, 8.125, 8.875 ], "texture": "#0" },
        "west":  { "uv": [ 11.375, 8.75, 12.125, 8.875 ], "texture": "#0" },
        "east":  { "uv": [ 3.875, 8.75, 4.625, 8.875 ], "texture": "#0" }
    }
},
{

    "from": [ 7.875, 6.875, 11.5 ],
    "to": [ 8.125, 7.125, 12.125 ],
    "faces": {
        "down":  { "uv": [ 8.125, 12.125, 7.875, 11.5 ], "texture": "#0" },
        "up":    { "uv": [ 7.875, 11.5, 8.125, 12.125 ], "texture": "#0" },
        "north": { "uv": [ 7.875, 8.875, 8.125, 9.125 ], "texture": "#0" },
        "south": { "uv": [ 7.875, 8.875, 8.125, 9.125 ], "texture": "#0" },
        "west":  { "uv": [ 11.5, 8.875, 12.125, 9.125 ], "texture": "#0" },
        "east":  { "uv": [ 3.875, 8.875, 4.5, 9.125 ], "texture": "#0" }
    }
},
{

    "from": [ 7.875, 7.875, 11.625 ],
    "to": [ 8.125, 8.125, 11.75 ],
    "faces": {
        "down":  { "uv": [ 8.125, 11.75, 7.875, 11.625 ], "texture": "#0" },
        "up":    { "uv": [ 7.875, 11.625, 8.125, 11.75 ], "texture": "#0" },
        "north": { "uv": [ 7.875, 7.875, 8.125, 8.125 ], "texture": "#0" },
        "south": { "uv": [ 7.875, 7.875, 8.125, 8.125 ], "texture": "#0" },
        "west":  { "uv": [ 11.625, 7.875, 11.75, 8.125 ], "texture": "#0" },
        "east":  { "uv": [ 4.25, 7.875, 4.375, 8.125 ], "texture": "#0" }
    }
},
{

    "from": [ 7.875, 8, 11.75 ],
    "to": [ 8.125, 8.125, 11.875 ],
    "faces": {
        "down":  { "uv": [ 8.125, 11.875, 7.875, 11.75 ], "texture": "#0" },
        "up":    { "uv": [ 7.875, 11.75, 8.125, 11.875 ], "texture": "#0" },
        "north": { "uv": [ 7.875, 7.875, 8.125, 8 ], "texture": "#0" },
        "south": { "uv": [ 7.875, 7.875, 8.125, 8 ], "texture": "#0" },
        "west":  { "uv": [ 11.75, 7.875, 11.875, 8 ], "texture": "#0" },
        "east":  { "uv": [ 4.125, 7.875, 4.25, 8 ], "texture": "#0" }
    }
},
{

    "from": [ 8.125, 7.625, 2.75 ],
    "to": [ 8.5, 8, 3 ],
    "faces": {
        "down":  { "uv": [ 7.875, 3, 7.5, 2.75 ], "texture": "#0" },
        "up":    { "uv": [ 8.125, 2.75, 8.5, 3 ], "texture": "#0" },
        "north": { "uv": [ 7.5, 8, 7.875, 8.375 ], "texture": "#0" },
        "south": { "uv": [ 8.125, 8, 8.5, 8.375 ], "texture": "#0" },
        "west":  { "uv": [ 2.75, 8, 3, 8.375 ], "texture": "#0" },
        "east":  { "uv": [ 13, 8, 13.25, 8.375 ], "texture": "#0" }
    }
},
{

    "from": [ 8.25, 7.375, 2.75 ],
    "to": [ 8.625, 7.625, 3 ],
    "faces": {
        "down":  { "uv": [ 7.75, 3, 7.375, 2.75 ], "texture": "#0" },
        "up":    { "uv": [ 8.25, 2.75, 8.625, 3 ], "texture": "#0" },
        "north": { "uv": [ 7.375, 8.375, 7.75, 8.625 ], "texture": "#0" },
        "south": { "uv": [ 8.25, 8.375, 8.625, 8.625 ], "texture": "#0" },
        "west":  { "uv": [ 2.75, 8.375, 3, 8.625 ], "texture": "#0" },
        "east":  { "uv": [ 13, 8.375, 13.25, 8.625 ], "texture": "#0" }
    }
},
{

    "from": [ 8.375, 7, 2.75 ],
    "to": [ 8.75, 7.375, 3 ],
    "faces": {
        "down":  { "uv": [ 7.625, 3, 7.25, 2.75 ], "texture": "#0" },
        "up":    { "uv": [ 8.375, 2.75, 8.75, 3 ], "texture": "#0" },
        "north": { "uv": [ 7.25, 8.625, 7.625, 9 ], "texture": "#0" },
        "south": { "uv": [ 8.375, 8.625, 8.75, 9 ], "texture": "#0" },
        "west":  { "uv": [ 2.75, 8.625, 3, 9 ], "texture": "#0" },
        "east":  { "uv": [ 13, 8.625, 13.25, 9 ], "texture": "#0" }
    }
},
{

    "from": [ 8.5, 6.75, 2.75 ],
    "to": [ 8.875, 7, 3 ],
    "faces": {
        "down":  { "uv": [ 7.5, 3, 7.125, 2.75 ], "texture": "#0" },
        "up":    { "uv": [ 8.5, 2.75, 8.875, 3 ], "texture": "#0" },
        "north": { "uv": [ 7.125, 9, 7.5, 9.25 ], "texture": "#0" },
        "south": { "uv": [ 8.5, 9, 8.875, 9.25 ], "texture": "#0" },
        "west":  { "uv": [ 2.75, 9, 3, 9.25 ], "texture": "#0" },
        "east":  { "uv": [ 13, 9, 13.25, 9.25 ], "texture": "#0" }
    }
},
{

    "from": [ 8.5, 7.625, 2.75 ],
    "to": [ 8.625, 7.75, 3 ],
    "faces": {
        "down":  { "uv": [ 7.5, 3, 7.375, 2.75 ], "texture": "#0" },
        "up":    { "uv": [ 8.5, 2.75, 8.625, 3 ], "texture": "#0" },
        "north": { "uv": [ 7.375, 8.25, 7.5, 8.375 ], "texture": "#0" },
        "south": { "uv": [ 8.5, 8.25, 8.625, 8.375 ], "texture": "#0" },
        "west":  { "uv": [ 2.75, 8.25, 3, 8.375 ], "texture": "#0" },
        "east":  { "uv": [ 13, 8.25, 13.25, 8.375 ], "texture": "#0" }
    }
},
{

    "from": [ 8.625, 6.5, 2.75 ],
    "to": [ 9, 6.75, 3 ],
    "faces": {
        "down":  { "uv": [ 7.375, 3, 7, 2.75 ], "texture": "#0" },
        "up":    { "uv": [ 8.625, 2.75, 9, 3 ], "texture": "#0" },
        "north": { "uv": [ 7, 9.25, 7.375, 9.5 ], "texture": "#0" },
        "south": { "uv": [ 8.625, 9.25, 9, 9.5 ], "texture": "#0" },
        "west":  { "uv": [ 2.75, 9.25, 3, 9.5 ], "texture": "#0" },
        "east":  { "uv": [ 13, 9.25, 13.25, 9.5 ], "texture": "#0" }
    }
},
{

    "from": [ 8.75, 6.125, 2.75 ],
    "to": [ 9.125, 6.5, 3 ],
    "faces": {
        "down":  { "uv": [ 7.25, 3, 6.875, 2.75 ], "texture": "#0" },
        "up":    { "uv": [ 8.75, 2.75, 9.125, 3 ], "texture": "#0" },
        "north": { "uv": [ 6.875, 9.5, 7.25, 9.875 ], "texture": "#0" },
        "south": { "uv": [ 8.75, 9.5, 9.125, 9.875 ], "texture": "#0" },
        "west":  { "uv": [ 2.75, 9.5, 3, 9.875 ], "texture": "#0" },
        "east":  { "uv": [ 13, 9.5, 13.25, 9.875 ], "texture": "#0" }
    }
},
{

    "from": [ 8.75, 7, 2.75 ],
    "to": [ 8.875, 7.125, 3 ],
    "faces": {
        "down":  { "uv": [ 7.25, 3, 7.125, 2.75 ], "texture": "#0" },
        "up":    { "uv": [ 8.75, 2.75, 8.875, 3 ], "texture": "#0" },
        "north": { "uv": [ 7.125, 8.875, 7.25, 9 ], "texture": "#0" },
        "south": { "uv": [ 8.75, 8.875, 8.875, 9 ], "texture": "#0" },
        "west":  { "uv": [ 2.75, 8.875, 3, 9 ], "texture": "#0" },
        "east":  { "uv": [ 13, 8.875, 13.25, 9 ], "texture": "#0" }
    }
},
{

    "from": [ 8.875, 5.875, 2.75 ],
    "to": [ 9.25, 6.125, 3 ],
    "faces": {
        "down":  { "uv": [ 7.125, 3, 6.75, 2.75 ], "texture": "#0" },
        "up":    { "uv": [ 8.875, 2.75, 9.25, 3 ], "texture": "#0" },
        "north": { "uv": [ 6.75, 9.875, 7.125, 10.125 ], "texture": "#0" },
        "south": { "uv": [ 8.875, 9.875, 9.25, 10.125 ], "texture": "#0" },
        "west":  { "uv": [ 2.75, 9.875, 3, 10.125 ], "texture": "#0" },
        "east":  { "uv": [ 13, 9.875, 13.25, 10.125 ], "texture": "#0" }
    }
},
{

    "from": [ 8.875, 6.75, 2.75 ],
    "to": [ 9, 6.875, 3 ],
    "faces": {
        "down":  { "uv": [ 7.125, 3, 7, 2.75 ], "texture": "#0" },
        "up":    { "uv": [ 8.875, 2.75, 9, 3 ], "texture": "#0" },
        "north": { "uv": [ 7, 9.125, 7.125, 9.25 ], "texture": "#0" },
        "south": { "uv": [ 8.875, 9.125, 9, 9.25 ], "texture": "#0" },
        "west":  { "uv": [ 2.75, 9.125, 3, 9.25 ], "texture": "#0" },
        "east":  { "uv": [ 13, 9.125, 13.25, 9.25 ], "texture": "#0" }
    }
},
{

    "from": [ 9, 5.75, 2.75 ],
    "to": [ 9.25, 5.875, 3 ],
    "faces": {
        "down":  { "uv": [ 7, 3, 6.75, 2.75 ], "texture": "#0" },
        "up":    { "uv": [ 9, 2.75, 9.25, 3 ], "texture": "#0" },
        "north": { "uv": [ 6.75, 10.125, 7, 10.25 ], "texture": "#0" },
        "south": { "uv": [ 9, 10.125, 9.25, 10.25 ], "texture": "#0" },
        "west":  { "uv": [ 2.75, 10.125, 3, 10.25 ], "texture": "#0" },
        "east":  { "uv": [ 13, 10.125, 13.25, 10.25 ], "texture": "#0" }
    }
},
{

    "from": [ 9.125, 6.125, 2.75 ],
    "to": [ 9.25, 6.25, 3 ],
    "faces": {
        "down":  { "uv": [ 6.875, 3, 6.75, 2.75 ], "texture": "#0" },
        "up":    { "uv": [ 9.125, 2.75, 9.25, 3 ], "texture": "#0" },
        "north": { "uv": [ 6.75, 9.75, 6.875, 9.875 ], "texture": "#0" },
        "south": { "uv": [ 9.125, 9.75, 9.25, 9.875 ], "texture": "#0" },
        "west":  { "uv": [ 2.75, 9.75, 3, 9.875 ], "texture": "#0" },
        "east":  { "uv": [ 13, 9.75, 13.25, 9.875 ], "texture": "#0" }
    }
}
],
"display": {
    "thirdperson": {
        "rotation": [ 79, 0, -180 ],
        "translation": [ 0, 1.8, -2.5 ],
        "scale": [ 1.5, 1.5, 1.5 ]
    },
    "ground": {
        "rotation": [ 0, 0, 0 ],
        "translation": [ 0, 0, 0 ],
        "scale": [ 4, 4, 4 ]
    },
    "fixed": {
        "rotation": [ 0, 89, 0 ],
        "translation": [ 0, 0, 0 ],
        "scale": [ 2, 2, 2 ]
    },
    "firstperson": {
        "rotation": [ 3, -46, 4 ],
        "translation": [ -0.1, 4, -1.8 ],
        "scale": [ 4, 4, 4 ]
    },
    "gui": {
        "rotation": [ 37, -156, -27 ],
        "translation": [ 0.4, 0.2, 0.8 ],
        "scale": [ 2, 2, 1.8 ]
    }
}
}